source_sha256,condition,provisional_unit,event_index,calendar_date_raw,start_clock_raw,finish_clock_raw,elapsed_like_raw,raw_slot_count,eligible_nonempty_count,quarantined_count,structural_empty_count,nonempty_pair_count,raw_order_chronological,sorted_order_raw_indices,acquisition_tie_count,finish_candidate_inferred,causal_availability_status,causal_availability_reason,status
dc6d527433c6ce1ec5388b1a6a6c66b5601bbf695ba7ecefd80029b98dfa18db,ES10,ES10C1,0,9/29/2014,,,0,20,20,0,0,20,false,"[6,7,8,9,10,11,12,13,14,0,1,2,3,4,5,15,16,17,18,19]",0,2014-09-29T12:32:32.893600,BLOCKED,saved_finish_absent_start_plus_max_time_only_inferred,passed
dc6d527433c6ce1ec5388b1a6a6c66b5601bbf695ba7ecefd80029b98dfa18db,ES10,ES10C1,1,9/30/2014,,,0,5,5,0,0,5,true,"[0,1,2,3,4]",0,2014-09-30T10:37:33.674600,BLOCKED,saved_finish_absent_start_plus_max_time_only_inferred,passed
dc6d527433c6ce1ec5388b1a6a6c66b5601bbf695ba7ecefd80029b98dfa18db,ES10,ES10C1,2,10/1/2014,10:00 AM,12:00 PM,2,5,5,0,0,5,true,"[0,1,2,3,4]",0,2014-10-01T12:55:37.751500,BLOCKED,saved_finish_absent_start_plus_max_time_only_inferred,passed
dc6d527433c6ce1ec5388b1a6a6c66b5601bbf695ba7ecefd80029b98dfa18db,ES10,ES10C1,3,10/2/2014,4:00 PM,1:00 PM,23,5,5,0,0,5,true,"[0,1,2,3,4]",0,2014-10-02T14:08:50.719600,BLOCKED,saved_finish_absent_start_plus_max_time_only_inferred,passed
dc6d527433c6ce1ec5388b1a6a6c66b5601bbf695ba7ecefd80029b98dfa18db,ES10,ES10C1,4,10/3/2014,4:00 PM,7:20 AM,38.3333,6,6,0,0,6,false,"[0,1,2,3,5,4]",0,2014-10-03T08:24:14.112600,BLOCKED,saved_finish_absent_start_plus_max_time_only_inferred,passed
dc6d527433c6ce1ec5388b1a6a6c66b5601bbf695ba7ecefd80029b98dfa18db,ES10,ES10C1,5,10/3/2014,10:20 AM,12:00 PM,40,5,5,0,0,5,true,"[0,1,2,3,4]",0,2014-10-03T12:47:40.675600,BLOCKED,saved_finish_absent_start_plus_max_time_only_inferred,passed
dc6d527433c6ce1ec5388b1a6a6c66b5601bbf695ba7ecefd80029b98dfa18db,ES10,ES10C1,6,10/6/2014,2:25 PM,7:25 AM,105,5,5,0,0,5,true,"[0,1,2,3,4]",0,2014-10-06T08:17:41.917500,BLOCKED,saved_finish_absent_start_plus_max_time_only_inferred,passed
dc6d527433c6ce1ec5388b1a6a6c66b5601bbf695ba7ecefd80029b98dfa18db,ES10,ES10C1,7,10/6/2014,9:40 AM,12:40 PM,108,5,5,0,0,5,true,"[0,1,2,3,4]",0,2014-10-06T13:25:11.654500,BLOCKED,saved_finish_absent_start_plus_max_time_only_inferred,passed
dc6d527433c6ce1ec5388b1a6a6c66b5601bbf695ba7ecefd80029b98dfa18db,ES10,ES10C1,8,10/7/2014,2:55 PM,7:55 AM,125,5,5,0,0,5,true,"[0,1,2,3,4]",0,2014-10-07T08:22:42.712600,BLOCKED,saved_finish_absent_start_plus_max_time_only_inferred,passed
dc6d527433c6ce1ec5388b1a6a6c66b5601bbf695ba7ecefd80029b98dfa18db,ES10,ES10C1,9,10/7/2014,9:45 AM,12:45 PM,128,5,5,0,0,5,true,"[0,1,2,3,4]",0,2014-10-07T13:16:17.680500,BLOCKED,saved_finish_absent_start_plus_max_time_only_inferred,passed
dc6d527433c6ce1ec5388b1a6a6c66b5601bbf695ba7ecefd80029b98dfa18db,ES10,ES10C1,10,10/8/2014,3:00 PM,9:00 AM,146,6,6,0,0,6,true,"[0,1,2,3,4,5]",0,2014-10-08T10:00:08.253500,BLOCKED,saved_finish_absent_start_plus_max_time_only_inferred,passed
dc6d527433c6ce1ec5388b1a6a6c66b5601bbf695ba7ecefd80029b98dfa18db,ES10,ES10C1,11,10/9/2014,11:30 AM,7:30 AM,166,5,5,0,0,5,true,"[0,1,2,3,4]",0,2014-10-09T08:13:38.675500,BLOCKED,saved_finish_absent_start_plus_max_time_only_inferred,passed
dc6d527433c6ce1ec5388b1a6a6c66b5601bbf695ba7ecefd80029b98dfa18db,ES10,ES10C1,12,10/10/2014,9:40 AM,7:40 AM,188,5,5,0,0,5,true,"[0,1,2,3,4]",0,2014-10-10T08:30:11.651600,BLOCKED,saved_finish_absent_start_plus_max_time_only_inferred,passed
dc6d527433c6ce1ec5388b1a6a6c66b5601bbf695ba7ecefd80029b98dfa18db,ES10,ES10C1,13,10/10/2014,10:15 AM,2:15 PM,192,5,5,0,0,5,true,"[0,1,2,3,4]",0,2014-10-10T15:03:37.389500,BLOCKED,saved_finish_absent_start_plus_max_time_only_inferred,passed
dc6d527433c6ce1ec5388b1a6a6c66b5601bbf695ba7ecefd80029b98dfa18db,ES10,ES10C1,14,10/13/2014,4:25 PM,11:25 AM,259,5,5,0,0,5,true,"[0,1,2,3,4]",0,2014-10-13T11:44:31.253600,BLOCKED,saved_finish_absent_start_plus_max_time_only_inferred,passed
dc6d527433c6ce1ec5388b1a6a6c66b5601bbf695ba7ecefd80029b98dfa18db,ES10,ES10C1,15,10/14/2014,1:45 PM,7:45 AM,277,5,5,0,0,5,true,"[0,1,2,3,4]",0,2014-10-14T08:44:08.678600,BLOCKED,saved_finish_absent_start_plus_max_time_only_inferred,passed
dc6d527433c6ce1ec5388b1a6a6c66b5601bbf695ba7ecefd80029b98dfa18db,ES10,ES10C1,16,10/14/2014,10:30 AM,12:30 PM,279,5,5,0,0,5,true,"[0,1,2,3,4]",0,2014-10-14T13:00:28.937500,BLOCKED,saved_finish_absent_start_plus_max_time_only_inferred,passed
dc6d527433c6ce1ec5388b1a6a6c66b5601bbf695ba7ecefd80029b98dfa18db,ES10,ES10C1,17,10/15/2014,2:50 PM,8:30 AM,296.66,5,5,0,0,5,true,"[0,1,2,3,4]",0,2014-10-15T09:12:39.538500,BLOCKED,saved_finish_absent_start_plus_max_time_only_inferred,passed
dc6d527433c6ce1ec5388b1a6a6c66b5601bbf695ba7ecefd80029b98dfa18db,ES10,ES10C1,18,10/16/2014,10:40 AM,7:00 AM,317,5,5,0,0,5,true,"[0,1,2,3,4]",0,2014-10-16T07:52:30.599500,BLOCKED,saved_finish_absent_start_plus_max_time_only_inferred,passed
dc6d527433c6ce1ec5388b1a6a6c66b5601bbf695ba7ecefd80029b98dfa18db,ES10,ES10C1,19,10/17/2014,10:00 AM,9:00 AM,352,5,5,0,0,5,true,"[0,1,2,3,4]",0,2014-10-17T09:31:54.254600,BLOCKED,saved_finish_absent_start_plus_max_time_only_inferred,passed
dc6d527433c6ce1ec5388b1a6a6c66b5601bbf695ba7ecefd80029b98dfa18db,ES10,ES10C1,20,10/17/2014,11:30 AM,2:30 PM,355,5,5,0,0,5,true,"[0,1,2,3,4]",0,2014-10-17T15:31:24.311500,BLOCKED,saved_finish_absent_start_plus_max_time_only_inferred,passed
dc6d527433c6ce1ec5388b1a6a6c66b5601bbf695ba7ecefd80029b98dfa18db,ES10,ES10C1,21,10/20/2014,4:30 PM,9:00 AM,419.5,5,5,0,0,5,true,"[0,1,2,3,4]",0,2014-10-20T09:31:12.231600,BLOCKED,saved_finish_absent_start_plus_max_time_only_inferred,passed
dc6d527433c6ce1ec5388b1a6a6c66b5601bbf695ba7ecefd80029b98dfa18db,ES10,ES10C1,22,10/20/2014,11:15 AM,1:45 PM,422,5,5,0,0,5,true,"[0,1,2,3,4]",0,2014-10-20T14:24:52.059500,BLOCKED,saved_finish_absent_start_plus_max_time_only_inferred,passed
dc6d527433c6ce1ec5388b1a6a6c66b5601bbf695ba7ecefd80029b98dfa18db,ES10,ES10C1,23,10/21/2014,4:00 PM,7:00 AM,437,5,5,0,0,5,true,"[0,1,2,3,4]",0,2014-10-21T07:59:28.172600,BLOCKED,saved_finish_absent_start_plus_max_time_only_inferred,passed
dc6d527433c6ce1ec5388b1a6a6c66b5601bbf695ba7ecefd80029b98dfa18db,ES10,ES10C1,24,10/21/2014,10:00 AM,3:00 PM,442,5,5,0,0,5,true,"[0,1,2,3,4]",0,2014-10-21T15:34:57.058500,BLOCKED,saved_finish_absent_start_plus_max_time_only_inferred,passed
dc6d527433c6ce1ec5388b1a6a6c66b5601bbf695ba7ecefd80029b98dfa18db,ES10,ES10C1,25,10/22/2014,5:15 PM,7:15 AM,456,5,5,0,0,5,true,"[0,1,2,3,4]",0,2014-10-22T07:55:58.190500,BLOCKED,saved_finish_absent_start_plus_max_time_only_inferred,passed
dc6d527433c6ce1ec5388b1a6a6c66b5601bbf695ba7ecefd80029b98dfa18db,ES10,ES10C1,26,10/23/2014,4:40 PM,9:10 AM,472.5,5,5,0,0,5,true,"[0,1,2,3,4]",0,2014-10-23T09:55:01.905600,BLOCKED,saved_finish_absent_start_plus_max_time_only_inferred,passed
dc6d527433c6ce1ec5388b1a6a6c66b5601bbf695ba7ecefd80029b98dfa18db,ES10,ES10C1,27,10/24/2014,11:45 AM,9:15 AM,494,5,5,0,0,5,true,"[0,1,2,3,4]",0,2014-10-24T09:56:42.200600,BLOCKED,saved_finish_absent_start_plus_max_time_only_inferred,passed
dc6d527433c6ce1ec5388b1a6a6c66b5601bbf695ba7ecefd80029b98dfa18db,ES10,ES10C1,28,10/24/2014,12:10 PM,2:10 PM,496,5,5,0,0,5,true,"[0,1,2,3,4]",0,2014-10-24T14:51:03.146600,BLOCKED,saved_finish_absent_start_plus_max_time_only_inferred,passed
dc6d527433c6ce1ec5388b1a6a6c66b5601bbf695ba7ecefd80029b98dfa18db,ES10,ES10C1,29,10/27/2014,4:30 PM,8:30 AM,560,5,5,0,0,5,true,"[0,1,2,3,4]",0,2014-10-27T09:08:34.059600,BLOCKED,saved_finish_absent_start_plus_max_time_only_inferred,passed
dc6d527433c6ce1ec5388b1a6a6c66b5601bbf695ba7ecefd80029b98dfa18db,ES10,ES10C1,30,10/27/2014,11:35 AM,1:35 PM,562,5,5,0,0,5,true,"[0,1,2,3,4]",0,2014-10-27T14:04:21.061600,BLOCKED,saved_finish_absent_start_plus_max_time_only_inferred,passed
dc6d527433c6ce1ec5388b1a6a6c66b5601bbf695ba7ecefd80029b98dfa18db,ES10,ES10C1,31,10/28/2014,3:45 PM,8:15 AM,578.5,5,5,0,0,5,true,"[0,1,2,3,4]",0,2014-10-28T08:56:22.057600,BLOCKED,saved_finish_absent_start_plus_max_time_only_inferred,passed
dc6d527433c6ce1ec5388b1a6a6c66b5601bbf695ba7ecefd80029b98dfa18db,ES10,ES10C1,32,10/29/2014,12:15 PM,7:15 AM,597.5,5,5,0,0,5,true,"[0,1,2,3,4]",0,2014-10-29T07:51:47.057600,BLOCKED,saved_finish_absent_start_plus_max_time_only_inferred,passed
dc6d527433c6ce1ec5388b1a6a6c66b5601bbf695ba7ecefd80029b98dfa18db,ES10,ES10C1,33,10/29/2014,9:20 AM,1:50 PM,602,5,5,0,0,5,true,"[0,1,2,3,4]",0,2014-10-29T14:51:51.982500,BLOCKED,saved_finish_absent_start_plus_max_time_only_inferred,passed
dc6d527433c6ce1ec5388b1a6a6c66b5601bbf695ba7ecefd80029b98dfa18db,ES10,ES10C1,34,10/30/2014,4:15 PM,9:15 AM,619,5,5,0,0,5,true,"[0,1,2,3,4]",0,2014-10-30T09:53:01.059600,BLOCKED,saved_finish_absent_start_plus_max_time_only_inferred,passed
dc6d527433c6ce1ec5388b1a6a6c66b5601bbf695ba7ecefd80029b98dfa18db,ES10,ES10C1,35,10/30/2014,11:25 AM,3:25 PM,623,5,5,0,0,5,true,"[0,1,2,3,4]",0,2014-10-30T16:14:37.927600,BLOCKED,saved_finish_absent_start_plus_max_time_only_inferred,passed
dc6d527433c6ce1ec5388b1a6a6c66b5601bbf695ba7ecefd80029b98dfa18db,ES10,ES10C1,36,10/31/2014,6:05 PM,9:15 AM,650.25,5,5,0,0,5,true,"[0,1,2,3,4]",0,2014-10-31T10:00:31.927600,BLOCKED,saved_finish_absent_start_plus_max_time_only_inferred,passed
dc6d527433c6ce1ec5388b1a6a6c66b5601bbf695ba7ecefd80029b98dfa18db,ES10,ES10C1,37,11/3/2014,11:45 AM,8:30 AM,719,5,5,0,0,5,true,"[0,1,2,3,4]",0,2014-11-03T09:04:54.252600,BLOCKED,saved_finish_absent_start_plus_max_time_only_inferred,passed
dc6d527433c6ce1ec5388b1a6a6c66b5601bbf695ba7ecefd80029b98dfa18db,ES10,ES10C1,38,11/4/2014,10:30 AM,8:00 AM,740.5,5,5,0,0,5,true,"[0,1,2,3,4]",0,2014-11-04T08:43:27.279500,BLOCKED,saved_finish_absent_start_plus_max_time_only_inferred,passed
dc6d527433c6ce1ec5388b1a6a6c66b5601bbf695ba7ecefd80029b98dfa18db,ES10,ES10C1,39,11/5/2014,2:30 PM,9:00 AM,759,5,5,0,0,5,true,"[0,1,2,3,4]",0,2014-11-05T12:55:56.149600,BLOCKED,saved_finish_absent_start_plus_max_time_only_inferred,passed
dc6d527433c6ce1ec5388b1a6a6c66b5601bbf695ba7ecefd80029b98dfa18db,ES10,ES10C1,40,11/6/2014,3:45 PM,8:15 AM,775.5,5,5,0,0,5,true,"[0,1,2,3,4]",0,2014-11-06T08:53:20.291600,BLOCKED,saved_finish_absent_start_plus_max_time_only_inferred,passed
dc6d527433c6ce1ec5388b1a6a6c66b5601bbf695ba7ecefd80029b98dfa18db,ES10,ES10C1,41,11/6/2014,10:40 AM,2:20 PM,779,5,5,0,0,5,true,"[0,1,2,3,4]",0,2014-11-06T14:57:00.719600,BLOCKED,saved_finish_absent_start_plus_max_time_only_inferred,passed
dc6d527433c6ce1ec5388b1a6a6c66b5601bbf695ba7ecefd80029b98dfa18db,ES10,ES10C1,42,11/7/2014,5:00 PM,1:00 PM,799,5,5,0,0,5,true,"[0,1,2,3,4]",0,2014-11-07T14:20:31.753600,BLOCKED,saved_finish_absent_start_plus_max_time_only_inferred,passed
dc6d527433c6ce1ec5388b1a6a6c66b5601bbf695ba7ecefd80029b98dfa18db,ES10,ES10C1,43,11/10/2014,10:00 AM,1:00 PM,802,5,5,0,0,5,true,"[0,1,2,3,4]",0,2014-11-10T13:40:13.715600,BLOCKED,saved_finish_absent_start_plus_max_time_only_inferred,passed
dc6d527433c6ce1ec5388b1a6a6c66b5601bbf695ba7ecefd80029b98dfa18db,ES10,ES10C1,44,11/12/2014,3:30 PM,9:00 AM,843.5,5,5,0,0,5,true,"[0,1,2,3,4]",0,2014-11-12T10:00:28.751500,BLOCKED,saved_finish_absent_start_plus_max_time_only_inferred,passed
dc6d527433c6ce1ec5388b1a6a6c66b5601bbf695ba7ecefd80029b98dfa18db,ES10,ES10C1,45,11/12/2014,12:00 PM,4:30 PM,848,5,5,0,0,5,true,"[0,1,2,3,4]",0,2014-11-12T17:14:34.717500,BLOCKED,saved_finish_absent_start_plus_max_time_only_inferred,passed
dc6d527433c6ce1ec5388b1a6a6c66b5601bbf695ba7ecefd80029b98dfa18db,ES10,ES10C1,46,11/13/2014,7:00 PM,8:00 AM,861,5,5,0,0,5,true,"[0,1,2,3,4]",0,2014-11-13T08:35:27.674600,BLOCKED,saved_finish_absent_start_plus_max_time_only_inferred,passed
dc6d527433c6ce1ec5388b1a6a6c66b5601bbf695ba7ecefd80029b98dfa18db,ES10,ES10C1,47,11/13/2014,10:00 AM,2:00 PM,865,5,5,0,0,5,true,"[0,1,2,3,4]",0,2014-11-13T14:41:22.717500,BLOCKED,saved_finish_absent_start_plus_max_time_only_inferred,passed
dc6d527433c6ce1ec5388b1a6a6c66b5601bbf695ba7ecefd80029b98dfa18db,ES10,ES10C1,48,11/14/2014,4:45 PM,2:15 PM,886.5,5,5,0,0,5,true,"[0,1,2,3,4]",0,2014-11-14T15:03:43.746500,BLOCKED,saved_finish_absent_start_plus_max_time_only_inferred,passed
dc6d527433c6ce1ec5388b1a6a6c66b5601bbf695ba7ecefd80029b98dfa18db,ES10,ES10C1,49,11/17/2014,5:00 PM,10:00 AM,951.5,6,6,0,0,6,true,"[0,1,2,3,4,5]",0,2014-11-17T10:41:25.718500,BLOCKED,saved_finish_absent_start_plus_max_time_only_inferred,passed
dc6d527433c6ce1ec5388b1a6a6c66b5601bbf695ba7ecefd80029b98dfa18db,ES10,ES10C1,50,11/17/2014,12:30 PM,2:00 PM,953,5,5,0,0,5,true,"[0,1,2,3,4]",0,2014-11-17T14:21:43.805600,BLOCKED,saved_finish_absent_start_plus_max_time_only_inferred,passed
dc6d527433c6ce1ec5388b1a6a6c66b5601bbf695ba7ecefd80029b98dfa18db,ES10,ES10C1,51,11/18/2014,4:15 PM,9:15 AM,970,5,5,0,0,5,true,"[0,1,2,3,4]",0,2014-11-18T09:50:13.673500,BLOCKED,saved_finish_absent_start_plus_max_time_only_inferred,passed
dc6d527433c6ce1ec5388b1a6a6c66b5601bbf695ba7ecefd80029b98dfa18db,ES10,ES10C1,52,11/18/2014,11:15 AM,1:15 PM,972,5,5,0,0,5,true,"[0,1,2,3,4]",0,2014-11-18T14:15:34.519500,BLOCKED,saved_finish_absent_start_plus_max_time_only_inferred,passed
dc6d527433c6ce1ec5388b1a6a6c66b5601bbf695ba7ecefd80029b98dfa18db,ES10,ES10C1,53,11/19/2014,3:45 PM,10:15 AM,990.5,5,5,0,0,5,true,"[0,1,2,3,4]",0,2014-11-19T11:00:28.651500,BLOCKED,saved_finish_absent_start_plus_max_time_only_inferred,passed
dc6d527433c6ce1ec5388b1a6a6c66b5601bbf695ba7ecefd80029b98dfa18db,ES10,ES10C1,54,11/20/2014,2:00 PM,9:30 AM,1010,5,5,0,0,5,true,"[0,1,2,3,4]",0,2014-11-20T10:46:16.676500,BLOCKED,saved_finish_absent_start_plus_max_time_only_inferred,passed
dc6d527433c6ce1ec5388b1a6a6c66b5601bbf695ba7ecefd80029b98dfa18db,ES10,ES10C1,55,11/21/2014,3:00 PM,10:00 AM,1029,5,5,0,0,5,true,"[0,1,2,3,4]",0,2014-11-21T10:51:55.752600,BLOCKED,saved_finish_absent_start_plus_max_time_only_inferred,passed
dc6d527433c6ce1ec5388b1a6a6c66b5601bbf695ba7ecefd80029b98dfa18db,ES10,ES10C1,56,11/24/2014,2:00 PM,9:30 AM,1096.5,5,5,0,0,5,true,"[0,1,2,3,4]",0,2014-11-24T10:03:09.673500,BLOCKED,saved_finish_absent_start_plus_max_time_only_inferred,passed
dc6d527433c6ce1ec5388b1a6a6c66b5601bbf695ba7ecefd80029b98dfa18db,ES10,ES10C1,57,11/25/2014,11:30 AM,3:00 PM,1124,6,6,0,0,6,true,"[0,1,2,3,4,5]",0,2014-11-25T16:20:53.677600,BLOCKED,saved_finish_absent_start_plus_max_time_only_inferred,passed
dc6d527433c6ce1ec5388b1a6a6c66b5601bbf695ba7ecefd80029b98dfa18db,ES10,ES10C1,58,11/26/2014,7:15 PM,10:45 AM,1140.5,5,5,0,0,5,true,"[0,1,2,3,4]",0,2014-11-26T11:20:24.938500,BLOCKED,saved_finish_absent_start_plus_max_time_only_inferred,passed
dc6d527433c6ce1ec5388b1a6a6c66b5601bbf695ba7ecefd80029b98dfa18db,ES10,ES10C1,59,12/1/2014,2:15 PM,10:45 AM,1257,5,5,0,0,5,true,"[0,1,2,3,4]",0,2014-12-01T11:12:28.391500,BLOCKED,saved_finish_absent_start_plus_max_time_only_inferred,passed
dc6d527433c6ce1ec5388b1a6a6c66b5601bbf695ba7ecefd80029b98dfa18db,ES10,ES10C1,60,12/1/2014,1:20 PM,2:20 PM,1258,5,5,0,0,5,true,"[0,1,2,3,4]",0,2014-12-01T14:53:39.255500,BLOCKED,saved_finish_absent_start_plus_max_time_only_inferred,passed
dc6d527433c6ce1ec5388b1a6a6c66b5601bbf695ba7ecefd80029b98dfa18db,ES10,ES10C1,61,12/3/2014,5:30 PM,10:30 AM,1299,5,5,0,0,5,true,"[0,1,2,3,4]",0,2014-12-03T11:14:19.412500,BLOCKED,saved_finish_absent_start_plus_max_time_only_inferred,passed
dc6d527433c6ce1ec5388b1a6a6c66b5601bbf695ba7ecefd80029b98dfa18db,ES10,ES10C1,62,12/3/2014,1:15 PM,2:45 PM,1300.5,5,5,0,0,5,true,"[0,1,2,3,4]",0,2014-12-03T15:12:03.387600,BLOCKED,saved_finish_absent_start_plus_max_time_only_inferred,passed
dc6d527433c6ce1ec5388b1a6a6c66b5601bbf695ba7ecefd80029b98dfa18db,ES10,ES10C1,63,12/4/2014,4:30 PM,9:30 AM,1317.5,5,5,0,0,5,true,"[0,1,2,3,4]",0,2014-12-04T10:23:30.670600,BLOCKED,saved_finish_absent_start_plus_max_time_only_inferred,passed
dc6d527433c6ce1ec5388b1a6a6c66b5601bbf695ba7ecefd80029b98dfa18db,ES10,ES10C1,64,12/5/2014,11:45 AM,10:15 AM,1341,5,5,0,0,5,true,"[0,1,2,3,4]",0,2014-12-05T10:46:47.258600,BLOCKED,saved_finish_absent_start_plus_max_time_only_inferred,passed
dc6d527433c6ce1ec5388b1a6a6c66b5601bbf695ba7ecefd80029b98dfa18db,ES10,ES10C1,65,12/8/2014,2:25 PM,9:25 AM,1408,5,5,0,0,5,true,"[0,1,2,3,4]",0,2014-12-08T10:06:58.389500,BLOCKED,saved_finish_absent_start_plus_max_time_only_inferred,passed
dc6d527433c6ce1ec5388b1a6a6c66b5601bbf695ba7ecefd80029b98dfa18db,ES10,ES10C1,66,12/10/2014,1:15 PM,1:45 PM,1456.5,5,5,0,0,5,true,"[0,1,2,3,4]",0,2014-12-10T14:25:15.386600,BLOCKED,saved_finish_absent_start_plus_max_time_only_inferred,passed
dc6d527433c6ce1ec5388b1a6a6c66b5601bbf695ba7ecefd80029b98dfa18db,ES10,ES10C1,67,12/16/2014,4:05 PM,9:35 AM,1594,5,5,0,0,5,true,"[0,1,2,3,4]",0,2014-12-16T10:24:09.386500,BLOCKED,saved_finish_absent_start_plus_max_time_only_inferred,passed
dc6d527433c6ce1ec5388b1a6a6c66b5601bbf695ba7ecefd80029b98dfa18db,ES10,ES10C1,68,2/17/2015,3:00 PM,4:30 PM,3063,5,5,0,0,5,true,"[0,1,2,3,4]",0,2015-02-17T14:22:57.476500,BLOCKED,saved_finish_absent_start_plus_max_time_only_inferred,passed
dc6d527433c6ce1ec5388b1a6a6c66b5601bbf695ba7ecefd80029b98dfa18db,ES10,ES10C1,69,04/20/2015,3:30 PM,6:30 PM,4551,10,5,0,5,5,true,"[1,3,5,7,9]",0,2015-04-20T16:02:01.280600,BLOCKED,saved_finish_absent_start_plus_max_time_only_inferred,passed
dc6d527433c6ce1ec5388b1a6a6c66b5601bbf695ba7ecefd80029b98dfa18db,ES10,ES10C1,70,04/28/2015,11:30 AM,2:00 PM,4748,10,5,0,5,5,true,"[1,3,5,7,9]",0,2015-04-28T12:16:02.258600,BLOCKED,saved_finish_absent_start_plus_max_time_only_inferred,passed
dc6d527433c6ce1ec5388b1a6a6c66b5601bbf695ba7ecefd80029b98dfa18db,ES10,ES10C1,71,05/04/2015,1:30 PM,4:30 PM,4891.5,10,5,0,5,5,true,"[1,3,5,7,9]",0,2015-05-04T14:16:14.951500,BLOCKED,saved_finish_absent_start_plus_max_time_only_inferred,passed
dc6d527433c6ce1ec5388b1a6a6c66b5601bbf695ba7ecefd80029b98dfa18db,ES10,ES10C1,72,05/13/2015,2:00 PM,2:00 PM,5105.5,10,5,0,5,5,true,"[1,3,5,7,9]",0,2015-05-13T14:39:12.806500,BLOCKED,saved_finish_absent_start_plus_max_time_only_inferred,passed
dc6d527433c6ce1ec5388b1a6a6c66b5601bbf695ba7ecefd80029b98dfa18db,ES10,ES10C2,0,9/29/2014,,,0,5,5,0,0,5,true,"[0,1,2,3,4]",0,2014-09-29T12:47:36.673500,BLOCKED,saved_finish_absent_start_plus_max_time_only_inferred,passed
dc6d527433c6ce1ec5388b1a6a6c66b5601bbf695ba7ecefd80029b98dfa18db,ES10,ES10C2,1,9/30/2014,,,0,5,5,0,0,5,true,"[0,1,2,3,4]",0,2014-09-30T10:46:16.669500,BLOCKED,saved_finish_absent_start_plus_max_time_only_inferred,passed
dc6d527433c6ce1ec5388b1a6a6c66b5601bbf695ba7ecefd80029b98dfa18db,ES10,ES10C2,2,10/1/2014,10:00 AM,12:00 PM,2,5,5,0,0,5,true,"[0,1,2,3,4]",0,2014-10-01T13:10:20.062600,BLOCKED,saved_finish_absent_start_plus_max_time_only_inferred,passed
dc6d527433c6ce1ec5388b1a6a6c66b5601bbf695ba7ecefd80029b98dfa18db,ES10,ES10C2,3,10/2/2014,4:00 PM,1:00 PM,23,5,5,0,0,5,true,"[0,1,2,3,4]",0,2014-10-02T14:13:56.192500,BLOCKED,saved_finish_absent_start_plus_max_time_only_inferred,passed
dc6d527433c6ce1ec5388b1a6a6c66b5601bbf695ba7ecefd80029b98dfa18db,ES10,ES10C2,4,10/3/2014,4:00 PM,7:20 AM,38.3333,5,5,0,0,5,true,"[0,1,2,3,4]",0,2014-10-03T08:29:26.195600,BLOCKED,saved_finish_absent_start_plus_max_time_only_inferred,passed
dc6d527433c6ce1ec5388b1a6a6c66b5601bbf695ba7ecefd80029b98dfa18db,ES10,ES10C2,5,10/3/2014,10:20 AM,12:00 PM,40,5,5,0,0,5,true,"[0,1,2,3,4]",0,2014-10-03T12:51:57.056500,BLOCKED,saved_finish_absent_start_plus_max_time_only_inferred,passed
dc6d527433c6ce1ec5388b1a6a6c66b5601bbf695ba7ecefd80029b98dfa18db,ES10,ES10C2,6,10/6/2014,2:25 PM,7:25 AM,105,5,5,0,0,5,true,"[0,1,2,3,4]",0,2014-10-06T08:21:31.056500,BLOCKED,saved_finish_absent_start_plus_max_time_only_inferred,passed
dc6d527433c6ce1ec5388b1a6a6c66b5601bbf695ba7ecefd80029b98dfa18db,ES10,ES10C2,7,10/6/2014,9:40 AM,12:40 PM,108,5,5,0,0,5,true,"[0,1,2,3,4]",0,2014-10-06T13:28:53.057500,BLOCKED,saved_finish_absent_start_plus_max_time_only_inferred,passed
dc6d527433c6ce1ec5388b1a6a6c66b5601bbf695ba7ecefd80029b98dfa18db,ES10,ES10C2,8,10/7/2014,2:55 PM,7:55 AM,125,5,5,0,0,5,true,"[0,1,2,3,4]",0,2014-10-07T08:26:14.058600,BLOCKED,saved_finish_absent_start_plus_max_time_only_inferred,passed
dc6d527433c6ce1ec5388b1a6a6c66b5601bbf695ba7ecefd80029b98dfa18db,ES10,ES10C2,9,10/7/2014,9:45 AM,12:45 PM,128,5,5,0,0,5,true,"[0,1,2,3,4]",0,2014-10-07T13:20:22.058500,BLOCKED,saved_finish_absent_start_plus_max_time_only_inferred,passed
dc6d527433c6ce1ec5388b1a6a6c66b5601bbf695ba7ecefd80029b98dfa18db,ES10,ES10C2,10,10/8/2014,3:00 PM,9:00 AM,146,5,5,0,0,5,true,"[0,1,2,3,4]",0,2014-10-08T09:58:39.059500,BLOCKED,saved_finish_absent_start_plus_max_time_only_inferred,passed
dc6d527433c6ce1ec5388b1a6a6c66b5601bbf695ba7ecefd80029b98dfa18db,ES10,ES10C2,11,10/9/2014,11:30 AM,7:30 AM,166,5,5,0,0,5,true,"[0,1,2,3,4]",0,2014-10-09T08:17:49.283500,BLOCKED,saved_finish_absent_start_plus_max_time_only_inferred,passed
dc6d527433c6ce1ec5388b1a6a6c66b5601bbf695ba7ecefd80029b98dfa18db,ES10,ES10C2,12,10/10/2014,9:40 AM,7:40 AM,188,5,5,0,0,5,true,"[0,1,2,3,4]",0,2014-10-10T08:33:35.283500,BLOCKED,saved_finish_absent_start_plus_max_time_only_inferred,passed
dc6d527433c6ce1ec5388b1a6a6c66b5601bbf695ba7ecefd80029b98dfa18db,ES10,ES10C2,13,10/10/2014,10:15 AM,2:15 PM,192,5,5,0,0,5,true,"[0,1,2,3,4]",0,2014-10-10T15:07:35.148500,BLOCKED,saved_finish_absent_start_plus_max_time_only_inferred,passed
dc6d527433c6ce1ec5388b1a6a6c66b5601bbf695ba7ecefd80029b98dfa18db,ES10,ES10C2,14,10/13/2014,4:25 PM,11:25 AM,259,5,5,0,0,5,true,"[0,1,2,3,4]",0,2014-10-13T11:48:34.719500,BLOCKED,saved_finish_absent_start_plus_max_time_only_inferred,passed
dc6d527433c6ce1ec5388b1a6a6c66b5601bbf695ba7ecefd80029b98dfa18db,ES10,ES10C2,15,10/14/2014,1:45 PM,7:45 AM,277,5,5,0,0,5,true,"[0,1,2,3,4]",0,2014-10-14T08:48:15.062500,BLOCKED,saved_finish_absent_start_plus_max_time_only_inferred,passed
dc6d527433c6ce1ec5388b1a6a6c66b5601bbf695ba7ecefd80029b98dfa18db,ES10,ES10C2,16,10/14/2014,10:30 AM,12:30 PM,279,5,5,0,0,5,true,"[0,1,2,3,4]",0,2014-10-14T13:05:12.935500,BLOCKED,saved_finish_absent_start_plus_max_time_only_inferred,passed
dc6d527433c6ce1ec5388b1a6a6c66b5601bbf695ba7ecefd80029b98dfa18db,ES10,ES10C2,17,10/15/2014,2:50 PM,8:30 AM,296.66,5,5,0,0,5,true,"[0,1,2,3,4]",0,2014-10-15T09:16:28.551500,BLOCKED,saved_finish_absent_start_plus_max_time_only_inferred,passed
dc6d527433c6ce1ec5388b1a6a6c66b5601bbf695ba7ecefd80029b98dfa18db,ES10,ES10C2,18,10/16/2014,10:40 AM,7:00 AM,317,5,5,0,0,5,true,"[0,1,2,3,4]",0,2014-10-16T07:56:17.524600,BLOCKED,saved_finish_absent_start_plus_max_time_only_inferred,passed
dc6d527433c6ce1ec5388b1a6a6c66b5601bbf695ba7ecefd80029b98dfa18db,ES10,ES10C2,19,10/17/2014,10:00 AM,9:00 AM,352,5,5,0,0,5,true,"[0,1,2,3,4]",0,2014-10-17T09:36:31.526600,BLOCKED,saved_finish_absent_start_plus_max_time_only_inferred,passed
dc6d527433c6ce1ec5388b1a6a6c66b5601bbf695ba7ecefd80029b98dfa18db,ES10,ES10C2,20,10/17/2014,11:30 AM,2:30 PM,355,5,5,0,0,5,false,"[0,2,1,3,4]",0,2014-10-17T15:35:06.444600,BLOCKED,saved_finish_absent_start_plus_max_time_only_inferred,passed
dc6d527433c6ce1ec5388b1a6a6c66b5601bbf695ba7ecefd80029b98dfa18db,ES10,ES10C2,21,10/20/2014,4:30 PM,9:00 AM,419.5,5,5,0,0,5,true,"[0,1,2,3,4]",0,2014-10-20T09:34:55.331500,BLOCKED,saved_finish_absent_start_plus_max_time_only_inferred,passed
dc6d527433c6ce1ec5388b1a6a6c66b5601bbf695ba7ecefd80029b98dfa18db,ES10,ES10C2,22,10/20/2014,11:15 AM,1:45 PM,422,5,5,0,0,5,true,"[0,1,2,3,4]",0,2014-10-20T14:28:26.182600,BLOCKED,saved_finish_absent_start_plus_max_time_only_inferred,passed
dc6d527433c6ce1ec5388b1a6a6c66b5601bbf695ba7ecefd80029b98dfa18db,ES10,ES10C2,23,10/21/2014,4:00 PM,7:00 AM,437,5,5,0,0,5,true,"[0,1,2,3,4]",0,2014-10-21T08:03:07.212500,BLOCKED,saved_finish_absent_start_plus_max_time_only_inferred,passed
dc6d527433c6ce1ec5388b1a6a6c66b5601bbf695ba7ecefd80029b98dfa18db,ES10,ES10C2,24,10/21/2014,10:00 AM,3:00 PM,442,5,5,0,0,5,true,"[0,1,2,3,4]",0,2014-10-21T15:38:45.907600,BLOCKED,saved_finish_absent_start_plus_max_time_only_inferred,passed
dc6d527433c6ce1ec5388b1a6a6c66b5601bbf695ba7ecefd80029b98dfa18db,ES10,ES10C2,25,10/22/2014,5:15 PM,7:15 AM,456,5,5,0,0,5,true,"[0,1,2,3,4]",0,2014-10-22T07:59:34.122600,BLOCKED,saved_finish_absent_start_plus_max_time_only_inferred,passed
dc6d527433c6ce1ec5388b1a6a6c66b5601bbf695ba7ecefd80029b98dfa18db,ES10,ES10C2,26,10/23/2014,4:40 PM,9:10 AM,472.5,5,5,0,0,5,true,"[0,1,2,3,4]",0,2014-10-23T09:58:42.188500,BLOCKED,saved_finish_absent_start_plus_max_time_only_inferred,passed
dc6d527433c6ce1ec5388b1a6a6c66b5601bbf695ba7ecefd80029b98dfa18db,ES10,ES10C2,27,10/24/2014,11:45 AM,9:15 AM,494,5,5,0,0,5,true,"[0,1,2,3,4]",0,2014-10-24T10:00:09.061600,BLOCKED,saved_finish_absent_start_plus_max_time_only_inferred,passed
dc6d527433c6ce1ec5388b1a6a6c66b5601bbf695ba7ecefd80029b98dfa18db,ES10,ES10C2,28,10/24/2014,12:10 PM,2:10 PM,496,5,5,0,0,5,true,"[0,1,2,3,4]",0,2014-10-24T14:55:06.059600,BLOCKED,saved_finish_absent_start_plus_max_time_only_inferred,passed
dc6d527433c6ce1ec5388b1a6a6c66b5601bbf695ba7ecefd80029b98dfa18db,ES10,ES10C2,29,10/27/2014,4:30 PM,8:30 AM,560,5,5,0,0,5,true,"[0,1,2,3,4]",0,2014-10-27T09:11:54.199500,BLOCKED,saved_finish_absent_start_plus_max_time_only_inferred,passed
dc6d527433c6ce1ec5388b1a6a6c66b5601bbf695ba7ecefd80029b98dfa18db,ES10,ES10C2,30,10/27/2014,11:35 AM,1:35 PM,562,5,5,0,0,5,true,"[0,1,2,3,4]",0,2014-10-27T14:08:02.059600,BLOCKED,saved_finish_absent_start_plus_max_time_only_inferred,passed
dc6d527433c6ce1ec5388b1a6a6c66b5601bbf695ba7ecefd80029b98dfa18db,ES10,ES10C2,31,10/28/2014,3:45 PM,8:15 AM,578.5,5,5,0,0,5,true,"[0,1,2,3,4]",0,2014-10-28T09:31:33.059500,BLOCKED,saved_finish_absent_start_plus_max_time_only_inferred,passed
dc6d527433c6ce1ec5388b1a6a6c66b5601bbf695ba7ecefd80029b98dfa18db,ES10,ES10C2,32,10/29/2014,12:15 PM,7:15 AM,597.5,5,5,0,0,5,true,"[0,1,2,3,4]",0,2014-10-29T07:55:12.200500,BLOCKED,saved_finish_absent_start_plus_max_time_only_inferred,passed
dc6d527433c6ce1ec5388b1a6a6c66b5601bbf695ba7ecefd80029b98dfa18db,ES10,ES10C2,33,10/29/2014,9:20 AM,1:50 PM,602,5,5,0,0,5,true,"[0,1,2,3,4]",0,2014-10-29T14:56:31.197500,BLOCKED,saved_finish_absent_start_plus_max_time_only_inferred,passed
dc6d527433c6ce1ec5388b1a6a6c66b5601bbf695ba7ecefd80029b98dfa18db,ES10,ES10C2,34,10/30/2014,4:15 PM,9:15 AM,619,5,5,0,0,5,true,"[0,1,2,3,4]",0,2014-10-30T09:56:46.055500,BLOCKED,saved_finish_absent_start_plus_max_time_only_inferred,passed
dc6d527433c6ce1ec5388b1a6a6c66b5601bbf695ba7ecefd80029b98dfa18db,ES10,ES10C2,35,10/30/2014,11:25 AM,3:25 PM,623,5,5,0,0,5,false,"[0,2,1,3,4]",0,2014-10-30T16:17:59.059600,BLOCKED,saved_finish_absent_start_plus_max_time_only_inferred,passed
dc6d527433c6ce1ec5388b1a6a6c66b5601bbf695ba7ecefd80029b98dfa18db,ES10,ES10C2,36,10/31/2014,6:05 PM,9:15 AM,650.25,5,5,0,0,5,true,"[0,1,2,3,4]",0,2014-10-31T10:04:34.076500,BLOCKED,saved_finish_absent_start_plus_max_time_only_inferred,passed
dc6d527433c6ce1ec5388b1a6a6c66b5601bbf695ba7ecefd80029b98dfa18db,ES10,ES10C2,37,11/3/2014,11:45 AM,8:30 AM,719,5,5,0,0,5,true,"[0,1,2,3,4]",0,2014-11-03T09:08:50.907600,BLOCKED,saved_finish_absent_start_plus_max_time_only_inferred,passed
dc6d527433c6ce1ec5388b1a6a6c66b5601bbf695ba7ecefd80029b98dfa18db,ES10,ES10C2,38,11/4/2014,10:30 AM,8:00 AM,740.5,5,5,0,0,5,true,"[0,1,2,3,4]",0,2014-11-04T08:47:08.116500,BLOCKED,saved_finish_absent_start_plus_max_time_only_inferred,passed
dc6d527433c6ce1ec5388b1a6a6c66b5601bbf695ba7ecefd80029b98dfa18db,ES10,ES10C2,39,11/5/2014,2:30 PM,9:00 AM,759,5,5,0,0,5,true,"[0,1,2,3,4]",0,2014-11-05T12:59:18.153500,BLOCKED,saved_finish_absent_start_plus_max_time_only_inferred,passed
dc6d527433c6ce1ec5388b1a6a6c66b5601bbf695ba7ecefd80029b98dfa18db,ES10,ES10C2,40,11/6/2014,3:45 PM,8:15 AM,775.5,5,5,0,0,5,true,"[0,1,2,3,4]",0,2014-11-06T08:56:58.113600,BLOCKED,saved_finish_absent_start_plus_max_time_only_inferred,passed
dc6d527433c6ce1ec5388b1a6a6c66b5601bbf695ba7ecefd80029b98dfa18db,ES10,ES10C2,41,11/6/2014,10:40 AM,2:20 PM,779,5,5,0,0,5,true,"[0,1,2,3,4]",0,2014-11-06T15:00:29.719600,BLOCKED,saved_finish_absent_start_plus_max_time_only_inferred,passed
dc6d527433c6ce1ec5388b1a6a6c66b5601bbf695ba7ecefd80029b98dfa18db,ES10,ES10C2,42,11/7/2014,5:00 PM,1:00 PM,799,5,5,0,0,5,true,"[0,1,2,3,4]",0,2014-11-07T14:24:46.148600,BLOCKED,saved_finish_absent_start_plus_max_time_only_inferred,passed
dc6d527433c6ce1ec5388b1a6a6c66b5601bbf695ba7ecefd80029b98dfa18db,ES10,ES10C2,43,11/10/2014,10:00 AM,1:00 PM,802,5,5,0,0,5,true,"[0,1,2,3,4]",0,2014-11-10T13:45:05.718500,BLOCKED,saved_finish_absent_start_plus_max_time_only_inferred,passed
dc6d527433c6ce1ec5388b1a6a6c66b5601bbf695ba7ecefd80029b98dfa18db,ES10,ES10C2,44,11/12/2014,3:30 PM,9:00 AM,843.5,5,5,0,0,5,true,"[0,1,2,3,4]",0,2014-11-12T10:08:16.146500,BLOCKED,saved_finish_absent_start_plus_max_time_only_inferred,passed
dc6d527433c6ce1ec5388b1a6a6c66b5601bbf695ba7ecefd80029b98dfa18db,ES10,ES10C2,45,11/12/2014,12:00 PM,4:30 PM,848,5,5,0,0,5,true,"[0,1,2,3,4]",0,2014-11-12T17:19:11.718600,BLOCKED,saved_finish_absent_start_plus_max_time_only_inferred,passed
dc6d527433c6ce1ec5388b1a6a6c66b5601bbf695ba7ecefd80029b98dfa18db,ES10,ES10C2,46,11/13/2014,7:00 PM,8:00 AM,861,5,5,0,0,5,true,"[0,1,2,3,4]",0,2014-11-13T08:39:35.585600,BLOCKED,saved_finish_absent_start_plus_max_time_only_inferred,passed
dc6d527433c6ce1ec5388b1a6a6c66b5601bbf695ba7ecefd80029b98dfa18db,ES10,ES10C2,47,11/13/2014,10:00 AM,2:00 PM,865,5,5,0,0,5,true,"[0,1,2,3,4]",0,2014-11-13T14:46:49.719500,BLOCKED,saved_finish_absent_start_plus_max_time_only_inferred,passed
dc6d527433c6ce1ec5388b1a6a6c66b5601bbf695ba7ecefd80029b98dfa18db,ES10,ES10C2,48,11/14/2014,4:45 PM,2:15 PM,886.5,6,6,0,0,6,true,"[0,1,2,3,4,5]",0,2014-11-14T15:08:55.177500,BLOCKED,saved_finish_absent_start_plus_max_time_only_inferred,passed
dc6d527433c6ce1ec5388b1a6a6c66b5601bbf695ba7ecefd80029b98dfa18db,ES10,ES10C2,49,11/17/2014,5:00 PM,10:00 AM,951.5,5,5,0,0,5,true,"[0,1,2,3,4]",0,2014-11-17T10:47:14.721500,BLOCKED,saved_finish_absent_start_plus_max_time_only_inferred,passed
dc6d527433c6ce1ec5388b1a6a6c66b5601bbf695ba7ecefd80029b98dfa18db,ES10,ES10C2,50,11/17/2014,12:30 PM,2:00 PM,953,5,5,0,0,5,true,"[0,1,2,3,4]",0,2014-11-17T14:25:34.648600,BLOCKED,saved_finish_absent_start_plus_max_time_only_inferred,passed
dc6d527433c6ce1ec5388b1a6a6c66b5601bbf695ba7ecefd80029b98dfa18db,ES10,ES10C2,51,11/18/2014,4:15 PM,9:15 AM,970,5,5,0,0,5,true,"[0,1,2,3,4]",0,2014-11-18T09:53:24.714500,BLOCKED,saved_finish_absent_start_plus_max_time_only_inferred,passed
dc6d527433c6ce1ec5388b1a6a6c66b5601bbf695ba7ecefd80029b98dfa18db,ES10,ES10C2,52,11/18/2014,11:15 AM,1:15 PM,972,5,5,0,0,5,true,"[0,1,2,3,4]",0,2014-11-18T14:19:23.675500,BLOCKED,saved_finish_absent_start_plus_max_time_only_inferred,passed
dc6d527433c6ce1ec5388b1a6a6c66b5601bbf695ba7ecefd80029b98dfa18db,ES10,ES10C2,53,11/19/2014,3:45 PM,10:15 AM,990.5,5,5,0,0,5,true,"[0,1,2,3,4]",0,2014-11-19T11:03:48.651600,BLOCKED,saved_finish_absent_start_plus_max_time_only_inferred,passed
dc6d527433c6ce1ec5388b1a6a6c66b5601bbf695ba7ecefd80029b98dfa18db,ES10,ES10C2,54,11/20/2014,2:00 PM,9:30 AM,1010,5,5,0,0,5,false,"[1,0,2,3,4]",0,2014-11-20T10:52:28.754600,BLOCKED,saved_finish_absent_start_plus_max_time_only_inferred,passed
dc6d527433c6ce1ec5388b1a6a6c66b5601bbf695ba7ecefd80029b98dfa18db,ES10,ES10C2,55,11/21/2014,3:00 PM,10:00 AM,1029,5,5,0,0,5,true,"[0,1,2,3,4]",0,2014-11-21T10:56:30.715600,BLOCKED,saved_finish_absent_start_plus_max_time_only_inferred,passed
dc6d527433c6ce1ec5388b1a6a6c66b5601bbf695ba7ecefd80029b98dfa18db,ES10,ES10C2,56,11/24/2014,2:00 PM,9:30 AM,1096.5,5,5,0,0,5,false,"[0,2,1,3,4]",0,2014-11-24T10:07:59.717600,BLOCKED,saved_finish_absent_start_plus_max_time_only_inferred,passed
dc6d527433c6ce1ec5388b1a6a6c66b5601bbf695ba7ecefd80029b98dfa18db,ES10,ES10C2,57,11/25/2014,11:30 AM,3:00 PM,1124,5,5,0,0,5,false,"[0,1,2,4,3]",0,2014-11-25T16:24:19.587600,BLOCKED,saved_finish_absent_start_plus_max_time_only_inferred,passed
dc6d527433c6ce1ec5388b1a6a6c66b5601bbf695ba7ecefd80029b98dfa18db,ES10,ES10C2,58,11/26/2014,7:15 PM,10:45 AM,1140.5,5,5,0,0,5,true,"[0,1,2,3,4]",0,2014-11-26T11:24:00.453500,BLOCKED,saved_finish_absent_start_plus_max_time_only_inferred,passed
dc6d527433c6ce1ec5388b1a6a6c66b5601bbf695ba7ecefd80029b98dfa18db,ES10,ES10C2,59,12/1/2014,2:15 PM,10:45 AM,1257,5,5,0,0,5,true,"[0,1,2,3,4]",0,2014-12-01T11:16:46.805600,BLOCKED,saved_finish_absent_start_plus_max_time_only_inferred,passed
dc6d527433c6ce1ec5388b1a6a6c66b5601bbf695ba7ecefd80029b98dfa18db,ES10,ES10C2,60,12/1/2014,1:20 PM,2:20 PM,1258,5,5,0,0,5,true,"[0,1,2,3,4]",0,2014-12-01T15:06:41.718600,BLOCKED,saved_finish_absent_start_plus_max_time_only_inferred,passed
dc6d527433c6ce1ec5388b1a6a6c66b5601bbf695ba7ecefd80029b98dfa18db,ES10,ES10C2,61,12/3/2014,5:30 PM,10:30 AM,1299,5,5,0,0,5,true,"[0,1,2,3,4]",0,2014-12-03T11:18:37.672500,BLOCKED,saved_finish_absent_start_plus_max_time_only_inferred,passed
dc6d527433c6ce1ec5388b1a6a6c66b5601bbf695ba7ecefd80029b98dfa18db,ES10,ES10C2,62,12/3/2014,1:15 PM,2:45 PM,1300.5,5,5,0,0,5,true,"[0,1,2,3,4]",0,2014-12-03T15:16:19.677600,BLOCKED,saved_finish_absent_start_plus_max_time_only_inferred,passed
dc6d527433c6ce1ec5388b1a6a6c66b5601bbf695ba7ecefd80029b98dfa18db,ES10,ES10C2,63,12/4/2014,4:30 PM,9:30 AM,1317.5,5,5,0,0,5,true,"[0,1,2,3,4]",0,2014-12-04T10:29:43.673500,BLOCKED,saved_finish_absent_start_plus_max_time_only_inferred,passed
dc6d527433c6ce1ec5388b1a6a6c66b5601bbf695ba7ecefd80029b98dfa18db,ES10,ES10C2,64,12/5/2014,11:45 AM,10:15 AM,1341,6,6,0,0,6,true,"[0,1,2,3,4,5]",0,2014-12-05T10:50:44.675500,BLOCKED,saved_finish_absent_start_plus_max_time_only_inferred,passed
dc6d527433c6ce1ec5388b1a6a6c66b5601bbf695ba7ecefd80029b98dfa18db,ES10,ES10C2,65,12/8/2014,2:25 PM,9:25 AM,1408,5,5,0,0,5,true,"[0,1,2,3,4]",0,2014-12-08T10:18:06.675500,BLOCKED,saved_finish_absent_start_plus_max_time_only_inferred,passed
dc6d527433c6ce1ec5388b1a6a6c66b5601bbf695ba7ecefd80029b98dfa18db,ES10,ES10C2,66,12/10/2014,1:15 PM,1:45 PM,1456.5,5,5,0,0,5,true,"[0,1,2,3,4]",0,2014-12-10T14:29:03.674500,BLOCKED,saved_finish_absent_start_plus_max_time_only_inferred,passed
dc6d527433c6ce1ec5388b1a6a6c66b5601bbf695ba7ecefd80029b98dfa18db,ES10,ES10C2,67,12/16/2014,4:05 PM,9:35 AM,1594,5,5,0,0,5,true,"[0,1,2,3,4]",0,2014-12-16T10:34:03.587500,BLOCKED,saved_finish_absent_start_plus_max_time_only_inferred,passed
dc6d527433c6ce1ec5388b1a6a6c66b5601bbf695ba7ecefd80029b98dfa18db,ES10,ES10C2,68,2/17/2015,3:00 PM,4:30 PM,3063,5,5,0,0,5,true,"[0,1,2,3,4]",0,2015-02-17T15:08:52.259500,BLOCKED,saved_finish_absent_start_plus_max_time_only_inferred,passed
dc6d527433c6ce1ec5388b1a6a6c66b5601bbf695ba7ecefd80029b98dfa18db,ES10,ES10C2,69,04/20/2015,3:30 PM,6:30 PM,4551,10,5,0,5,5,true,"[1,3,5,7,9]",0,2015-04-20T16:06:03.255500,BLOCKED,saved_finish_absent_start_plus_max_time_only_inferred,passed
dc6d527433c6ce1ec5388b1a6a6c66b5601bbf695ba7ecefd80029b98dfa18db,ES10,ES10C2,70,04/28/2015,11:30 AM,2:00 PM,4748,10,5,0,5,5,true,"[1,3,5,7,9]",0,2015-04-28T12:20:10.257500,BLOCKED,saved_finish_absent_start_plus_max_time_only_inferred,passed
dc6d527433c6ce1ec5388b1a6a6c66b5601bbf695ba7ecefd80029b98dfa18db,ES10,ES10C2,71,05/04/2015,1:30 PM,4:30 PM,4891.5,10,5,0,5,5,true,"[1,3,5,7,9]",0,2015-05-04T14:24:01.478600,BLOCKED,saved_finish_absent_start_plus_max_time_only_inferred,passed
dc6d527433c6ce1ec5388b1a6a6c66b5601bbf695ba7ecefd80029b98dfa18db,ES10,ES10C2,72,05/13/2015,2:00 PM,2:00 PM,5105.5,10,5,0,5,5,true,"[1,3,5,7,9]",0,2015-05-13T14:42:36.080600,BLOCKED,saved_finish_absent_start_plus_max_time_only_inferred,passed
dc6d527433c6ce1ec5388b1a6a6c66b5601bbf695ba7ecefd80029b98dfa18db,ES10,ES10C3,0,9/29/2014,,,0,5,5,0,0,5,true,"[0,1,2,3,4]",0,2014-09-29T12:51:22.629500,BLOCKED,saved_finish_absent_start_plus_max_time_only_inferred,passed
dc6d527433c6ce1ec5388b1a6a6c66b5601bbf695ba7ecefd80029b98dfa18db,ES10,ES10C3,1,9/30/2014,,,0,5,5,0,0,5,true,"[0,1,2,3,4]",0,2014-09-30T10:50:01.627600,BLOCKED,saved_finish_absent_start_plus_max_time_only_inferred,passed
dc6d527433c6ce1ec5388b1a6a6c66b5601bbf695ba7ecefd80029b98dfa18db,ES10,ES10C3,2,10/1/2014,10:00 AM,12:00 PM,2,5,5,0,0,5,true,"[0,1,2,3,4]",0,2014-10-01T13:19:08.589500,BLOCKED,saved_finish_absent_start_plus_max_time_only_inferred,passed
dc6d527433c6ce1ec5388b1a6a6c66b5601bbf695ba7ecefd80029b98dfa18db,ES10,ES10C3,3,10/2/2014,4:00 PM,1:00 PM,23,5,5,0,0,5,true,"[0,1,2,3,4]",0,2014-10-02T14:18:26.016500,BLOCKED,saved_finish_absent_start_plus_max_time_only_inferred,passed
dc6d527433c6ce1ec5388b1a6a6c66b5601bbf695ba7ecefd80029b98dfa18db,ES10,ES10C3,4,10/3/2014,4:00 PM,7:20 AM,38.3333,5,5,0,0,5,true,"[0,1,2,3,4]",0,2014-10-03T08:34:40.058500,BLOCKED,saved_finish_absent_start_plus_max_time_only_inferred,passed
dc6d527433c6ce1ec5388b1a6a6c66b5601bbf695ba7ecefd80029b98dfa18db,ES10,ES10C3,5,10/3/2014,10:20 AM,12:00 PM,40,5,5,0,0,5,true,"[0,1,2,3,4]",0,2014-10-03T13:05:01.114600,BLOCKED,saved_finish_absent_start_plus_max_time_only_inferred,passed
dc6d527433c6ce1ec5388b1a6a6c66b5601bbf695ba7ecefd80029b98dfa18db,ES10,ES10C3,6,10/6/2014,2:25 PM,7:25 AM,105,6,6,0,0,6,true,"[0,1,2,3,4,5]",0,2014-10-06T08:25:28.281600,BLOCKED,saved_finish_absent_start_plus_max_time_only_inferred,passed
dc6d527433c6ce1ec5388b1a6a6c66b5601bbf695ba7ecefd80029b98dfa18db,ES10,ES10C3,7,10/6/2014,9:40 AM,12:40 PM,108,5,5,0,0,5,true,"[0,1,2,3,4]",0,2014-10-06T13:32:25.145500,BLOCKED,saved_finish_absent_start_plus_max_time_only_inferred,passed
dc6d527433c6ce1ec5388b1a6a6c66b5601bbf695ba7ecefd80029b98dfa18db,ES10,ES10C3,8,10/7/2014,2:55 PM,7:55 AM,125,5,5,0,0,5,true,"[0,1,2,3,4]",0,2014-10-07T08:29:38.282500,BLOCKED,saved_finish_absent_start_plus_max_time_only_inferred,passed
dc6d527433c6ce1ec5388b1a6a6c66b5601bbf695ba7ecefd80029b98dfa18db,ES10,ES10C3,9,10/7/2014,9:45 AM,12:45 PM,128,5,5,0,0,5,true,"[0,1,2,3,4]",0,2014-10-07T13:23:54.116500,BLOCKED,saved_finish_absent_start_plus_max_time_only_inferred,passed
dc6d527433c6ce1ec5388b1a6a6c66b5601bbf695ba7ecefd80029b98dfa18db,ES10,ES10C3,10,10/8/2014,3:00 PM,9:00 AM,146,5,5,0,0,5,true,"[0,1,2,3,4]",0,2014-10-08T10:03:50.716500,BLOCKED,saved_finish_absent_start_plus_max_time_only_inferred,passed
dc6d527433c6ce1ec5388b1a6a6c66b5601bbf695ba7ecefd80029b98dfa18db,ES10,ES10C3,11,10/9/2014,11:30 AM,7:30 AM,166,5,5,0,0,5,true,"[0,1,2,3,4]",0,2014-10-09T08:21:36.982600,BLOCKED,saved_finish_absent_start_plus_max_time_only_inferred,passed
dc6d527433c6ce1ec5388b1a6a6c66b5601bbf695ba7ecefd80029b98dfa18db,ES10,ES10C3,12,10/10/2014,9:40 AM,7:40 AM,188,5,5,0,0,5,true,"[0,1,2,3,4]",0,2014-10-10T08:37:20.846500,BLOCKED,saved_finish_absent_start_plus_max_time_only_inferred,passed
dc6d527433c6ce1ec5388b1a6a6c66b5601bbf695ba7ecefd80029b98dfa18db,ES10,ES10C3,13,10/10/2014,10:15 AM,2:15 PM,192,5,5,0,0,5,true,"[0,1,2,3,4]",0,2014-10-10T15:11:25.718500,BLOCKED,saved_finish_absent_start_plus_max_time_only_inferred,passed
dc6d527433c6ce1ec5388b1a6a6c66b5601bbf695ba7ecefd80029b98dfa18db,ES10,ES10C3,14,10/13/2014,4:25 PM,11:25 AM,259,5,5,0,0,5,true,"[0,1,2,3,4]",0,2014-10-13T11:56:17.013500,BLOCKED,saved_finish_absent_start_plus_max_time_only_inferred,passed
dc6d527433c6ce1ec5388b1a6a6c66b5601bbf695ba7ecefd80029b98dfa18db,ES10,ES10C3,15,10/14/2014,1:45 PM,7:45 AM,277,5,5,0,0,5,true,"[0,1,2,3,4]",0,2014-10-14T08:51:59.755600,BLOCKED,saved_finish_absent_start_plus_max_time_only_inferred,passed
dc6d527433c6ce1ec5388b1a6a6c66b5601bbf695ba7ecefd80029b98dfa18db,ES10,ES10C3,16,10/14/2014,10:30 AM,12:30 PM,279,5,5,0,0,5,true,"[0,1,2,3,4]",0,2014-10-14T13:12:27.789600,BLOCKED,saved_finish_absent_start_plus_max_time_only_inferred,passed
dc6d527433c6ce1ec5388b1a6a6c66b5601bbf695ba7ecefd80029b98dfa18db,ES10,ES10C3,17,10/15/2014,2:50 PM,8:30 AM,296.66,5,5,0,0,5,true,"[0,1,2,3,4]",0,2014-10-15T09:20:15.270500,BLOCKED,saved_finish_absent_start_plus_max_time_only_inferred,passed
dc6d527433c6ce1ec5388b1a6a6c66b5601bbf695ba7ecefd80029b98dfa18db,ES10,ES10C3,18,10/16/2014,10:40 AM,7:00 AM,317,5,5,0,0,5,true,"[0,1,2,3,4]",0,2014-10-16T07:59:57.322500,BLOCKED,saved_finish_absent_start_plus_max_time_only_inferred,passed
dc6d527433c6ce1ec5388b1a6a6c66b5601bbf695ba7ecefd80029b98dfa18db,ES10,ES10C3,19,10/17/2014,10:00 AM,9:00 AM,352,5,5,0,0,5,true,"[0,1,2,3,4]",0,2014-10-17T09:40:23.303600,BLOCKED,saved_finish_absent_start_plus_max_time_only_inferred,passed
dc6d527433c6ce1ec5388b1a6a6c66b5601bbf695ba7ecefd80029b98dfa18db,ES10,ES10C3,20,10/17/2014,11:30 AM,2:30 PM,355,5,5,0,0,5,true,"[0,1,2,3,4]",0,2014-10-17T15:39:02.334500,BLOCKED,saved_finish_absent_start_plus_max_time_only_inferred,passed
dc6d527433c6ce1ec5388b1a6a6c66b5601bbf695ba7ecefd80029b98dfa18db,ES10,ES10C3,21,10/20/2014,4:30 PM,9:00 AM,419.5,5,5,0,0,5,true,"[0,1,2,3,4]",0,2014-10-20T09:38:50.200600,BLOCKED,saved_finish_absent_start_plus_max_time_only_inferred,passed
dc6d527433c6ce1ec5388b1a6a6c66b5601bbf695ba7ecefd80029b98dfa18db,ES10,ES10C3,22,10/20/2014,11:15 AM,1:45 PM,422,5,5,0,0,5,true,"[0,1,2,3,4]",0,2014-10-20T14:33:26.059600,BLOCKED,saved_finish_absent_start_plus_max_time_only_inferred,passed
dc6d527433c6ce1ec5388b1a6a6c66b5601bbf695ba7ecefd80029b98dfa18db,ES10,ES10C3,23,10/21/2014,4:00 PM,7:00 AM,437,5,5,0,0,5,true,"[0,1,2,3,4]",0,2014-10-21T08:07:13.057500,BLOCKED,saved_finish_absent_start_plus_max_time_only_inferred,passed
dc6d527433c6ce1ec5388b1a6a6c66b5601bbf695ba7ecefd80029b98dfa18db,ES10,ES10C3,24,10/21/2014,10:00 AM,3:00 PM,442,5,5,0,0,5,true,"[0,1,2,3,4]",0,2014-10-21T15:42:32.200500,BLOCKED,saved_finish_absent_start_plus_max_time_only_inferred,passed
dc6d527433c6ce1ec5388b1a6a6c66b5601bbf695ba7ecefd80029b98dfa18db,ES10,ES10C3,25,10/22/2014,5:15 PM,7:15 AM,456,5,5,0,0,5,true,"[0,1,2,3,4]",0,2014-10-22T08:04:17.322600,BLOCKED,saved_finish_absent_start_plus_max_time_only_inferred,passed
dc6d527433c6ce1ec5388b1a6a6c66b5601bbf695ba7ecefd80029b98dfa18db,ES10,ES10C3,26,10/23/2014,4:40 PM,9:10 AM,472.5,5,5,0,0,5,true,"[0,1,2,3,4]",0,2014-10-23T10:02:13.058600,BLOCKED,saved_finish_absent_start_plus_max_time_only_inferred,passed
dc6d527433c6ce1ec5388b1a6a6c66b5601bbf695ba7ecefd80029b98dfa18db,ES10,ES10C3,27,10/24/2014,11:45 AM,9:15 AM,494,5,5,0,0,5,true,"[0,1,2,3,4]",0,2014-10-24T10:03:42.057600,BLOCKED,saved_finish_absent_start_plus_max_time_only_inferred,passed
dc6d527433c6ce1ec5388b1a6a6c66b5601bbf695ba7ecefd80029b98dfa18db,ES10,ES10C3,28,10/24/2014,12:10 PM,2:10 PM,496,5,5,0,0,5,true,"[0,1,2,3,4]",0,2014-10-24T14:59:21.285500,BLOCKED,saved_finish_absent_start_plus_max_time_only_inferred,passed
dc6d527433c6ce1ec5388b1a6a6c66b5601bbf695ba7ecefd80029b98dfa18db,ES10,ES10C3,29,10/27/2014,4:30 PM,8:30 AM,560,5,5,0,0,5,true,"[0,1,2,3,4]",0,2014-10-27T09:15:41.057600,BLOCKED,saved_finish_absent_start_plus_max_time_only_inferred,passed
dc6d527433c6ce1ec5388b1a6a6c66b5601bbf695ba7ecefd80029b98dfa18db,ES10,ES10C3,30,10/27/2014,11:35 AM,1:35 PM,562,5,5,0,0,5,true,"[0,1,2,3,4]",0,2014-10-27T14:11:49.057500,BLOCKED,saved_finish_absent_start_plus_max_time_only_inferred,passed
dc6d527433c6ce1ec5388b1a6a6c66b5601bbf695ba7ecefd80029b98dfa18db,ES10,ES10C3,31,10/28/2014,3:45 PM,8:15 AM,578.5,5,5,0,0,5,true,"[0,1,2,3,4]",0,2014-10-28T09:36:05.052500,BLOCKED,saved_finish_absent_start_plus_max_time_only_inferred,passed
dc6d527433c6ce1ec5388b1a6a6c66b5601bbf695ba7ecefd80029b98dfa18db,ES10,ES10C3,32,10/29/2014,12:15 PM,7:15 AM,597.5,5,5,0,0,5,true,"[0,1,2,3,4]",0,2014-10-29T07:58:53.092500,BLOCKED,saved_finish_absent_start_plus_max_time_only_inferred,passed
dc6d527433c6ce1ec5388b1a6a6c66b5601bbf695ba7ecefd80029b98dfa18db,ES10,ES10C3,33,10/29/2014,9:20 AM,1:50 PM,602,5,5,0,0,5,true,"[0,1,2,3,4]",0,2014-10-29T15:00:48.149500,BLOCKED,saved_finish_absent_start_plus_max_time_only_inferred,passed
dc6d527433c6ce1ec5388b1a6a6c66b5601bbf695ba7ecefd80029b98dfa18db,ES10,ES10C3,34,10/30/2014,4:15 PM,9:15 AM,619,5,5,0,0,5,true,"[0,1,2,3,4]",0,2014-10-30T10:00:36.114600,BLOCKED,saved_finish_absent_start_plus_max_time_only_inferred,passed
dc6d527433c6ce1ec5388b1a6a6c66b5601bbf695ba7ecefd80029b98dfa18db,ES10,ES10C3,35,10/30/2014,11:25 AM,3:25 PM,623,5,5,0,0,5,true,"[0,1,2,3,4]",0,2014-10-30T16:22:11.148600,BLOCKED,saved_finish_absent_start_plus_max_time_only_inferred,passed
dc6d527433c6ce1ec5388b1a6a6c66b5601bbf695ba7ecefd80029b98dfa18db,ES10,ES10C3,36,10/31/2014,6:05 PM,9:15 AM,650.25,5,5,0,0,5,true,"[0,1,2,3,4]",0,2014-10-31T10:09:15.059600,BLOCKED,saved_finish_absent_start_plus_max_time_only_inferred,passed
dc6d527433c6ce1ec5388b1a6a6c66b5601bbf695ba7ecefd80029b98dfa18db,ES10,ES10C3,37,11/3/2014,11:45 AM,8:30 AM,719,5,5,0,0,5,true,"[0,1,2,3,4]",0,2014-11-03T09:13:11.148500,BLOCKED,saved_finish_absent_start_plus_max_time_only_inferred,passed
dc6d527433c6ce1ec5388b1a6a6c66b5601bbf695ba7ecefd80029b98dfa18db,ES10,ES10C3,38,11/4/2014,10:30 AM,8:00 AM,740.5,5,5,0,0,5,true,"[0,1,2,3,4]",0,2014-11-04T08:50:35.978500,BLOCKED,saved_finish_absent_start_plus_max_time_only_inferred,passed
dc6d527433c6ce1ec5388b1a6a6c66b5601bbf695ba7ecefd80029b98dfa18db,ES10,ES10C3,39,11/5/2014,2:30 PM,9:00 AM,759,5,5,0,0,5,true,"[0,1,2,3,4]",0,2014-11-05T13:05:24.719500,BLOCKED,saved_finish_absent_start_plus_max_time_only_inferred,passed
dc6d527433c6ce1ec5388b1a6a6c66b5601bbf695ba7ecefd80029b98dfa18db,ES10,ES10C3,40,11/6/2014,3:45 PM,8:15 AM,775.5,5,5,0,0,5,true,"[0,1,2,3,4]",0,2014-11-06T09:01:30.717600,BLOCKED,saved_finish_absent_start_plus_max_time_only_inferred,passed
dc6d527433c6ce1ec5388b1a6a6c66b5601bbf695ba7ecefd80029b98dfa18db,ES10,ES10C3,41,11/6/2014,10:40 AM,2:20 PM,779,5,5,0,0,5,true,"[0,1,2,3,4]",0,2014-11-06T15:04:23.719500,BLOCKED,saved_finish_absent_start_plus_max_time_only_inferred,passed
dc6d527433c6ce1ec5388b1a6a6c66b5601bbf695ba7ecefd80029b98dfa18db,ES10,ES10C3,42,11/7/2014,5:00 PM,1:00 PM,799,5,5,0,0,5,true,"[0,1,2,3,4]",0,2014-11-07T14:28:36.715600,BLOCKED,saved_finish_absent_start_plus_max_time_only_inferred,passed
dc6d527433c6ce1ec5388b1a6a6c66b5601bbf695ba7ecefd80029b98dfa18db,ES10,ES10C3,43,11/10/2014,10:00 AM,1:00 PM,802,5,5,0,0,5,true,"[0,1,2,3,4]",0,2014-11-10T13:49:14.671600,BLOCKED,saved_finish_absent_start_plus_max_time_only_inferred,passed
dc6d527433c6ce1ec5388b1a6a6c66b5601bbf695ba7ecefd80029b98dfa18db,ES10,ES10C3,44,11/12/2014,3:30 PM,9:00 AM,843.5,5,5,0,0,5,true,"[0,1,2,3,4]",0,2014-11-12T10:14:28.718500,BLOCKED,saved_finish_absent_start_plus_max_time_only_inferred,passed
dc6d527433c6ce1ec5388b1a6a6c66b5601bbf695ba7ecefd80029b98dfa18db,ES10,ES10C3,45,11/12/2014,12:00 PM,4:30 PM,848,5,5,0,0,5,true,"[0,1,2,3,4]",0,2014-11-12T17:25:46.719600,BLOCKED,saved_finish_absent_start_plus_max_time_only_inferred,passed
dc6d527433c6ce1ec5388b1a6a6c66b5601bbf695ba7ecefd80029b98dfa18db,ES10,ES10C3,46,11/13/2014,7:00 PM,8:00 AM,861,5,5,0,0,5,true,"[0,1,2,3,4]",0,2014-11-13T08:44:19.675500,BLOCKED,saved_finish_absent_start_plus_max_time_only_inferred,passed
dc6d527433c6ce1ec5388b1a6a6c66b5601bbf695ba7ecefd80029b98dfa18db,ES10,ES10C3,47,11/13/2014,10:00 AM,2:00 PM,865,5,5,0,0,5,true,"[0,1,2,3,4]",0,2014-11-13T14:51:19.675600,BLOCKED,saved_finish_absent_start_plus_max_time_only_inferred,passed
dc6d527433c6ce1ec5388b1a6a6c66b5601bbf695ba7ecefd80029b98dfa18db,ES10,ES10C3,48,11/14/2014,4:45 PM,2:15 PM,886.5,5,5,0,0,5,true,"[0,1,2,3,4]",0,2014-11-14T15:12:51.582500,BLOCKED,saved_finish_absent_start_plus_max_time_only_inferred,passed
dc6d527433c6ce1ec5388b1a6a6c66b5601bbf695ba7ecefd80029b98dfa18db,ES10,ES10C3,49,11/17/2014,5:00 PM,10:00 AM,951.5,5,5,0,0,5,true,"[0,1,2,3,4]",0,2014-11-17T10:52:33.717500,BLOCKED,saved_finish_absent_start_plus_max_time_only_inferred,passed
dc6d527433c6ce1ec5388b1a6a6c66b5601bbf695ba7ecefd80029b98dfa18db,ES10,ES10C3,50,11/17/2014,12:30 PM,2:00 PM,953,5,5,0,0,5,true,"[0,1,2,3,4]",0,2014-11-17T14:29:33.543500,BLOCKED,saved_finish_absent_start_plus_max_time_only_inferred,passed
dc6d527433c6ce1ec5388b1a6a6c66b5601bbf695ba7ecefd80029b98dfa18db,ES10,ES10C3,51,11/18/2014,4:15 PM,9:15 AM,970,5,5,0,0,5,false,"[0,1,2,4,3]",0,2014-11-18T09:56:56.808500,BLOCKED,saved_finish_absent_start_plus_max_time_only_inferred,passed
dc6d527433c6ce1ec5388b1a6a6c66b5601bbf695ba7ecefd80029b98dfa18db,ES10,ES10C3,52,11/18/2014,11:15 AM,1:15 PM,972,5,5,0,0,5,true,"[0,1,2,3,4]",0,2014-11-18T14:25:00.386600,BLOCKED,saved_finish_absent_start_plus_max_time_only_inferred,passed
dc6d527433c6ce1ec5388b1a6a6c66b5601bbf695ba7ecefd80029b98dfa18db,ES10,ES10C3,53,11/19/2014,3:45 PM,10:15 AM,990.5,5,5,0,0,5,true,"[0,1,2,3,4]",0,2014-11-19T11:08:13.388500,BLOCKED,saved_finish_absent_start_plus_max_time_only_inferred,passed
dc6d527433c6ce1ec5388b1a6a6c66b5601bbf695ba7ecefd80029b98dfa18db,ES10,ES10C3,54,11/20/2014,2:00 PM,9:30 AM,1010,5,5,0,0,5,true,"[0,1,2,3,4]",0,2014-11-20T11:03:06.720500,BLOCKED,saved_finish_absent_start_plus_max_time_only_inferred,passed
dc6d527433c6ce1ec5388b1a6a6c66b5601bbf695ba7ecefd80029b98dfa18db,ES10,ES10C3,55,11/21/2014,3:00 PM,10:00 AM,1029,5,5,0,0,5,true,"[0,1,2,3,4]",0,2014-11-21T11:00:09.651600,BLOCKED,saved_finish_absent_start_plus_max_time_only_inferred,passed
dc6d527433c6ce1ec5388b1a6a6c66b5601bbf695ba7ecefd80029b98dfa18db,ES10,ES10C3,56,11/24/2014,2:00 PM,9:30 AM,1096.5,5,5,0,0,5,true,"[0,1,2,3,4]",0,2014-11-24T10:12:25.806600,BLOCKED,saved_finish_absent_start_plus_max_time_only_inferred,passed
dc6d527433c6ce1ec5388b1a6a6c66b5601bbf695ba7ecefd80029b98dfa18db,ES10,ES10C3,57,11/25/2014,11:30 AM,3:00 PM,1124,5,5,0,0,5,true,"[0,1,2,3,4]",0,2014-11-25T16:27:34.672600,BLOCKED,saved_finish_absent_start_plus_max_time_only_inferred,passed
dc6d527433c6ce1ec5388b1a6a6c66b5601bbf695ba7ecefd80029b98dfa18db,ES10,ES10C3,58,11/26/2014,7:15 PM,10:45 AM,1140.5,5,5,0,0,5,true,"[0,1,2,3,4]",0,2014-11-26T11:27:37.652500,BLOCKED,saved_finish_absent_start_plus_max_time_only_inferred,passed
dc6d527433c6ce1ec5388b1a6a6c66b5601bbf695ba7ecefd80029b98dfa18db,ES10,ES10C3,59,12/1/2014,2:15 PM,10:45 AM,1257,5,5,0,0,5,true,"[0,1,2,3,4]",0,2014-12-01T11:22:17.676600,BLOCKED,saved_finish_absent_start_plus_max_time_only_inferred,passed
dc6d527433c6ce1ec5388b1a6a6c66b5601bbf695ba7ecefd80029b98dfa18db,ES10,ES10C3,60,12/1/2014,1:20 PM,2:20 PM,1258,5,5,0,0,5,true,"[0,1,2,3,4]",0,2014-12-01T15:10:09.388500,BLOCKED,saved_finish_absent_start_plus_max_time_only_inferred,passed
dc6d527433c6ce1ec5388b1a6a6c66b5601bbf695ba7ecefd80029b98dfa18db,ES10,ES10C3,61,12/3/2014,5:30 PM,10:30 AM,1299,5,5,0,0,5,true,"[0,1,2,3,4]",0,2014-12-03T11:22:37.384600,BLOCKED,saved_finish_absent_start_plus_max_time_only_inferred,passed
dc6d527433c6ce1ec5388b1a6a6c66b5601bbf695ba7ecefd80029b98dfa18db,ES10,ES10C3,62,12/3/2014,1:15 PM,2:45 PM,1300.5,5,5,0,0,5,true,"[0,1,2,3,4]",0,2014-12-03T15:19:55.388500,BLOCKED,saved_finish_absent_start_plus_max_time_only_inferred,passed
dc6d527433c6ce1ec5388b1a6a6c66b5601bbf695ba7ecefd80029b98dfa18db,ES10,ES10C3,63,12/4/2014,4:30 PM,9:30 AM,1317.5,5,5,0,0,5,true,"[0,1,2,3,4]",0,2014-12-04T10:34:14.259600,BLOCKED,saved_finish_absent_start_plus_max_time_only_inferred,passed
dc6d527433c6ce1ec5388b1a6a6c66b5601bbf695ba7ecefd80029b98dfa18db,ES10,ES10C3,64,12/5/2014,11:45 AM,10:15 AM,1341,5,5,0,0,5,true,"[0,1,2,3,4]",0,2014-12-05T10:53:53.387500,BLOCKED,saved_finish_absent_start_plus_max_time_only_inferred,passed
dc6d527433c6ce1ec5388b1a6a6c66b5601bbf695ba7ecefd80029b98dfa18db,ES10,ES10C3,65,12/8/2014,2:25 PM,9:25 AM,1408,5,5,0,0,5,true,"[0,1,2,3,4]",0,2014-12-08T10:27:40.389600,BLOCKED,saved_finish_absent_start_plus_max_time_only_inferred,passed
dc6d527433c6ce1ec5388b1a6a6c66b5601bbf695ba7ecefd80029b98dfa18db,ES10,ES10C3,66,12/10/2014,1:15 PM,1:45 PM,1456.5,5,5,0,0,5,true,"[0,1,2,3,4]",0,2014-12-10T14:32:46.542500,BLOCKED,saved_finish_absent_start_plus_max_time_only_inferred,passed
dc6d527433c6ce1ec5388b1a6a6c66b5601bbf695ba7ecefd80029b98dfa18db,ES10,ES10C3,67,12/16/2014,4:05 PM,9:35 AM,1594,5,5,0,0,5,true,"[0,1,2,3,4]",0,2014-12-16T10:38:59.675500,BLOCKED,saved_finish_absent_start_plus_max_time_only_inferred,passed
dc6d527433c6ce1ec5388b1a6a6c66b5601bbf695ba7ecefd80029b98dfa18db,ES10,ES10C3,68,2/17/2015,3:00 PM,4:30 PM,3063,5,5,0,0,5,true,"[0,1,2,3,4]",0,2015-02-17T15:12:21.344600,BLOCKED,saved_finish_absent_start_plus_max_time_only_inferred,passed
dc6d527433c6ce1ec5388b1a6a6c66b5601bbf695ba7ecefd80029b98dfa18db,ES10,ES10C3,69,04/20/2015,3:30 PM,6:30 PM,4551,10,5,0,5,5,true,"[1,3,5,7,9]",0,2015-04-20T16:10:09.255600,BLOCKED,saved_finish_absent_start_plus_max_time_only_inferred,passed
dc6d527433c6ce1ec5388b1a6a6c66b5601bbf695ba7ecefd80029b98dfa18db,ES10,ES10C3,70,04/28/2015,11:30 AM,2:00 PM,4748,10,5,0,5,5,true,"[1,3,5,7,9]",0,2015-04-28T12:43:29.256500,BLOCKED,saved_finish_absent_start_plus_max_time_only_inferred,passed
dc6d527433c6ce1ec5388b1a6a6c66b5601bbf695ba7ecefd80029b98dfa18db,ES10,ES10C3,71,05/04/2015,1:30 PM,4:30 PM,4891.5,10,5,0,5,5,true,"[1,3,5,7,9]",0,2015-05-04T14:27:24.817600,BLOCKED,saved_finish_absent_start_plus_max_time_only_inferred,passed
dc6d527433c6ce1ec5388b1a6a6c66b5601bbf695ba7ecefd80029b98dfa18db,ES10,ES10C3,72,05/13/2015,2:00 PM,2:00 PM,5105.5,10,5,0,5,5,true,"[1,3,5,7,9]",0,2015-05-13T14:45:44.685600,BLOCKED,saved_finish_absent_start_plus_max_time_only_inferred,passed
dc6d527433c6ce1ec5388b1a6a6c66b5601bbf695ba7ecefd80029b98dfa18db,ES10,ES10C4,0,9/29/2014,,,0,5,5,0,0,5,true,"[0,1,2,3,4]",0,2014-09-29T13:03:11.952600,BLOCKED,saved_finish_absent_start_plus_max_time_only_inferred,passed
dc6d527433c6ce1ec5388b1a6a6c66b5601bbf695ba7ecefd80029b98dfa18db,ES10,ES10C4,1,9/30/2014,,,0,5,5,0,0,5,true,"[0,1,2,3,4]",0,2014-09-30T10:57:23.806500,BLOCKED,saved_finish_absent_start_plus_max_time_only_inferred,passed
dc6d527433c6ce1ec5388b1a6a6c66b5601bbf695ba7ecefd80029b98dfa18db,ES10,ES10C4,2,10/1/2014,10:00 AM,12:00 PM,2,5,5,0,0,5,true,"[0,1,2,3,4]",0,2014-10-01T13:27:15.058500,BLOCKED,saved_finish_absent_start_plus_max_time_only_inferred,passed
dc6d527433c6ce1ec5388b1a6a6c66b5601bbf695ba7ecefd80029b98dfa18db,ES10,ES10C4,3,10/2/2014,4:00 PM,1:00 PM,23,5,5,0,0,5,true,"[0,1,2,3,4]",0,2014-10-02T14:24:02.198500,BLOCKED,saved_finish_absent_start_plus_max_time_only_inferred,passed
dc6d527433c6ce1ec5388b1a6a6c66b5601bbf695ba7ecefd80029b98dfa18db,ES10,ES10C4,4,10/3/2014,4:00 PM,7:20 AM,38.3333,5,5,0,0,5,true,"[0,1,2,3,4]",0,2014-10-03T08:38:55.191600,BLOCKED,saved_finish_absent_start_plus_max_time_only_inferred,passed
dc6d527433c6ce1ec5388b1a6a6c66b5601bbf695ba7ecefd80029b98dfa18db,ES10,ES10C4,5,10/3/2014,10:20 AM,12:00 PM,40,5,5,0,0,5,true,"[0,1,2,3,4]",0,2014-10-03T13:09:08.325500,BLOCKED,saved_finish_absent_start_plus_max_time_only_inferred,passed
dc6d527433c6ce1ec5388b1a6a6c66b5601bbf695ba7ecefd80029b98dfa18db,ES10,ES10C4,6,10/6/2014,2:25 PM,7:25 AM,105,5,5,0,0,5,true,"[0,1,2,3,4]",0,2014-10-06T08:29:06.193500,BLOCKED,saved_finish_absent_start_plus_max_time_only_inferred,passed
dc6d527433c6ce1ec5388b1a6a6c66b5601bbf695ba7ecefd80029b98dfa18db,ES10,ES10C4,7,10/6/2014,9:40 AM,12:40 PM,108,5,5,0,0,5,true,"[0,1,2,3,4]",0,2014-10-06T13:36:02.060600,BLOCKED,saved_finish_absent_start_plus_max_time_only_inferred,passed
dc6d527433c6ce1ec5388b1a6a6c66b5601bbf695ba7ecefd80029b98dfa18db,ES10,ES10C4,8,10/7/2014,2:55 PM,7:55 AM,125,5,5,0,0,5,true,"[0,1,2,3,4]",0,2014-10-07T08:33:13.192500,BLOCKED,saved_finish_absent_start_plus_max_time_only_inferred,passed
dc6d527433c6ce1ec5388b1a6a6c66b5601bbf695ba7ecefd80029b98dfa18db,ES10,ES10C4,9,10/7/2014,9:45 AM,12:45 PM,128,5,5,0,0,5,true,"[0,1,2,3,4]",0,2014-10-07T13:28:01.060500,BLOCKED,saved_finish_absent_start_plus_max_time_only_inferred,passed
dc6d527433c6ce1ec5388b1a6a6c66b5601bbf695ba7ecefd80029b98dfa18db,ES10,ES10C4,10,10/8/2014,3:00 PM,9:00 AM,146,5,5,0,0,5,true,"[0,1,2,3,4]",0,2014-10-08T10:07:36.279600,BLOCKED,saved_finish_absent_start_plus_max_time_only_inferred,passed
dc6d527433c6ce1ec5388b1a6a6c66b5601bbf695ba7ecefd80029b98dfa18db,ES10,ES10C4,11,10/9/2014,11:30 AM,7:30 AM,166,5,5,0,0,5,true,"[0,1,2,3,4]",0,2014-10-09T08:25:22.282600,BLOCKED,saved_finish_absent_start_plus_max_time_only_inferred,passed
dc6d527433c6ce1ec5388b1a6a6c66b5601bbf695ba7ecefd80029b98dfa18db,ES10,ES10C4,12,10/10/2014,9:40 AM,7:40 AM,188,5,5,0,0,5,false,"[0,1,4,2,3]",0,2014-10-10T08:45:33.058500,BLOCKED,saved_finish_absent_start_plus_max_time_only_inferred,passed
dc6d527433c6ce1ec5388b1a6a6c66b5601bbf695ba7ecefd80029b98dfa18db,ES10,ES10C4,13,10/10/2014,10:15 AM,2:15 PM,192,5,5,0,0,5,true,"[0,1,2,3,4]",0,2014-10-10T15:14:56.146600,BLOCKED,saved_finish_absent_start_plus_max_time_only_inferred,passed
dc6d527433c6ce1ec5388b1a6a6c66b5601bbf695ba7ecefd80029b98dfa18db,ES10,ES10C4,14,10/13/2014,4:25 PM,11:25 AM,259,5,5,0,0,5,true,"[0,1,2,3,4]",0,2014-10-13T12:02:38.059500,BLOCKED,saved_finish_absent_start_plus_max_time_only_inferred,passed
dc6d527433c6ce1ec5388b1a6a6c66b5601bbf695ba7ecefd80029b98dfa18db,ES10,ES10C4,15,10/14/2014,1:45 PM,7:45 AM,277,5,5,0,0,5,true,"[0,1,2,3,4]",0,2014-10-14T08:58:26.059500,BLOCKED,saved_finish_absent_start_plus_max_time_only_inferred,passed
dc6d527433c6ce1ec5388b1a6a6c66b5601bbf695ba7ecefd80029b98dfa18db,ES10,ES10C4,16,10/14/2014,10:30 AM,12:30 PM,279,5,5,0,0,5,true,"[0,1,2,3,4]",0,2014-10-14T13:16:23.065500,BLOCKED,saved_finish_absent_start_plus_max_time_only_inferred,passed
dc6d527433c6ce1ec5388b1a6a6c66b5601bbf695ba7ecefd80029b98dfa18db,ES10,ES10C4,17,10/15/2014,2:50 PM,8:30 AM,296.66,5,5,0,0,5,false,"[0,1,4,2,3]",0,2014-10-15T09:24:53.801500,BLOCKED,saved_finish_absent_start_plus_max_time_only_inferred,passed
dc6d527433c6ce1ec5388b1a6a6c66b5601bbf695ba7ecefd80029b98dfa18db,ES10,ES10C4,18,10/16/2014,10:40 AM,7:00 AM,317,5,5,0,0,5,true,"[0,1,2,3,4]",0,2014-10-16T08:04:05.652600,BLOCKED,saved_finish_absent_start_plus_max_time_only_inferred,passed
dc6d527433c6ce1ec5388b1a6a6c66b5601bbf695ba7ecefd80029b98dfa18db,ES10,ES10C4,19,10/17/2014,10:00 AM,9:00 AM,352,5,5,0,0,5,true,"[0,1,2,3,4]",0,2014-10-17T09:44:14.521600,BLOCKED,saved_finish_absent_start_plus_max_time_only_inferred,passed
dc6d527433c6ce1ec5388b1a6a6c66b5601bbf695ba7ecefd80029b98dfa18db,ES10,ES10C4,20,10/17/2014,11:30 AM,2:30 PM,355,5,5,0,0,5,true,"[0,1,2,3,4]",0,2014-10-17T15:42:27.859600,BLOCKED,saved_finish_absent_start_plus_max_time_only_inferred,passed
dc6d527433c6ce1ec5388b1a6a6c66b5601bbf695ba7ecefd80029b98dfa18db,ES10,ES10C4,21,10/20/2014,4:30 PM,9:00 AM,419.5,5,5,0,0,5,true,"[0,1,2,3,4]",0,2014-10-20T09:42:21.593600,BLOCKED,saved_finish_absent_start_plus_max_time_only_inferred,passed
dc6d527433c6ce1ec5388b1a6a6c66b5601bbf695ba7ecefd80029b98dfa18db,ES10,ES10C4,22,10/20/2014,11:15 AM,1:45 PM,422,5,5,0,0,5,true,"[0,1,2,3,4]",0,2014-10-20T14:37:13.445600,BLOCKED,saved_finish_absent_start_plus_max_time_only_inferred,passed
dc6d527433c6ce1ec5388b1a6a6c66b5601bbf695ba7ecefd80029b98dfa18db,ES10,ES10C4,23,10/21/2014,4:00 PM,7:00 AM,437,5,5,0,0,5,true,"[0,1,2,3,4]",0,2014-10-21T08:13:43.524500,BLOCKED,saved_finish_absent_start_plus_max_time_only_inferred,passed
dc6d527433c6ce1ec5388b1a6a6c66b5601bbf695ba7ecefd80029b98dfa18db,ES10,ES10C4,24,10/21/2014,10:00 AM,3:00 PM,442,5,5,0,0,5,true,"[0,1,2,3,4]",0,2014-10-21T15:51:50.448500,BLOCKED,saved_finish_absent_start_plus_max_time_only_inferred,passed
dc6d527433c6ce1ec5388b1a6a6c66b5601bbf695ba7ecefd80029b98dfa18db,ES10,ES10C4,25,10/22/2014,5:15 PM,7:15 AM,456,5,5,0,0,5,true,"[0,1,2,3,4]",0,2014-10-22T08:07:55.529600,BLOCKED,saved_finish_absent_start_plus_max_time_only_inferred,passed
dc6d527433c6ce1ec5388b1a6a6c66b5601bbf695ba7ecefd80029b98dfa18db,ES10,ES10C4,26,10/23/2014,4:40 PM,9:10 AM,472.5,5,5,0,0,5,true,"[0,1,2,3,4]",0,2014-10-23T10:05:35.056500,BLOCKED,saved_finish_absent_start_plus_max_time_only_inferred,passed
dc6d527433c6ce1ec5388b1a6a6c66b5601bbf695ba7ecefd80029b98dfa18db,ES10,ES10C4,27,10/24/2014,11:45 AM,9:15 AM,494,5,5,0,0,5,true,"[0,1,2,3,4]",0,2014-10-24T10:07:05.194500,BLOCKED,saved_finish_absent_start_plus_max_time_only_inferred,passed
dc6d527433c6ce1ec5388b1a6a6c66b5601bbf695ba7ecefd80029b98dfa18db,ES10,ES10C4,28,10/24/2014,12:10 PM,2:10 PM,496,5,5,0,0,5,true,"[0,1,2,3,4]",0,2014-10-24T15:02:59.194600,BLOCKED,saved_finish_absent_start_plus_max_time_only_inferred,passed
dc6d527433c6ce1ec5388b1a6a6c66b5601bbf695ba7ecefd80029b98dfa18db,ES10,ES10C4,29,10/27/2014,4:30 PM,8:30 AM,560,5,5,0,0,5,true,"[0,1,2,3,4]",0,2014-10-27T09:19:20.304500,BLOCKED,saved_finish_absent_start_plus_max_time_only_inferred,passed
dc6d527433c6ce1ec5388b1a6a6c66b5601bbf695ba7ecefd80029b98dfa18db,ES10,ES10C4,30,10/27/2014,11:35 AM,1:35 PM,562,5,5,0,0,5,true,"[0,1,2,3,4]",0,2014-10-27T14:15:33.445500,BLOCKED,saved_finish_absent_start_plus_max_time_only_inferred,passed
dc6d527433c6ce1ec5388b1a6a6c66b5601bbf695ba7ecefd80029b98dfa18db,ES10,ES10C4,31,10/28/2014,3:45 PM,8:15 AM,578.5,5,5,0,0,5,true,"[0,1,2,3,4]",0,2014-10-28T09:39:56.190500,BLOCKED,saved_finish_absent_start_plus_max_time_only_inferred,passed
dc6d527433c6ce1ec5388b1a6a6c66b5601bbf695ba7ecefd80029b98dfa18db,ES10,ES10C4,32,10/29/2014,12:15 PM,7:15 AM,597.5,5,5,0,0,5,true,"[0,1,2,3,4]",0,2014-10-29T08:03:58.039500,BLOCKED,saved_finish_absent_start_plus_max_time_only_inferred,passed
dc6d527433c6ce1ec5388b1a6a6c66b5601bbf695ba7ecefd80029b98dfa18db,ES10,ES10C4,33,10/29/2014,9:20 AM,1:50 PM,602,5,5,0,0,5,true,"[0,1,2,3,4]",0,2014-10-29T15:04:57.197500,BLOCKED,saved_finish_absent_start_plus_max_time_only_inferred,passed
dc6d527433c6ce1ec5388b1a6a6c66b5601bbf695ba7ecefd80029b98dfa18db,ES10,ES10C4,34,10/30/2014,4:15 PM,9:15 AM,619,5,5,0,0,5,true,"[0,1,2,3,4]",0,2014-10-30T10:04:40.058500,BLOCKED,saved_finish_absent_start_plus_max_time_only_inferred,passed
dc6d527433c6ce1ec5388b1a6a6c66b5601bbf695ba7ecefd80029b98dfa18db,ES10,ES10C4,35,10/30/2014,11:25 AM,3:25 PM,623,5,5,0,0,5,true,"[0,1,2,3,4]",0,2014-10-30T16:31:45.149500,BLOCKED,saved_finish_absent_start_plus_max_time_only_inferred,passed
dc6d527433c6ce1ec5388b1a6a6c66b5601bbf695ba7ecefd80029b98dfa18db,ES10,ES10C4,36,10/31/2014,6:05 PM,9:15 AM,650.25,5,5,0,0,5,true,"[0,1,2,3,4]",0,2014-10-31T10:12:58.063500,BLOCKED,saved_finish_absent_start_plus_max_time_only_inferred,passed
dc6d527433c6ce1ec5388b1a6a6c66b5601bbf695ba7ecefd80029b98dfa18db,ES10,ES10C4,37,11/3/2014,11:45 AM,8:30 AM,719,5,5,0,0,5,true,"[0,1,2,3,4]",0,2014-11-03T09:17:05.059600,BLOCKED,saved_finish_absent_start_plus_max_time_only_inferred,passed
dc6d527433c6ce1ec5388b1a6a6c66b5601bbf695ba7ecefd80029b98dfa18db,ES10,ES10C4,38,11/4/2014,10:30 AM,8:00 AM,740.5,5,5,0,0,5,true,"[0,1,2,3,4]",0,2014-11-04T08:54:19.910600,BLOCKED,saved_finish_absent_start_plus_max_time_only_inferred,passed
dc6d527433c6ce1ec5388b1a6a6c66b5601bbf695ba7ecefd80029b98dfa18db,ES10,ES10C4,39,11/5/2014,2:30 PM,9:00 AM,759,5,5,0,0,5,true,"[0,1,2,3,4]",0,2014-11-05T13:09:55.048500,BLOCKED,saved_finish_absent_start_plus_max_time_only_inferred,passed
dc6d527433c6ce1ec5388b1a6a6c66b5601bbf695ba7ecefd80029b98dfa18db,ES10,ES10C4,40,11/6/2014,3:45 PM,8:15 AM,775.5,5,5,0,0,5,true,"[0,1,2,3,4]",0,2014-11-06T09:05:58.283600,BLOCKED,saved_finish_absent_start_plus_max_time_only_inferred,passed
dc6d527433c6ce1ec5388b1a6a6c66b5601bbf695ba7ecefd80029b98dfa18db,ES10,ES10C4,41,11/6/2014,10:40 AM,2:20 PM,779,5,5,0,0,5,true,"[0,1,2,3,4]",0,2014-11-06T15:08:16.147500,BLOCKED,saved_finish_absent_start_plus_max_time_only_inferred,passed
dc6d527433c6ce1ec5388b1a6a6c66b5601bbf695ba7ecefd80029b98dfa18db,ES10,ES10C4,42,11/7/2014,5:00 PM,1:00 PM,799,5,5,0,0,5,true,"[0,1,2,3,4]",0,2014-11-07T14:32:43.112600,BLOCKED,saved_finish_absent_start_plus_max_time_only_inferred,passed
dc6d527433c6ce1ec5388b1a6a6c66b5601bbf695ba7ecefd80029b98dfa18db,ES10,ES10C4,43,11/10/2014,10:00 AM,1:00 PM,802,5,5,0,0,5,true,"[0,1,2,3,4]",0,2014-11-10T13:53:33.017500,BLOCKED,saved_finish_absent_start_plus_max_time_only_inferred,passed
dc6d527433c6ce1ec5388b1a6a6c66b5601bbf695ba7ecefd80029b98dfa18db,ES10,ES10C4,44,11/12/2014,3:30 PM,9:00 AM,843.5,5,5,0,0,5,true,"[0,1,2,3,4]",0,2014-11-12T10:18:21.243500,BLOCKED,saved_finish_absent_start_plus_max_time_only_inferred,passed
dc6d527433c6ce1ec5388b1a6a6c66b5601bbf695ba7ecefd80029b98dfa18db,ES10,ES10C4,45,11/12/2014,12:00 PM,4:30 PM,848,5,5,0,0,5,true,"[0,1,2,3,4]",0,2014-11-12T17:30:45.147500,BLOCKED,saved_finish_absent_start_plus_max_time_only_inferred,passed
dc6d527433c6ce1ec5388b1a6a6c66b5601bbf695ba7ecefd80029b98dfa18db,ES10,ES10C4,46,11/13/2014,7:00 PM,8:00 AM,861,5,5,0,0,5,true,"[0,1,2,3,4]",0,2014-11-13T08:48:18.719600,BLOCKED,saved_finish_absent_start_plus_max_time_only_inferred,passed
dc6d527433c6ce1ec5388b1a6a6c66b5601bbf695ba7ecefd80029b98dfa18db,ES10,ES10C4,47,11/13/2014,10:00 AM,2:00 PM,865,5,5,0,0,5,true,"[0,1,2,3,4]",0,2014-11-13T14:54:58.016500,BLOCKED,saved_finish_absent_start_plus_max_time_only_inferred,passed
dc6d527433c6ce1ec5388b1a6a6c66b5601bbf695ba7ecefd80029b98dfa18db,ES10,ES10C4,48,11/14/2014,4:45 PM,2:15 PM,886.5,5,5,0,0,5,true,"[0,1,2,3,4]",0,2014-11-14T15:17:36.110500,BLOCKED,saved_finish_absent_start_plus_max_time_only_inferred,passed
dc6d527433c6ce1ec5388b1a6a6c66b5601bbf695ba7ecefd80029b98dfa18db,ES10,ES10C4,49,11/17/2014,5:00 PM,10:00 AM,951.5,5,5,0,0,5,true,"[0,1,2,3,4]",0,2014-11-17T10:56:43.152500,BLOCKED,saved_finish_absent_start_plus_max_time_only_inferred,passed
dc6d527433c6ce1ec5388b1a6a6c66b5601bbf695ba7ecefd80029b98dfa18db,ES10,ES10C4,50,11/17/2014,12:30 PM,2:00 PM,953,5,5,0,0,5,true,"[0,1,2,3,4]",0,2014-11-17T14:34:12.715600,BLOCKED,saved_finish_absent_start_plus_max_time_only_inferred,passed
dc6d527433c6ce1ec5388b1a6a6c66b5601bbf695ba7ecefd80029b98dfa18db,ES10,ES10C4,51,11/18/2014,4:15 PM,9:15 AM,970,5,5,0,0,5,true,"[0,1,2,3,4]",0,2014-11-18T10:01:21.150600,BLOCKED,saved_finish_absent_start_plus_max_time_only_inferred,passed
dc6d527433c6ce1ec5388b1a6a6c66b5601bbf695ba7ecefd80029b98dfa18db,ES10,ES10C4,52,11/18/2014,11:15 AM,1:15 PM,972,5,5,0,0,5,true,"[0,1,2,3,4]",0,2014-11-18T14:29:29.585500,BLOCKED,saved_finish_absent_start_plus_max_time_only_inferred,passed
dc6d527433c6ce1ec5388b1a6a6c66b5601bbf695ba7ecefd80029b98dfa18db,ES10,ES10C4,53,11/19/2014,3:45 PM,10:15 AM,990.5,5,5,0,0,5,true,"[0,1,2,3,4]",0,2014-11-19T11:12:19.936600,BLOCKED,saved_finish_absent_start_plus_max_time_only_inferred,passed
dc6d527433c6ce1ec5388b1a6a6c66b5601bbf695ba7ecefd80029b98dfa18db,ES10,ES10C4,54,11/20/2014,2:00 PM,9:30 AM,1010,5,5,0,0,5,true,"[0,1,2,3,4]",0,2014-11-20T11:10:39.149500,BLOCKED,saved_finish_absent_start_plus_max_time_only_inferred,passed
dc6d527433c6ce1ec5388b1a6a6c66b5601bbf695ba7ecefd80029b98dfa18db,ES10,ES10C4,55,11/21/2014,3:00 PM,10:00 AM,1029,5,5,0,0,5,true,"[0,1,2,3,4]",0,2014-11-21T11:05:15.017500,BLOCKED,saved_finish_absent_start_plus_max_time_only_inferred,passed
dc6d527433c6ce1ec5388b1a6a6c66b5601bbf695ba7ecefd80029b98dfa18db,ES10,ES10C4,56,11/24/2014,2:00 PM,9:30 AM,1096.5,5,5,0,0,5,true,"[0,1,2,3,4]",0,2014-11-24T10:16:12.981600,BLOCKED,saved_finish_absent_start_plus_max_time_only_inferred,passed
dc6d527433c6ce1ec5388b1a6a6c66b5601bbf695ba7ecefd80029b98dfa18db,ES10,ES10C4,57,11/25/2014,11:30 AM,3:00 PM,1124,5,5,0,0,5,true,"[0,1,2,3,4]",0,2014-11-25T16:44:59.019500,BLOCKED,saved_finish_absent_start_plus_max_time_only_inferred,passed
dc6d527433c6ce1ec5388b1a6a6c66b5601bbf695ba7ecefd80029b98dfa18db,ES10,ES10C4,58,11/26/2014,7:15 PM,10:45 AM,1140.5,5,5,0,0,5,true,"[0,1,2,3,4]",0,2014-11-26T11:31:17.979600,BLOCKED,saved_finish_absent_start_plus_max_time_only_inferred,passed
dc6d527433c6ce1ec5388b1a6a6c66b5601bbf695ba7ecefd80029b98dfa18db,ES10,ES10C4,59,12/1/2014,2:15 PM,10:45 AM,1257,5,5,0,0,5,true,"[0,1,2,3,4]",0,2014-12-01T11:27:15.936500,BLOCKED,saved_finish_absent_start_plus_max_time_only_inferred,passed
dc6d527433c6ce1ec5388b1a6a6c66b5601bbf695ba7ecefd80029b98dfa18db,ES10,ES10C4,60,12/1/2014,1:20 PM,2:20 PM,1258,5,5,0,0,5,true,"[0,1,2,3,4]",0,2014-12-01T15:13:54.719600,BLOCKED,saved_finish_absent_start_plus_max_time_only_inferred,passed
dc6d527433c6ce1ec5388b1a6a6c66b5601bbf695ba7ecefd80029b98dfa18db,ES10,ES10C4,61,12/3/2014,5:30 PM,10:30 AM,1299,5,5,0,0,5,true,"[0,1,2,3,4]",0,2014-12-03T11:26:51.718500,BLOCKED,saved_finish_absent_start_plus_max_time_only_inferred,passed
dc6d527433c6ce1ec5388b1a6a6c66b5601bbf695ba7ecefd80029b98dfa18db,ES10,ES10C4,62,12/3/2014,1:15 PM,2:45 PM,1300.5,5,5,0,0,5,true,"[0,1,2,3,4]",0,2014-12-03T15:23:23.936600,BLOCKED,saved_finish_absent_start_plus_max_time_only_inferred,passed
dc6d527433c6ce1ec5388b1a6a6c66b5601bbf695ba7ecefd80029b98dfa18db,ES10,ES10C4,63,12/4/2014,4:30 PM,9:30 AM,1317.5,5,5,0,0,5,true,"[0,1,2,3,4]",0,2014-12-04T10:40:29.718600,BLOCKED,saved_finish_absent_start_plus_max_time_only_inferred,passed
dc6d527433c6ce1ec5388b1a6a6c66b5601bbf695ba7ecefd80029b98dfa18db,ES10,ES10C4,64,12/5/2014,11:45 AM,10:15 AM,1341,5,5,0,0,5,true,"[0,1,2,3,4]",0,2014-12-05T11:00:42.244500,BLOCKED,saved_finish_absent_start_plus_max_time_only_inferred,passed
dc6d527433c6ce1ec5388b1a6a6c66b5601bbf695ba7ecefd80029b98dfa18db,ES10,ES10C4,65,12/8/2014,2:25 PM,9:25 AM,1408,5,5,0,0,5,true,"[0,1,2,3,4]",0,2014-12-08T10:33:38.962500,BLOCKED,saved_finish_absent_start_plus_max_time_only_inferred,passed
dc6d527433c6ce1ec5388b1a6a6c66b5601bbf695ba7ecefd80029b98dfa18db,ES10,ES10C4,66,12/10/2014,1:15 PM,1:45 PM,1456.5,5,5,0,0,5,true,"[0,1,2,3,4]",0,2014-12-10T14:37:07.721500,BLOCKED,saved_finish_absent_start_plus_max_time_only_inferred,passed
dc6d527433c6ce1ec5388b1a6a6c66b5601bbf695ba7ecefd80029b98dfa18db,ES10,ES10C4,67,12/16/2014,4:05 PM,9:35 AM,1594,5,5,0,0,5,true,"[0,1,2,3,4]",0,2014-12-16T10:43:01.718500,BLOCKED,saved_finish_absent_start_plus_max_time_only_inferred,passed
dc6d527433c6ce1ec5388b1a6a6c66b5601bbf695ba7ecefd80029b98dfa18db,ES10,ES10C4,68,2/17/2015,3:00 PM,4:30 PM,3063,5,5,0,0,5,true,"[0,1,2,3,4]",0,2015-02-17T15:18:13.654500,BLOCKED,saved_finish_absent_start_plus_max_time_only_inferred,passed
dc6d527433c6ce1ec5388b1a6a6c66b5601bbf695ba7ecefd80029b98dfa18db,ES10,ES10C4,69,04/20/2015,3:30 PM,6:30 PM,4551,10,5,0,5,5,true,"[1,3,5,7,9]",0,2015-04-20T16:14:58.652500,BLOCKED,saved_finish_absent_start_plus_max_time_only_inferred,passed
dc6d527433c6ce1ec5388b1a6a6c66b5601bbf695ba7ecefd80029b98dfa18db,ES10,ES10C4,70,04/28/2015,11:30 AM,2:00 PM,4748,10,5,0,5,5,true,"[1,3,5,7,9]",0,2015-04-28T12:48:34.017500,BLOCKED,saved_finish_absent_start_plus_max_time_only_inferred,passed
dc6d527433c6ce1ec5388b1a6a6c66b5601bbf695ba7ecefd80029b98dfa18db,ES10,ES10C4,71,05/04/2015,1:30 PM,4:30 PM,4891.5,10,5,0,5,5,true,"[1,3,5,7,9]",0,2015-05-04T14:31:59.407500,BLOCKED,saved_finish_absent_start_plus_max_time_only_inferred,passed
dc6d527433c6ce1ec5388b1a6a6c66b5601bbf695ba7ecefd80029b98dfa18db,ES10,ES10C4,72,05/13/2015,2:00 PM,2:00 PM,5105.5,10,5,0,5,5,true,"[1,3,5,7,9]",0,2015-05-13T14:49:29.283600,BLOCKED,saved_finish_absent_start_plus_max_time_only_inferred,passed
dc6d527433c6ce1ec5388b1a6a6c66b5601bbf695ba7ecefd80029b98dfa18db,ES10,ES10C5,0,9/29/2014,,,0,5,5,0,0,5,true,"[0,1,2,3,4]",0,2014-09-29T12:43:44.543500,BLOCKED,saved_finish_absent_start_plus_max_time_only_inferred,passed
dc6d527433c6ce1ec5388b1a6a6c66b5601bbf695ba7ecefd80029b98dfa18db,ES10,ES10C5,1,9/30/2014,,,0,5,5,0,0,5,true,"[0,1,2,3,4]",0,2014-09-30T10:33:02.675600,BLOCKED,saved_finish_absent_start_plus_max_time_only_inferred,passed
dc6d527433c6ce1ec5388b1a6a6c66b5601bbf695ba7ecefd80029b98dfa18db,ES10,ES10C5,2,10/1/2014,10:00 AM,12:00 PM,2,5,5,0,0,5,true,"[0,1,2,3,4]",0,2014-10-01T13:35:37.908500,BLOCKED,saved_finish_absent_start_plus_max_time_only_inferred,passed
dc6d527433c6ce1ec5388b1a6a6c66b5601bbf695ba7ecefd80029b98dfa18db,ES10,ES10C5,3,10/2/2014,4:00 PM,1:00 PM,23,5,5,0,0,5,true,"[0,1,2,3,4]",0,2014-10-02T14:28:30.056500,BLOCKED,saved_finish_absent_start_plus_max_time_only_inferred,passed
dc6d527433c6ce1ec5388b1a6a6c66b5601bbf695ba7ecefd80029b98dfa18db,ES10,ES10C5,4,10/3/2014,4:00 PM,7:20 AM,38.3333,5,5,0,0,5,true,"[0,1,2,3,4]",0,2014-10-03T08:43:37.057500,BLOCKED,saved_finish_absent_start_plus_max_time_only_inferred,passed
dc6d527433c6ce1ec5388b1a6a6c66b5601bbf695ba7ecefd80029b98dfa18db,ES10,ES10C5,5,10/3/2014,10:20 AM,12:00 PM,40,5,5,0,0,5,true,"[0,1,2,3,4]",0,2014-10-03T13:13:52.059600,BLOCKED,saved_finish_absent_start_plus_max_time_only_inferred,passed
dc6d527433c6ce1ec5388b1a6a6c66b5601bbf695ba7ecefd80029b98dfa18db,ES10,ES10C5,6,10/6/2014,2:25 PM,7:25 AM,105,5,5,0,0,5,true,"[0,1,2,3,4]",0,2014-10-06T08:32:50.281600,BLOCKED,saved_finish_absent_start_plus_max_time_only_inferred,passed
dc6d527433c6ce1ec5388b1a6a6c66b5601bbf695ba7ecefd80029b98dfa18db,ES10,ES10C5,7,10/6/2014,9:40 AM,12:40 PM,108,5,5,0,0,5,true,"[0,1,2,3,4]",0,2014-10-06T13:39:46.060600,BLOCKED,saved_finish_absent_start_plus_max_time_only_inferred,passed
dc6d527433c6ce1ec5388b1a6a6c66b5601bbf695ba7ecefd80029b98dfa18db,ES10,ES10C5,8,10/7/2014,2:55 PM,7:55 AM,125,5,5,0,0,5,true,"[0,1,2,3,4]",0,2014-10-07T08:37:13.062500,BLOCKED,saved_finish_absent_start_plus_max_time_only_inferred,passed
dc6d527433c6ce1ec5388b1a6a6c66b5601bbf695ba7ecefd80029b98dfa18db,ES10,ES10C5,9,10/7/2014,9:45 AM,12:45 PM,128,5,5,0,0,5,true,"[0,1,2,3,4]",0,2014-10-07T13:31:56.059500,BLOCKED,saved_finish_absent_start_plus_max_time_only_inferred,passed
dc6d527433c6ce1ec5388b1a6a6c66b5601bbf695ba7ecefd80029b98dfa18db,ES10,ES10C5,10,10/8/2014,3:00 PM,9:00 AM,146,5,5,0,0,5,true,"[0,1,2,3,4]",0,2014-10-08T10:11:19.274500,BLOCKED,saved_finish_absent_start_plus_max_time_only_inferred,passed
dc6d527433c6ce1ec5388b1a6a6c66b5601bbf695ba7ecefd80029b98dfa18db,ES10,ES10C5,11,10/9/2014,11:30 AM,7:30 AM,166,5,5,0,0,5,true,"[0,1,2,3,4]",0,2014-10-09T08:28:54.056600,BLOCKED,saved_finish_absent_start_plus_max_time_only_inferred,passed
dc6d527433c6ce1ec5388b1a6a6c66b5601bbf695ba7ecefd80029b98dfa18db,ES10,ES10C5,12,10/10/2014,9:40 AM,7:40 AM,188,5,5,0,0,5,true,"[0,1,2,3,4]",0,2014-10-10T08:41:45.284500,BLOCKED,saved_finish_absent_start_plus_max_time_only_inferred,passed
dc6d527433c6ce1ec5388b1a6a6c66b5601bbf695ba7ecefd80029b98dfa18db,ES10,ES10C5,13,10/10/2014,10:15 AM,2:15 PM,192,5,5,0,0,5,true,"[0,1,2,3,4]",0,2014-10-10T15:18:40.147600,BLOCKED,saved_finish_absent_start_plus_max_time_only_inferred,passed
dc6d527433c6ce1ec5388b1a6a6c66b5601bbf695ba7ecefd80029b98dfa18db,ES10,ES10C5,14,10/13/2014,4:25 PM,11:25 AM,259,5,5,0,0,5,true,"[0,1,2,3,4]",0,2014-10-13T12:06:23.719500,BLOCKED,saved_finish_absent_start_plus_max_time_only_inferred,passed
dc6d527433c6ce1ec5388b1a6a6c66b5601bbf695ba7ecefd80029b98dfa18db,ES10,ES10C5,15,10/14/2014,1:45 PM,7:45 AM,277,5,5,0,0,5,true,"[0,1,2,3,4]",0,2014-10-14T09:15:52.151500,BLOCKED,saved_finish_absent_start_plus_max_time_only_inferred,passed
dc6d527433c6ce1ec5388b1a6a6c66b5601bbf695ba7ecefd80029b98dfa18db,ES10,ES10C5,16,10/14/2014,10:30 AM,12:30 PM,279,5,5,0,0,5,true,"[0,1,2,3,4]",0,2014-10-14T13:20:06.385500,BLOCKED,saved_finish_absent_start_plus_max_time_only_inferred,passed
dc6d527433c6ce1ec5388b1a6a6c66b5601bbf695ba7ecefd80029b98dfa18db,ES10,ES10C5,17,10/15/2014,2:50 PM,8:30 AM,296.66,5,5,0,0,5,true,"[0,1,2,3,4]",0,2014-10-15T09:28:40.679600,BLOCKED,saved_finish_absent_start_plus_max_time_only_inferred,passed
dc6d527433c6ce1ec5388b1a6a6c66b5601bbf695ba7ecefd80029b98dfa18db,ES10,ES10C5,18,10/16/2014,10:40 AM,7:00 AM,317,5,5,0,0,5,true,"[0,1,2,3,4]",0,2014-10-16T08:10:06.263500,BLOCKED,saved_finish_absent_start_plus_max_time_only_inferred,passed
dc6d527433c6ce1ec5388b1a6a6c66b5601bbf695ba7ecefd80029b98dfa18db,ES10,ES10C5,19,10/17/2014,10:00 AM,9:00 AM,352,5,5,0,0,5,true,"[0,1,2,3,4]",0,2014-10-17T09:48:07.267600,BLOCKED,saved_finish_absent_start_plus_max_time_only_inferred,passed
dc6d527433c6ce1ec5388b1a6a6c66b5601bbf695ba7ecefd80029b98dfa18db,ES10,ES10C5,20,10/17/2014,11:30 AM,2:30 PM,355,5,5,0,0,5,true,"[0,1,2,3,4]",0,2014-10-17T15:46:22.305600,BLOCKED,saved_finish_absent_start_plus_max_time_only_inferred,passed
dc6d527433c6ce1ec5388b1a6a6c66b5601bbf695ba7ecefd80029b98dfa18db,ES10,ES10C5,21,10/20/2014,4:30 PM,9:00 AM,419.5,5,5,0,0,5,true,"[0,1,2,3,4]",0,2014-10-20T09:46:08.059600,BLOCKED,saved_finish_absent_start_plus_max_time_only_inferred,passed
dc6d527433c6ce1ec5388b1a6a6c66b5601bbf695ba7ecefd80029b98dfa18db,ES10,ES10C5,22,10/20/2014,11:15 AM,1:45 PM,422,5,5,0,0,5,true,"[0,1,2,3,4]",0,2014-10-20T14:41:00.190600,BLOCKED,saved_finish_absent_start_plus_max_time_only_inferred,passed
dc6d527433c6ce1ec5388b1a6a6c66b5601bbf695ba7ecefd80029b98dfa18db,ES10,ES10C5,23,10/21/2014,4:00 PM,7:00 AM,437,5,5,0,0,5,true,"[0,1,2,3,4]",0,2014-10-21T08:19:12.491600,BLOCKED,saved_finish_absent_start_plus_max_time_only_inferred,passed
dc6d527433c6ce1ec5388b1a6a6c66b5601bbf695ba7ecefd80029b98dfa18db,ES10,ES10C5,24,10/21/2014,10:00 AM,3:00 PM,442,5,5,0,0,5,true,"[0,1,2,3,4]",0,2014-10-21T15:57:06.465500,BLOCKED,saved_finish_absent_start_plus_max_time_only_inferred,passed
dc6d527433c6ce1ec5388b1a6a6c66b5601bbf695ba7ecefd80029b98dfa18db,ES10,ES10C5,25,10/22/2014,5:15 PM,7:15 AM,456,5,5,0,0,5,true,"[0,1,2,3,4]",0,2014-10-22T08:11:51.416500,BLOCKED,saved_finish_absent_start_plus_max_time_only_inferred,passed
dc6d527433c6ce1ec5388b1a6a6c66b5601bbf695ba7ecefd80029b98dfa18db,ES10,ES10C5,26,10/23/2014,4:40 PM,9:10 AM,472.5,5,5,0,0,5,true,"[0,1,2,3,4]",0,2014-10-23T10:10:29.180500,BLOCKED,saved_finish_absent_start_plus_max_time_only_inferred,passed
dc6d527433c6ce1ec5388b1a6a6c66b5601bbf695ba7ecefd80029b98dfa18db,ES10,ES10C5,27,10/24/2014,11:45 AM,9:15 AM,494,5,5,0,0,5,true,"[0,1,2,3,4]",0,2014-10-24T10:10:42.282600,BLOCKED,saved_finish_absent_start_plus_max_time_only_inferred,passed
dc6d527433c6ce1ec5388b1a6a6c66b5601bbf695ba7ecefd80029b98dfa18db,ES10,ES10C5,28,10/24/2014,12:10 PM,2:10 PM,496,5,5,0,0,5,true,"[0,1,2,3,4]",0,2014-10-24T15:06:47.058500,BLOCKED,saved_finish_absent_start_plus_max_time_only_inferred,passed
dc6d527433c6ce1ec5388b1a6a6c66b5601bbf695ba7ecefd80029b98dfa18db,ES10,ES10C5,29,10/27/2014,4:30 PM,8:30 AM,560,5,5,0,0,5,true,"[0,1,2,3,4]",0,2014-10-27T09:22:49.909600,BLOCKED,saved_finish_absent_start_plus_max_time_only_inferred,passed
dc6d527433c6ce1ec5388b1a6a6c66b5601bbf695ba7ecefd80029b98dfa18db,ES10,ES10C5,30,10/27/2014,11:35 AM,1:35 PM,562,5,5,0,0,5,true,"[0,1,2,3,4]",0,2014-10-27T14:19:44.039500,BLOCKED,saved_finish_absent_start_plus_max_time_only_inferred,passed
dc6d527433c6ce1ec5388b1a6a6c66b5601bbf695ba7ecefd80029b98dfa18db,ES10,ES10C5,31,10/28/2014,3:45 PM,8:15 AM,578.5,5,5,0,0,5,true,"[0,1,2,3,4]",0,2014-10-28T09:44:16.059500,BLOCKED,saved_finish_absent_start_plus_max_time_only_inferred,passed
dc6d527433c6ce1ec5388b1a6a6c66b5601bbf695ba7ecefd80029b98dfa18db,ES10,ES10C5,32,10/29/2014,12:15 PM,7:15 AM,597.5,5,5,0,0,5,true,"[0,1,2,3,4]",0,2014-10-29T08:08:30.200600,BLOCKED,saved_finish_absent_start_plus_max_time_only_inferred,passed
dc6d527433c6ce1ec5388b1a6a6c66b5601bbf695ba7ecefd80029b98dfa18db,ES10,ES10C5,33,10/29/2014,9:20 AM,1:50 PM,602,5,5,0,0,5,true,"[0,1,2,3,4]",0,2014-10-29T15:08:43.200500,BLOCKED,saved_finish_absent_start_plus_max_time_only_inferred,passed
dc6d527433c6ce1ec5388b1a6a6c66b5601bbf695ba7ecefd80029b98dfa18db,ES10,ES10C5,34,10/30/2014,4:15 PM,9:15 AM,619,5,5,0,0,5,true,"[0,1,2,3,4]",0,2014-10-30T10:13:07.058500,BLOCKED,saved_finish_absent_start_plus_max_time_only_inferred,passed
dc6d527433c6ce1ec5388b1a6a6c66b5601bbf695ba7ecefd80029b98dfa18db,ES10,ES10C5,35,10/30/2014,11:25 AM,3:25 PM,623,5,5,0,0,5,true,"[0,1,2,3,4]",0,2014-10-30T17:00:54.060600,BLOCKED,saved_finish_absent_start_plus_max_time_only_inferred,passed
dc6d527433c6ce1ec5388b1a6a6c66b5601bbf695ba7ecefd80029b98dfa18db,ES10,ES10C5,36,10/31/2014,6:05 PM,9:15 AM,650.25,5,5,0,0,5,true,"[0,1,2,3,4]",0,2014-10-31T10:17:40.908600,BLOCKED,saved_finish_absent_start_plus_max_time_only_inferred,passed
dc6d527433c6ce1ec5388b1a6a6c66b5601bbf695ba7ecefd80029b98dfa18db,ES10,ES10C5,37,11/3/2014,11:45 AM,8:30 AM,719,5,5,0,0,5,true,"[0,1,2,3,4]",0,2014-11-03T09:21:30.146500,BLOCKED,saved_finish_absent_start_plus_max_time_only_inferred,passed
dc6d527433c6ce1ec5388b1a6a6c66b5601bbf695ba7ecefd80029b98dfa18db,ES10,ES10C5,38,11/4/2014,10:30 AM,8:00 AM,740.5,5,5,0,0,5,true,"[0,1,2,3,4]",0,2014-11-04T08:59:00.147600,BLOCKED,saved_finish_absent_start_plus_max_time_only_inferred,passed
dc6d527433c6ce1ec5388b1a6a6c66b5601bbf695ba7ecefd80029b98dfa18db,ES10,ES10C5,39,11/5/2014,2:30 PM,9:00 AM,759,5,5,0,0,5,true,"[0,1,2,3,4]",0,2014-11-05T13:14:10.058600,BLOCKED,saved_finish_absent_start_plus_max_time_only_inferred,passed
dc6d527433c6ce1ec5388b1a6a6c66b5601bbf695ba7ecefd80029b98dfa18db,ES10,ES10C5,40,11/6/2014,3:45 PM,8:15 AM,775.5,5,5,0,0,5,true,"[0,1,2,3,4]",0,2014-11-06T09:10:41.981500,BLOCKED,saved_finish_absent_start_plus_max_time_only_inferred,passed
dc6d527433c6ce1ec5388b1a6a6c66b5601bbf695ba7ecefd80029b98dfa18db,ES10,ES10C5,41,11/6/2014,10:40 AM,2:20 PM,779,5,5,0,0,5,true,"[0,1,2,3,4]",0,2014-11-06T15:12:13.849600,BLOCKED,saved_finish_absent_start_plus_max_time_only_inferred,passed
dc6d527433c6ce1ec5388b1a6a6c66b5601bbf695ba7ecefd80029b98dfa18db,ES10,ES10C5,42,11/7/2014,5:00 PM,1:00 PM,799,5,5,0,0,5,true,"[0,1,2,3,4]",0,2014-11-07T14:38:29.151600,BLOCKED,saved_finish_absent_start_plus_max_time_only_inferred,passed
dc6d527433c6ce1ec5388b1a6a6c66b5601bbf695ba7ecefd80029b98dfa18db,ES10,ES10C5,43,11/10/2014,10:00 AM,1:00 PM,802,5,5,0,0,5,true,"[0,1,2,3,4]",0,2014-11-10T13:57:06.980600,BLOCKED,saved_finish_absent_start_plus_max_time_only_inferred,passed
dc6d527433c6ce1ec5388b1a6a6c66b5601bbf695ba7ecefd80029b98dfa18db,ES10,ES10C5,44,11/12/2014,3:30 PM,9:00 AM,843.5,5,5,0,0,5,true,"[0,1,2,3,4]",0,2014-11-12T10:23:33.719500,BLOCKED,saved_finish_absent_start_plus_max_time_only_inferred,passed
dc6d527433c6ce1ec5388b1a6a6c66b5601bbf695ba7ecefd80029b98dfa18db,ES10,ES10C5,45,11/12/2014,12:00 PM,4:30 PM,848,5,5,0,0,5,true,"[0,1,2,3,4]",0,2014-11-12T17:35:11.716500,BLOCKED,saved_finish_absent_start_plus_max_time_only_inferred,passed
dc6d527433c6ce1ec5388b1a6a6c66b5601bbf695ba7ecefd80029b98dfa18db,ES10,ES10C5,46,11/13/2014,7:00 PM,8:00 AM,861,5,5,0,0,5,true,"[0,1,2,3,4]",0,2014-11-13T08:53:08.648600,BLOCKED,saved_finish_absent_start_plus_max_time_only_inferred,passed
dc6d527433c6ce1ec5388b1a6a6c66b5601bbf695ba7ecefd80029b98dfa18db,ES10,ES10C5,47,11/13/2014,10:00 AM,2:00 PM,865,5,5,0,0,5,true,"[0,1,2,3,4]",0,2014-11-13T15:01:34.753600,BLOCKED,saved_finish_absent_start_plus_max_time_only_inferred,passed
dc6d527433c6ce1ec5388b1a6a6c66b5601bbf695ba7ecefd80029b98dfa18db,ES10,ES10C5,48,11/14/2014,4:45 PM,2:15 PM,886.5,5,5,0,0,5,true,"[0,1,2,3,4]",0,2014-11-14T15:23:19.716600,BLOCKED,saved_finish_absent_start_plus_max_time_only_inferred,passed
dc6d527433c6ce1ec5388b1a6a6c66b5601bbf695ba7ecefd80029b98dfa18db,ES10,ES10C5,49,11/17/2014,5:00 PM,10:00 AM,951.5,4,4,0,0,4,true,"[0,1,2,3]",0,2014-11-17T11:01:16.752600,BLOCKED,saved_finish_absent_start_plus_max_time_only_inferred,passed
dc6d527433c6ce1ec5388b1a6a6c66b5601bbf695ba7ecefd80029b98dfa18db,ES10,ES10C5,50,11/17/2014,12:30 PM,2:00 PM,953,5,5,0,0,5,true,"[0,1,2,3,4]",0,2014-11-17T14:38:59.672600,BLOCKED,saved_finish_absent_start_plus_max_time_only_inferred,passed
dc6d527433c6ce1ec5388b1a6a6c66b5601bbf695ba7ecefd80029b98dfa18db,ES10,ES10C5,51,11/18/2014,4:15 PM,9:15 AM,970,5,5,0,0,5,true,"[0,1,2,3,4]",0,2014-11-18T10:06:32.749500,BLOCKED,saved_finish_absent_start_plus_max_time_only_inferred,passed
dc6d527433c6ce1ec5388b1a6a6c66b5601bbf695ba7ecefd80029b98dfa18db,ES10,ES10C5,52,11/18/2014,11:15 AM,1:15 PM,972,5,5,0,0,5,true,"[0,1,2,3,4]",0,2014-11-18T14:33:50.542500,BLOCKED,saved_finish_absent_start_plus_max_time_only_inferred,passed
dc6d527433c6ce1ec5388b1a6a6c66b5601bbf695ba7ecefd80029b98dfa18db,ES10,ES10C5,53,11/19/2014,3:45 PM,10:15 AM,990.5,5,5,0,0,5,true,"[0,1,2,3,4]",0,2014-11-19T11:15:57.407500,BLOCKED,saved_finish_absent_start_plus_max_time_only_inferred,passed
dc6d527433c6ce1ec5388b1a6a6c66b5601bbf695ba7ecefd80029b98dfa18db,ES10,ES10C5,54,11/20/2014,2:00 PM,9:30 AM,1010,5,5,0,0,5,true,"[0,1,2,3,4]",0,2014-11-20T11:16:40.450600,BLOCKED,saved_finish_absent_start_plus_max_time_only_inferred,passed
dc6d527433c6ce1ec5388b1a6a6c66b5601bbf695ba7ecefd80029b98dfa18db,ES10,ES10C5,55,11/21/2014,3:00 PM,10:00 AM,1029,5,5,0,0,5,true,"[0,1,2,3,4]",0,2014-11-21T11:09:27.650600,BLOCKED,saved_finish_absent_start_plus_max_time_only_inferred,passed
dc6d527433c6ce1ec5388b1a6a6c66b5601bbf695ba7ecefd80029b98dfa18db,ES10,ES10C5,56,11/24/2014,2:00 PM,9:30 AM,1096.5,5,5,0,0,5,true,"[0,1,2,3,4]",0,2014-11-24T10:19:58.715600,BLOCKED,saved_finish_absent_start_plus_max_time_only_inferred,passed
dc6d527433c6ce1ec5388b1a6a6c66b5601bbf695ba7ecefd80029b98dfa18db,ES10,ES10C5,57,11/25/2014,11:30 AM,3:00 PM,1124,5,5,0,0,5,true,"[0,1,2,3,4]",0,2014-11-25T17:02:54.587600,BLOCKED,saved_finish_absent_start_plus_max_time_only_inferred,passed
dc6d527433c6ce1ec5388b1a6a6c66b5601bbf695ba7ecefd80029b98dfa18db,ES10,ES10C5,58,11/26/2014,7:15 PM,10:45 AM,1140.5,5,5,0,0,5,true,"[0,1,2,3,4]",0,2014-11-26T11:35:24.453600,BLOCKED,saved_finish_absent_start_plus_max_time_only_inferred,passed
dc6d527433c6ce1ec5388b1a6a6c66b5601bbf695ba7ecefd80029b98dfa18db,ES10,ES10C5,59,12/1/2014,2:15 PM,10:45 AM,1257,5,5,0,0,5,true,"[0,1,2,3,4]",0,2014-12-01T11:31:12.280500,BLOCKED,saved_finish_absent_start_plus_max_time_only_inferred,passed
dc6d527433c6ce1ec5388b1a6a6c66b5601bbf695ba7ecefd80029b98dfa18db,ES10,ES10C5,60,12/1/2014,1:20 PM,2:20 PM,1258,5,5,0,0,5,true,"[0,1,2,3,4]",0,2014-12-01T15:17:07.654500,BLOCKED,saved_finish_absent_start_plus_max_time_only_inferred,passed
dc6d527433c6ce1ec5388b1a6a6c66b5601bbf695ba7ecefd80029b98dfa18db,ES10,ES10C5,61,12/3/2014,5:30 PM,10:30 AM,1299,5,5,0,0,5,true,"[0,1,2,3,4]",0,2014-12-03T11:30:48.654500,BLOCKED,saved_finish_absent_start_plus_max_time_only_inferred,passed
dc6d527433c6ce1ec5388b1a6a6c66b5601bbf695ba7ecefd80029b98dfa18db,ES10,ES10C5,62,12/3/2014,1:15 PM,2:45 PM,1300.5,5,5,0,0,5,true,"[0,1,2,3,4]",0,2014-12-03T15:27:29.390600,BLOCKED,saved_finish_absent_start_plus_max_time_only_inferred,passed
dc6d527433c6ce1ec5388b1a6a6c66b5601bbf695ba7ecefd80029b98dfa18db,ES10,ES10C5,63,12/4/2014,4:30 PM,9:30 AM,1317.5,5,5,0,0,5,true,"[0,1,2,3,4]",0,2014-12-04T10:43:35.677600,BLOCKED,saved_finish_absent_start_plus_max_time_only_inferred,passed
dc6d527433c6ce1ec5388b1a6a6c66b5601bbf695ba7ecefd80029b98dfa18db,ES10,ES10C5,64,12/5/2014,11:45 AM,10:15 AM,1341,5,5,0,0,5,true,"[0,1,2,3,4]",0,2014-12-05T11:04:08.678600,BLOCKED,saved_finish_absent_start_plus_max_time_only_inferred,passed
dc6d527433c6ce1ec5388b1a6a6c66b5601bbf695ba7ecefd80029b98dfa18db,ES10,ES10C5,65,12/8/2014,2:25 PM,9:25 AM,1408,5,5,0,0,5,true,"[0,1,2,3,4]",0,2014-12-08T10:38:04.654500,BLOCKED,saved_finish_absent_start_plus_max_time_only_inferred,passed
dc6d527433c6ce1ec5388b1a6a6c66b5601bbf695ba7ecefd80029b98dfa18db,ES10,ES10C5,66,12/10/2014,1:15 PM,1:45 PM,1456.5,5,5,0,0,5,true,"[0,1,2,3,4]",0,2014-12-10T14:41:43.253500,BLOCKED,saved_finish_absent_start_plus_max_time_only_inferred,passed
dc6d527433c6ce1ec5388b1a6a6c66b5601bbf695ba7ecefd80029b98dfa18db,ES10,ES10C5,67,12/16/2014,4:05 PM,9:35 AM,1594,5,5,0,0,5,true,"[0,1,2,3,4]",0,2014-12-16T10:47:35.388500,BLOCKED,saved_finish_absent_start_plus_max_time_only_inferred,passed
dc6d527433c6ce1ec5388b1a6a6c66b5601bbf695ba7ecefd80029b98dfa18db,ES10,ES10C5,68,2/17/2015,3:00 PM,4:30 PM,3063,10,10,0,0,10,false,"[1,2,3,4,5,6,7,8,9,0]",0,2015-02-17T14:58:00.256600,BLOCKED,saved_finish_absent_start_plus_max_time_only_inferred,passed
dc6d527433c6ce1ec5388b1a6a6c66b5601bbf695ba7ecefd80029b98dfa18db,ES10,ES10C5,69,04/20/2015,3:30 PM,6:30 PM,4551,10,5,0,5,5,true,"[1,3,5,7,9]",0,2015-04-20T16:19:31.950600,BLOCKED,saved_finish_absent_start_plus_max_time_only_inferred,passed
dc6d527433c6ce1ec5388b1a6a6c66b5601bbf695ba7ecefd80029b98dfa18db,ES10,ES10C5,70,04/28/2015,11:30 AM,2:00 PM,4748,10,5,0,5,5,true,"[1,3,5,7,9]",0,2015-04-28T12:51:55.079500,BLOCKED,saved_finish_absent_start_plus_max_time_only_inferred,passed
dc6d527433c6ce1ec5388b1a6a6c66b5601bbf695ba7ecefd80029b98dfa18db,ES10,ES10C5,71,05/04/2015,1:30 PM,4:30 PM,4891.5,10,5,0,5,5,true,"[1,3,5,7,9]",0,2015-05-04T14:36:06.671600,BLOCKED,saved_finish_absent_start_plus_max_time_only_inferred,passed
dc6d527433c6ce1ec5388b1a6a6c66b5601bbf695ba7ecefd80029b98dfa18db,ES10,ES10C5,72,05/13/2015,2:00 PM,2:00 PM,5105.5,10,5,0,5,5,true,"[1,3,5,7,9]",0,2015-05-13T14:53:39.670500,BLOCKED,saved_finish_absent_start_plus_max_time_only_inferred,passed
dc6d527433c6ce1ec5388b1a6a6c66b5601bbf695ba7ecefd80029b98dfa18db,ES10,ES10C6,0,9/29/2014,,,0,26,26,0,0,26,false,"[6,7,8,9,10,11,12,13,14,0,1,2,3,4,5,17,18,19,20,21,22,23,24,25,15,16]",0,2014-09-29T12:28:14.686500,BLOCKED,saved_finish_absent_start_plus_max_time_only_inferred,passed
dc6d527433c6ce1ec5388b1a6a6c66b5601bbf695ba7ecefd80029b98dfa18db,ES10,ES10C6,1,9/30/2014,,,0,5,5,0,0,5,true,"[0,1,2,3,4]",0,2014-09-30T10:41:14.672500,BLOCKED,saved_finish_absent_start_plus_max_time_only_inferred,passed
dc6d527433c6ce1ec5388b1a6a6c66b5601bbf695ba7ecefd80029b98dfa18db,ES10,ES10C6,2,10/1/2014,10:00 AM,12:00 PM,2,5,5,0,0,5,true,"[0,1,2,3,4]",0,2014-10-01T13:45:17.059500,BLOCKED,saved_finish_absent_start_plus_max_time_only_inferred,passed
dc6d527433c6ce1ec5388b1a6a6c66b5601bbf695ba7ecefd80029b98dfa18db,ES10,ES10C6,3,10/2/2014,4:00 PM,1:00 PM,23,5,5,0,0,5,true,"[0,1,2,3,4]",0,2014-10-02T14:32:55.278600,BLOCKED,saved_finish_absent_start_plus_max_time_only_inferred,passed
dc6d527433c6ce1ec5388b1a6a6c66b5601bbf695ba7ecefd80029b98dfa18db,ES10,ES10C6,4,10/3/2014,4:00 PM,7:20 AM,38.3333,5,5,0,0,5,true,"[0,1,2,3,4]",0,2014-10-03T08:47:26.281500,BLOCKED,saved_finish_absent_start_plus_max_time_only_inferred,passed
dc6d527433c6ce1ec5388b1a6a6c66b5601bbf695ba7ecefd80029b98dfa18db,ES10,ES10C6,5,10/3/2014,10:20 AM,12:00 PM,40,5,5,0,0,5,true,"[0,1,2,3,4]",0,2014-10-03T13:19:36.060500,BLOCKED,saved_finish_absent_start_plus_max_time_only_inferred,passed
dc6d527433c6ce1ec5388b1a6a6c66b5601bbf695ba7ecefd80029b98dfa18db,ES10,ES10C6,6,10/6/2014,2:25 PM,7:25 AM,105,5,5,0,0,5,true,"[0,1,2,3,4]",0,2014-10-06T08:37:07.284500,BLOCKED,saved_finish_absent_start_plus_max_time_only_inferred,passed
dc6d527433c6ce1ec5388b1a6a6c66b5601bbf695ba7ecefd80029b98dfa18db,ES10,ES10C6,7,10/6/2014,9:40 AM,12:40 PM,108,10,10,0,0,10,false,"[5,6,7,8,9,0,1,2,3,4]",0,2014-10-06T13:52:40.282500,BLOCKED,saved_finish_absent_start_plus_max_time_only_inferred,passed
dc6d527433c6ce1ec5388b1a6a6c66b5601bbf695ba7ecefd80029b98dfa18db,ES10,ES10C6,8,10/7/2014,2:55 PM,7:55 AM,125,5,5,0,0,5,true,"[0,1,2,3,4]",0,2014-10-07T08:41:00.278500,BLOCKED,saved_finish_absent_start_plus_max_time_only_inferred,passed
dc6d527433c6ce1ec5388b1a6a6c66b5601bbf695ba7ecefd80029b98dfa18db,ES10,ES10C6,9,10/7/2014,9:45 AM,12:45 PM,128,5,5,0,0,5,true,"[0,1,2,3,4]",0,2014-10-07T13:36:22.111500,BLOCKED,saved_finish_absent_start_plus_max_time_only_inferred,passed
dc6d527433c6ce1ec5388b1a6a6c66b5601bbf695ba7ecefd80029b98dfa18db,ES10,ES10C6,10,10/8/2014,3:00 PM,9:00 AM,146,5,5,0,0,5,true,"[0,1,2,3,4]",0,2014-10-08T10:14:53.115500,BLOCKED,saved_finish_absent_start_plus_max_time_only_inferred,passed
dc6d527433c6ce1ec5388b1a6a6c66b5601bbf695ba7ecefd80029b98dfa18db,ES10,ES10C6,11,10/9/2014,11:30 AM,7:30 AM,166,5,5,0,0,5,true,"[0,1,2,3,4]",0,2014-10-09T08:32:37.114600,BLOCKED,saved_finish_absent_start_plus_max_time_only_inferred,passed
dc6d527433c6ce1ec5388b1a6a6c66b5601bbf695ba7ecefd80029b98dfa18db,ES10,ES10C6,12,10/10/2014,9:40 AM,7:40 AM,188,5,5,0,0,5,true,"[0,1,2,3,4]",0,2014-10-10T08:49:02.114500,BLOCKED,saved_finish_absent_start_plus_max_time_only_inferred,passed
dc6d527433c6ce1ec5388b1a6a6c66b5601bbf695ba7ecefd80029b98dfa18db,ES10,ES10C6,13,10/10/2014,10:15 AM,2:15 PM,192,5,5,0,0,5,true,"[0,1,2,3,4]",0,2014-10-10T15:22:06.982600,BLOCKED,saved_finish_absent_start_plus_max_time_only_inferred,passed
dc6d527433c6ce1ec5388b1a6a6c66b5601bbf695ba7ecefd80029b98dfa18db,ES10,ES10C6,14,10/13/2014,4:25 PM,11:25 AM,259,5,5,0,0,5,true,"[0,1,2,3,4]",0,2014-10-13T12:10:16.721600,BLOCKED,saved_finish_absent_start_plus_max_time_only_inferred,passed
dc6d527433c6ce1ec5388b1a6a6c66b5601bbf695ba7ecefd80029b98dfa18db,ES10,ES10C6,15,10/14/2014,1:45 PM,7:45 AM,277,5,5,0,0,5,true,"[0,1,2,3,4]",0,2014-10-14T09:21:16.115600,BLOCKED,saved_finish_absent_start_plus_max_time_only_inferred,passed
dc6d527433c6ce1ec5388b1a6a6c66b5601bbf695ba7ecefd80029b98dfa18db,ES10,ES10C6,16,10/14/2014,10:30 AM,12:30 PM,279,5,5,0,0,5,true,"[0,1,2,3,4]",0,2014-10-14T13:24:20.806500,BLOCKED,saved_finish_absent_start_plus_max_time_only_inferred,passed
dc6d527433c6ce1ec5388b1a6a6c66b5601bbf695ba7ecefd80029b98dfa18db,ES10,ES10C6,17,10/15/2014,2:50 PM,8:30 AM,296.66,5,5,0,0,5,true,"[0,1,2,3,4]",0,2014-10-15T09:32:49.525500,BLOCKED,saved_finish_absent_start_plus_max_time_only_inferred,passed
dc6d527433c6ce1ec5388b1a6a6c66b5601bbf695ba7ecefd80029b98dfa18db,ES10,ES10C6,18,10/16/2014,10:40 AM,7:00 AM,317,5,5,0,0,5,true,"[0,1,2,3,4]",0,2014-10-16T08:13:32.534600,BLOCKED,saved_finish_absent_start_plus_max_time_only_inferred,passed
dc6d527433c6ce1ec5388b1a6a6c66b5601bbf695ba7ecefd80029b98dfa18db,ES10,ES10C6,19,10/17/2014,10:00 AM,9:00 AM,352,5,5,0,0,5,true,"[0,1,2,3,4]",0,2014-10-17T09:51:31.566600,BLOCKED,saved_finish_absent_start_plus_max_time_only_inferred,passed
dc6d527433c6ce1ec5388b1a6a6c66b5601bbf695ba7ecefd80029b98dfa18db,ES10,ES10C6,20,10/17/2014,11:30 AM,2:30 PM,355,5,5,0,0,5,true,"[0,1,2,3,4]",0,2014-10-17T15:50:18.456600,BLOCKED,saved_finish_absent_start_plus_max_time_only_inferred,passed
dc6d527433c6ce1ec5388b1a6a6c66b5601bbf695ba7ecefd80029b98dfa18db,ES10,ES10C6,21,10/20/2014,4:30 PM,9:00 AM,419.5,5,5,0,0,5,true,"[0,1,2,3,4]",0,2014-10-20T09:53:12.413500,BLOCKED,saved_finish_absent_start_plus_max_time_only_inferred,passed
dc6d527433c6ce1ec5388b1a6a6c66b5601bbf695ba7ecefd80029b98dfa18db,ES10,ES10C6,22,10/20/2014,11:15 AM,1:45 PM,422,5,5,0,0,5,true,"[0,1,2,3,4]",0,2014-10-20T14:44:22.043500,BLOCKED,saved_finish_absent_start_plus_max_time_only_inferred,passed
dc6d527433c6ce1ec5388b1a6a6c66b5601bbf695ba7ecefd80029b98dfa18db,ES10,ES10C6,23,10/21/2014,4:00 PM,7:00 AM,437,5,5,0,0,5,true,"[0,1,2,3,4]",0,2014-10-21T08:22:49.306600,BLOCKED,saved_finish_absent_start_plus_max_time_only_inferred,passed
dc6d527433c6ce1ec5388b1a6a6c66b5601bbf695ba7ecefd80029b98dfa18db,ES10,ES10C6,24,10/21/2014,10:00 AM,3:00 PM,442,5,5,0,0,5,true,"[0,1,2,3,4]",0,2014-10-21T16:02:11.456500,BLOCKED,saved_finish_absent_start_plus_max_time_only_inferred,passed
dc6d527433c6ce1ec5388b1a6a6c66b5601bbf695ba7ecefd80029b98dfa18db,ES10,ES10C6,25,10/22/2014,5:15 PM,7:15 AM,456,5,5,0,0,5,true,"[0,1,2,3,4]",0,2014-10-22T08:15:09.260500,BLOCKED,saved_finish_absent_start_plus_max_time_only_inferred,passed
dc6d527433c6ce1ec5388b1a6a6c66b5601bbf695ba7ecefd80029b98dfa18db,ES10,ES10C6,26,10/23/2014,4:40 PM,9:10 AM,472.5,5,5,0,0,5,true,"[0,1,2,3,4]",0,2014-10-23T10:14:37.057600,BLOCKED,saved_finish_absent_start_plus_max_time_only_inferred,passed
dc6d527433c6ce1ec5388b1a6a6c66b5601bbf695ba7ecefd80029b98dfa18db,ES10,ES10C6,27,10/24/2014,11:45 AM,9:15 AM,494,5,5,0,0,5,true,"[0,1,2,3,4]",0,2014-10-24T10:14:18.059500,BLOCKED,saved_finish_absent_start_plus_max_time_only_inferred,passed
dc6d527433c6ce1ec5388b1a6a6c66b5601bbf695ba7ecefd80029b98dfa18db,ES10,ES10C6,28,10/24/2014,12:10 PM,2:10 PM,496,5,5,0,0,5,true,"[0,1,2,3,4]",0,2014-10-24T15:10:18.058600,BLOCKED,saved_finish_absent_start_plus_max_time_only_inferred,passed
dc6d527433c6ce1ec5388b1a6a6c66b5601bbf695ba7ecefd80029b98dfa18db,ES10,ES10C6,29,10/27/2014,4:30 PM,8:30 AM,560,5,5,0,0,5,true,"[0,1,2,3,4]",0,2014-10-27T09:26:19.334600,BLOCKED,saved_finish_absent_start_plus_max_time_only_inferred,passed
dc6d527433c6ce1ec5388b1a6a6c66b5601bbf695ba7ecefd80029b98dfa18db,ES10,ES10C6,30,10/27/2014,11:35 AM,1:35 PM,562,5,5,0,0,5,true,"[0,1,2,3,4]",0,2014-10-27T14:23:46.193500,BLOCKED,saved_finish_absent_start_plus_max_time_only_inferred,passed
dc6d527433c6ce1ec5388b1a6a6c66b5601bbf695ba7ecefd80029b98dfa18db,ES10,ES10C6,31,10/28/2014,3:45 PM,8:15 AM,578.5,5,5,0,0,5,true,"[0,1,2,3,4]",0,2014-10-28T09:51:47.060500,BLOCKED,saved_finish_absent_start_plus_max_time_only_inferred,passed
dc6d527433c6ce1ec5388b1a6a6c66b5601bbf695ba7ecefd80029b98dfa18db,ES10,ES10C6,32,10/29/2014,12:15 PM,7:15 AM,597.5,5,5,0,0,5,true,"[0,1,2,3,4]",0,2014-10-29T08:13:16.056500,BLOCKED,saved_finish_absent_start_plus_max_time_only_inferred,passed
dc6d527433c6ce1ec5388b1a6a6c66b5601bbf695ba7ecefd80029b98dfa18db,ES10,ES10C6,33,10/29/2014,9:20 AM,1:50 PM,602,5,5,0,0,5,true,"[0,1,2,3,4]",0,2014-10-29T15:12:09.288600,BLOCKED,saved_finish_absent_start_plus_max_time_only_inferred,passed
dc6d527433c6ce1ec5388b1a6a6c66b5601bbf695ba7ecefd80029b98dfa18db,ES10,ES10C6,34,10/30/2014,4:15 PM,9:15 AM,619,5,5,0,0,5,true,"[0,1,2,3,4]",0,2014-10-30T10:19:01.057500,BLOCKED,saved_finish_absent_start_plus_max_time_only_inferred,passed
dc6d527433c6ce1ec5388b1a6a6c66b5601bbf695ba7ecefd80029b98dfa18db,ES10,ES10C6,35,10/30/2014,11:25 AM,3:25 PM,623,5,5,0,0,5,true,"[0,1,2,3,4]",0,2014-10-30T17:04:28.283600,BLOCKED,saved_finish_absent_start_plus_max_time_only_inferred,passed
dc6d527433c6ce1ec5388b1a6a6c66b5601bbf695ba7ecefd80029b98dfa18db,ES10,ES10C6,36,10/31/2014,6:05 PM,9:15 AM,650.25,5,5,0,0,5,true,"[0,1,2,3,4]",0,2014-10-31T10:21:00.245500,BLOCKED,saved_finish_absent_start_plus_max_time_only_inferred,passed
dc6d527433c6ce1ec5388b1a6a6c66b5601bbf695ba7ecefd80029b98dfa18db,ES10,ES10C6,37,11/3/2014,11:45 AM,8:30 AM,719,5,5,0,0,5,true,"[0,1,2,3,4]",0,2014-11-03T09:26:01.144500,BLOCKED,saved_finish_absent_start_plus_max_time_only_inferred,passed
dc6d527433c6ce1ec5388b1a6a6c66b5601bbf695ba7ecefd80029b98dfa18db,ES10,ES10C6,38,11/4/2014,10:30 AM,8:00 AM,740.5,5,5,0,0,5,true,"[0,1,2,3,4]",0,2014-11-04T09:03:27.148600,BLOCKED,saved_finish_absent_start_plus_max_time_only_inferred,passed
dc6d527433c6ce1ec5388b1a6a6c66b5601bbf695ba7ecefd80029b98dfa18db,ES10,ES10C6,39,11/5/2014,2:30 PM,9:00 AM,759,5,5,0,0,5,true,"[0,1,2,3,4]",0,2014-11-05T13:18:49.291500,BLOCKED,saved_finish_absent_start_plus_max_time_only_inferred,passed
dc6d527433c6ce1ec5388b1a6a6c66b5601bbf695ba7ecefd80029b98dfa18db,ES10,ES10C6,40,11/6/2014,3:45 PM,8:15 AM,775.5,5,5,0,0,5,true,"[0,1,2,3,4]",0,2014-11-06T09:15:18.984500,BLOCKED,saved_finish_absent_start_plus_max_time_only_inferred,passed
dc6d527433c6ce1ec5388b1a6a6c66b5601bbf695ba7ecefd80029b98dfa18db,ES10,ES10C6,41,11/6/2014,10:40 AM,2:20 PM,779,5,5,0,0,5,true,"[0,1,2,3,4]",0,2014-11-06T15:17:35.982500,BLOCKED,saved_finish_absent_start_plus_max_time_only_inferred,passed
dc6d527433c6ce1ec5388b1a6a6c66b5601bbf695ba7ecefd80029b98dfa18db,ES10,ES10C6,42,11/7/2014,5:00 PM,1:00 PM,799,5,5,0,0,5,true,"[0,1,2,3,4]",0,2014-11-07T14:47:37.982500,BLOCKED,saved_finish_absent_start_plus_max_time_only_inferred,passed
dc6d527433c6ce1ec5388b1a6a6c66b5601bbf695ba7ecefd80029b98dfa18db,ES10,ES10C6,43,11/10/2014,10:00 AM,1:00 PM,802,5,5,0,0,5,true,"[0,1,2,3,4]",0,2014-11-10T14:00:43.940600,BLOCKED,saved_finish_absent_start_plus_max_time_only_inferred,passed
dc6d527433c6ce1ec5388b1a6a6c66b5601bbf695ba7ecefd80029b98dfa18db,ES10,ES10C6,44,11/12/2014,3:30 PM,9:00 AM,843.5,5,5,0,0,5,true,"[0,1,2,3,4]",0,2014-11-12T10:28:17.717600,BLOCKED,saved_finish_absent_start_plus_max_time_only_inferred,passed
dc6d527433c6ce1ec5388b1a6a6c66b5601bbf695ba7ecefd80029b98dfa18db,ES10,ES10C6,45,11/12/2014,12:00 PM,4:30 PM,848,5,5,0,0,5,true,"[0,1,2,3,4]",0,2014-11-12T17:40:40.588500,BLOCKED,saved_finish_absent_start_plus_max_time_only_inferred,passed
dc6d527433c6ce1ec5388b1a6a6c66b5601bbf695ba7ecefd80029b98dfa18db,ES10,ES10C6,46,11/13/2014,7:00 PM,8:00 AM,861,5,5,0,0,5,true,"[0,1,2,3,4]",0,2014-11-13T08:57:20.982500,BLOCKED,saved_finish_absent_start_plus_max_time_only_inferred,passed
dc6d527433c6ce1ec5388b1a6a6c66b5601bbf695ba7ecefd80029b98dfa18db,ES10,ES10C6,47,11/13/2014,10:00 AM,2:00 PM,865,5,5,0,0,5,true,"[0,1,2,3,4]",0,2014-11-13T15:07:47.673500,BLOCKED,saved_finish_absent_start_plus_max_time_only_inferred,passed
dc6d527433c6ce1ec5388b1a6a6c66b5601bbf695ba7ecefd80029b98dfa18db,ES10,ES10C6,48,11/14/2014,4:45 PM,2:15 PM,886.5,5,5,0,0,5,true,"[0,1,2,3,4]",0,2014-11-14T15:29:06.581600,BLOCKED,saved_finish_absent_start_plus_max_time_only_inferred,passed
dc6d527433c6ce1ec5388b1a6a6c66b5601bbf695ba7ecefd80029b98dfa18db,ES10,ES10C6,49,11/17/2014,5:00 PM,10:00 AM,951.5,5,5,0,0,5,true,"[0,1,2,3,4]",0,2014-11-17T11:05:39.715500,BLOCKED,saved_finish_absent_start_plus_max_time_only_inferred,passed
dc6d527433c6ce1ec5388b1a6a6c66b5601bbf695ba7ecefd80029b98dfa18db,ES10,ES10C6,50,11/17/2014,12:30 PM,2:00 PM,953,5,5,0,0,5,true,"[0,1,2,3,4]",0,2014-11-17T14:44:47.654500,BLOCKED,saved_finish_absent_start_plus_max_time_only_inferred,passed
dc6d527433c6ce1ec5388b1a6a6c66b5601bbf695ba7ecefd80029b98dfa18db,ES10,ES10C6,51,11/18/2014,4:15 PM,9:15 AM,970,5,5,0,0,5,true,"[0,1,2,3,4]",0,2014-11-18T10:10:30.677500,BLOCKED,saved_finish_absent_start_plus_max_time_only_inferred,passed
dc6d527433c6ce1ec5388b1a6a6c66b5601bbf695ba7ecefd80029b98dfa18db,ES10,ES10C6,52,11/18/2014,11:15 AM,1:15 PM,972,5,5,0,0,5,true,"[0,1,2,3,4]",0,2014-11-18T14:38:14.387600,BLOCKED,saved_finish_absent_start_plus_max_time_only_inferred,passed
dc6d527433c6ce1ec5388b1a6a6c66b5601bbf695ba7ecefd80029b98dfa18db,ES10,ES10C6,53,11/19/2014,3:45 PM,10:15 AM,990.5,5,5,0,0,5,true,"[0,1,2,3,4]",0,2014-11-19T11:19:25.253600,BLOCKED,saved_finish_absent_start_plus_max_time_only_inferred,passed
dc6d527433c6ce1ec5388b1a6a6c66b5601bbf695ba7ecefd80029b98dfa18db,ES10,ES10C6,54,11/20/2014,2:00 PM,9:30 AM,1010,5,5,0,0,5,true,"[0,1,2,3,4]",0,2014-11-20T11:21:45.648500,BLOCKED,saved_finish_absent_start_plus_max_time_only_inferred,passed
dc6d527433c6ce1ec5388b1a6a6c66b5601bbf695ba7ecefd80029b98dfa18db,ES10,ES10C6,55,11/21/2014,3:00 PM,10:00 AM,1029,5,5,0,0,5,true,"[0,1,2,3,4]",0,2014-11-21T11:15:25.678500,BLOCKED,saved_finish_absent_start_plus_max_time_only_inferred,passed
dc6d527433c6ce1ec5388b1a6a6c66b5601bbf695ba7ecefd80029b98dfa18db,ES10,ES10C6,56,11/24/2014,2:00 PM,9:30 AM,1096.5,5,5,0,0,5,true,"[0,1,2,3,4]",0,2014-11-24T10:23:53.676600,BLOCKED,saved_finish_absent_start_plus_max_time_only_inferred,passed
dc6d527433c6ce1ec5388b1a6a6c66b5601bbf695ba7ecefd80029b98dfa18db,ES10,ES10C6,57,11/25/2014,11:30 AM,3:00 PM,1124,5,5,0,0,5,true,"[0,1,2,3,4]",0,2014-11-25T17:37:12.652500,BLOCKED,saved_finish_absent_start_plus_max_time_only_inferred,passed
dc6d527433c6ce1ec5388b1a6a6c66b5601bbf695ba7ecefd80029b98dfa18db,ES10,ES10C6,58,11/26/2014,7:15 PM,10:45 AM,1140.5,6,6,0,0,6,true,"[0,1,2,3,4,5]",0,2014-11-26T11:40:07.654500,BLOCKED,saved_finish_absent_start_plus_max_time_only_inferred,passed
dc6d527433c6ce1ec5388b1a6a6c66b5601bbf695ba7ecefd80029b98dfa18db,ES10,ES10C6,59,12/1/2014,2:15 PM,10:45 AM,1257,5,5,0,0,5,true,"[0,1,2,3,4]",0,2014-12-01T11:34:56.259500,BLOCKED,saved_finish_absent_start_plus_max_time_only_inferred,passed
dc6d527433c6ce1ec5388b1a6a6c66b5601bbf695ba7ecefd80029b98dfa18db,ES10,ES10C6,60,12/1/2014,1:20 PM,2:20 PM,1258,5,5,0,0,5,true,"[0,1,2,3,4]",0,2014-12-01T15:20:47.257500,BLOCKED,saved_finish_absent_start_plus_max_time_only_inferred,passed
dc6d527433c6ce1ec5388b1a6a6c66b5601bbf695ba7ecefd80029b98dfa18db,ES10,ES10C6,61,12/3/2014,5:30 PM,10:30 AM,1299,5,5,0,0,5,true,"[0,1,2,3,4]",0,2014-12-03T11:35:40.389500,BLOCKED,saved_finish_absent_start_plus_max_time_only_inferred,passed
dc6d527433c6ce1ec5388b1a6a6c66b5601bbf695ba7ecefd80029b98dfa18db,ES10,ES10C6,62,12/3/2014,1:15 PM,2:45 PM,1300.5,5,5,0,0,5,true,"[0,1,2,3,4]",0,2014-12-03T15:32:39.257600,BLOCKED,saved_finish_absent_start_plus_max_time_only_inferred,passed
dc6d527433c6ce1ec5388b1a6a6c66b5601bbf695ba7ecefd80029b98dfa18db,ES10,ES10C6,63,12/4/2014,4:30 PM,9:30 AM,1317.5,5,5,0,0,5,true,"[0,1,2,3,4]",0,2014-12-04T10:48:15.387500,BLOCKED,saved_finish_absent_start_plus_max_time_only_inferred,passed
dc6d527433c6ce1ec5388b1a6a6c66b5601bbf695ba7ecefd80029b98dfa18db,ES10,ES10C6,64,12/5/2014,11:45 AM,10:15 AM,1341,5,5,0,0,5,true,"[0,1,2,3,4]",0,2014-12-05T11:07:29.676600,BLOCKED,saved_finish_absent_start_plus_max_time_only_inferred,passed
dc6d527433c6ce1ec5388b1a6a6c66b5601bbf695ba7ecefd80029b98dfa18db,ES10,ES10C6,65,12/8/2014,2:25 PM,9:25 AM,1408,5,5,0,0,5,true,"[0,1,2,3,4]",0,2014-12-08T10:41:41.389500,BLOCKED,saved_finish_absent_start_plus_max_time_only_inferred,passed
dc6d527433c6ce1ec5388b1a6a6c66b5601bbf695ba7ecefd80029b98dfa18db,ES10,ES10C6,66,12/10/2014,1:15 PM,1:45 PM,1456.5,5,5,0,0,5,true,"[0,1,2,3,4]",0,2014-12-10T14:45:45.252500,BLOCKED,saved_finish_absent_start_plus_max_time_only_inferred,passed
dc6d527433c6ce1ec5388b1a6a6c66b5601bbf695ba7ecefd80029b98dfa18db,ES10,ES10C6,67,12/16/2014,4:05 PM,9:35 AM,1594,5,5,0,0,5,true,"[0,1,2,3,4]",0,2014-12-16T10:51:49.256600,BLOCKED,saved_finish_absent_start_plus_max_time_only_inferred,passed
dc6d527433c6ce1ec5388b1a6a6c66b5601bbf695ba7ecefd80029b98dfa18db,ES10,ES10C6,68,2/17/2015,3:00 PM,4:30 PM,3063,5,5,0,0,5,true,"[0,1,2,3,4]",0,2015-02-17T15:23:05.126600,BLOCKED,saved_finish_absent_start_plus_max_time_only_inferred,passed
dc6d527433c6ce1ec5388b1a6a6c66b5601bbf695ba7ecefd80029b98dfa18db,ES10,ES10C6,69,04/20/2015,3:30 PM,6:30 PM,4551,10,5,0,5,5,true,"[1,3,5,7,9]",0,2015-04-20T16:24:23.344500,BLOCKED,saved_finish_absent_start_plus_max_time_only_inferred,passed
dc6d527433c6ce1ec5388b1a6a6c66b5601bbf695ba7ecefd80029b98dfa18db,ES10,ES10C6,70,04/28/2015,11:30 AM,2:00 PM,4748,10,5,0,5,5,true,"[1,3,5,7,9]",0,2015-04-28T12:55:18.951600,BLOCKED,saved_finish_absent_start_plus_max_time_only_inferred,passed
dc6d527433c6ce1ec5388b1a6a6c66b5601bbf695ba7ecefd80029b98dfa18db,ES10,ES10C6,71,05/04/2015,1:30 PM,4:30 PM,4891.5,10,5,0,5,5,true,"[1,3,5,7,9]",0,2015-05-04T14:42:26.951500,BLOCKED,saved_finish_absent_start_plus_max_time_only_inferred,passed
dc6d527433c6ce1ec5388b1a6a6c66b5601bbf695ba7ecefd80029b98dfa18db,ES10,ES10C6,72,05/13/2015,2:00 PM,2:00 PM,5105.5,12,6,0,6,6,true,"[1,3,5,7,9,11]",0,2015-05-13T14:59:03.669600,BLOCKED,saved_finish_absent_start_plus_max_time_only_inferred,passed
dc6d527433c6ce1ec5388b1a6a6c66b5601bbf695ba7ecefd80029b98dfa18db,ES10,ES10C7,0,9/29/2014,,,0,7,7,0,0,7,true,"[0,1,2,3,4,5,6]",0,2014-09-29T12:38:16.934600,BLOCKED,saved_finish_absent_start_plus_max_time_only_inferred,passed
dc6d527433c6ce1ec5388b1a6a6c66b5601bbf695ba7ecefd80029b98dfa18db,ES10,ES10C7,1,9/30/2014,,,0,5,5,0,0,5,true,"[0,1,2,3,4]",0,2014-09-30T10:53:25.684600,BLOCKED,saved_finish_absent_start_plus_max_time_only_inferred,passed
dc6d527433c6ce1ec5388b1a6a6c66b5601bbf695ba7ecefd80029b98dfa18db,ES10,ES10C7,2,10/1/2014,10:00 AM,12:00 PM,2,5,5,0,0,5,true,"[0,1,2,3,4]",0,2014-10-01T13:51:38.061600,BLOCKED,saved_finish_absent_start_plus_max_time_only_inferred,passed
dc6d527433c6ce1ec5388b1a6a6c66b5601bbf695ba7ecefd80029b98dfa18db,ES10,ES10C7,3,10/2/2014,4:00 PM,1:00 PM,23,5,5,0,0,5,true,"[0,1,2,3,4]",0,2014-10-02T14:37:30.062500,BLOCKED,saved_finish_absent_start_plus_max_time_only_inferred,passed
dc6d527433c6ce1ec5388b1a6a6c66b5601bbf695ba7ecefd80029b98dfa18db,ES10,ES10C7,4,10/3/2014,4:00 PM,7:20 AM,38.3333,5,5,0,0,5,true,"[0,1,2,3,4]",0,2014-10-03T08:52:24.059600,BLOCKED,saved_finish_absent_start_plus_max_time_only_inferred,passed
dc6d527433c6ce1ec5388b1a6a6c66b5601bbf695ba7ecefd80029b98dfa18db,ES10,ES10C7,5,10/3/2014,10:20 AM,12:00 PM,40,5,5,0,0,5,true,"[0,1,2,3,4]",0,2014-10-03T13:24:17.059600,BLOCKED,saved_finish_absent_start_plus_max_time_only_inferred,passed
dc6d527433c6ce1ec5388b1a6a6c66b5601bbf695ba7ecefd80029b98dfa18db,ES10,ES10C7,6,10/6/2014,2:25 PM,7:25 AM,105,5,5,0,0,5,true,"[0,1,2,3,4]",0,2014-10-06T08:41:16.059500,BLOCKED,saved_finish_absent_start_plus_max_time_only_inferred,passed
dc6d527433c6ce1ec5388b1a6a6c66b5601bbf695ba7ecefd80029b98dfa18db,ES10,ES10C7,7,10/6/2014,9:40 AM,12:40 PM,108,5,5,0,0,5,true,"[0,1,2,3,4]",0,2014-10-06T13:48:23.245600,BLOCKED,saved_finish_absent_start_plus_max_time_only_inferred,passed
dc6d527433c6ce1ec5388b1a6a6c66b5601bbf695ba7ecefd80029b98dfa18db,ES10,ES10C7,8,10/7/2014,2:55 PM,7:55 AM,125,5,5,0,0,5,true,"[0,1,2,3,4]",0,2014-10-07T08:44:31.421600,BLOCKED,saved_finish_absent_start_plus_max_time_only_inferred,passed
dc6d527433c6ce1ec5388b1a6a6c66b5601bbf695ba7ecefd80029b98dfa18db,ES10,ES10C7,9,10/7/2014,9:45 AM,12:45 PM,128,5,5,0,0,5,true,"[0,1,2,3,4]",0,2014-10-07T13:41:54.060600,BLOCKED,saved_finish_absent_start_plus_max_time_only_inferred,passed
dc6d527433c6ce1ec5388b1a6a6c66b5601bbf695ba7ecefd80029b98dfa18db,ES10,ES10C7,10,10/8/2014,3:00 PM,9:00 AM,146,5,5,0,0,5,true,"[0,1,2,3,4]",0,2014-10-08T10:18:22.110600,BLOCKED,saved_finish_absent_start_plus_max_time_only_inferred,passed
dc6d527433c6ce1ec5388b1a6a6c66b5601bbf695ba7ecefd80029b98dfa18db,ES10,ES10C7,11,10/9/2014,11:30 AM,7:30 AM,166,5,5,0,0,5,true,"[0,1,2,3,4]",0,2014-10-09T08:36:17.980600,BLOCKED,saved_finish_absent_start_plus_max_time_only_inferred,passed
dc6d527433c6ce1ec5388b1a6a6c66b5601bbf695ba7ecefd80029b98dfa18db,ES10,ES10C7,12,10/10/2014,9:40 AM,7:40 AM,188,5,5,0,0,5,true,"[0,1,2,3,4]",0,2014-10-10T08:52:59.113500,BLOCKED,saved_finish_absent_start_plus_max_time_only_inferred,passed
dc6d527433c6ce1ec5388b1a6a6c66b5601bbf695ba7ecefd80029b98dfa18db,ES10,ES10C7,13,10/10/2014,10:15 AM,2:15 PM,192,5,5,0,0,5,true,"[0,1,2,3,4]",0,2014-10-10T15:25:31.718500,BLOCKED,saved_finish_absent_start_plus_max_time_only_inferred,passed
dc6d527433c6ce1ec5388b1a6a6c66b5601bbf695ba7ecefd80029b98dfa18db,ES10,ES10C7,14,10/13/2014,4:25 PM,11:25 AM,259,5,5,0,0,5,true,"[0,1,2,3,4]",0,2014-10-13T12:14:23.715600,BLOCKED,saved_finish_absent_start_plus_max_time_only_inferred,passed
dc6d527433c6ce1ec5388b1a6a6c66b5601bbf695ba7ecefd80029b98dfa18db,ES10,ES10C7,15,10/14/2014,1:45 PM,7:45 AM,277,5,5,0,0,5,true,"[0,1,2,3,4]",0,2014-10-14T09:25:40.981500,BLOCKED,saved_finish_absent_start_plus_max_time_only_inferred,passed
dc6d527433c6ce1ec5388b1a6a6c66b5601bbf695ba7ecefd80029b98dfa18db,ES10,ES10C7,16,10/14/2014,10:30 AM,12:30 PM,279,5,5,0,0,5,true,"[0,1,2,3,4]",0,2014-10-14T13:28:41.807500,BLOCKED,saved_finish_absent_start_plus_max_time_only_inferred,passed
dc6d527433c6ce1ec5388b1a6a6c66b5601bbf695ba7ecefd80029b98dfa18db,ES10,ES10C7,17,10/15/2014,2:50 PM,8:30 AM,296.66,5,5,0,0,5,true,"[0,1,2,3,4]",0,2014-10-15T09:41:30.788500,BLOCKED,saved_finish_absent_start_plus_max_time_only_inferred,passed
dc6d527433c6ce1ec5388b1a6a6c66b5601bbf695ba7ecefd80029b98dfa18db,ES10,ES10C7,18,10/16/2014,10:40 AM,7:00 AM,317,5,5,0,0,5,true,"[0,1,2,3,4]",0,2014-10-16T08:17:03.527500,BLOCKED,saved_finish_absent_start_plus_max_time_only_inferred,passed
dc6d527433c6ce1ec5388b1a6a6c66b5601bbf695ba7ecefd80029b98dfa18db,ES10,ES10C7,19,10/17/2014,10:00 AM,9:00 AM,352,5,5,0,0,5,true,"[0,1,2,3,4]",0,2014-10-17T09:55:05.413600,BLOCKED,saved_finish_absent_start_plus_max_time_only_inferred,passed
dc6d527433c6ce1ec5388b1a6a6c66b5601bbf695ba7ecefd80029b98dfa18db,ES10,ES10C7,20,10/17/2014,11:30 AM,2:30 PM,355,5,5,0,0,5,true,"[0,1,2,3,4]",0,2014-10-17T15:53:58.325500,BLOCKED,saved_finish_absent_start_plus_max_time_only_inferred,passed
dc6d527433c6ce1ec5388b1a6a6c66b5601bbf695ba7ecefd80029b98dfa18db,ES10,ES10C7,21,10/20/2014,4:30 PM,9:00 AM,419.5,5,5,0,0,5,true,"[0,1,2,3,4]",0,2014-10-20T09:56:52.191500,BLOCKED,saved_finish_absent_start_plus_max_time_only_inferred,passed
dc6d527433c6ce1ec5388b1a6a6c66b5601bbf695ba7ecefd80029b98dfa18db,ES10,ES10C7,22,10/20/2014,11:15 AM,1:45 PM,422,5,5,0,0,5,true,"[0,1,2,3,4]",0,2014-10-20T14:48:25.190500,BLOCKED,saved_finish_absent_start_plus_max_time_only_inferred,passed
dc6d527433c6ce1ec5388b1a6a6c66b5601bbf695ba7ecefd80029b98dfa18db,ES10,ES10C7,23,10/21/2014,4:00 PM,7:00 AM,437,5,5,0,0,5,true,"[0,1,2,3,4]",0,2014-10-21T08:26:47.458600,BLOCKED,saved_finish_absent_start_plus_max_time_only_inferred,passed
dc6d527433c6ce1ec5388b1a6a6c66b5601bbf695ba7ecefd80029b98dfa18db,ES10,ES10C7,24,10/21/2014,10:00 AM,3:00 PM,442,5,5,0,0,5,true,"[0,1,2,3,4]",0,2014-10-21T16:06:15.192500,BLOCKED,saved_finish_absent_start_plus_max_time_only_inferred,passed
dc6d527433c6ce1ec5388b1a6a6c66b5601bbf695ba7ecefd80029b98dfa18db,ES10,ES10C7,25,10/22/2014,5:15 PM,7:15 AM,456,5,5,0,0,5,true,"[0,1,2,3,4]",0,2014-10-22T08:18:43.304500,BLOCKED,saved_finish_absent_start_plus_max_time_only_inferred,passed
dc6d527433c6ce1ec5388b1a6a6c66b5601bbf695ba7ecefd80029b98dfa18db,ES10,ES10C7,26,10/23/2014,4:40 PM,9:10 AM,472.5,5,5,0,0,5,true,"[0,1,2,3,4]",0,2014-10-23T10:18:23.061600,BLOCKED,saved_finish_absent_start_plus_max_time_only_inferred,passed
dc6d527433c6ce1ec5388b1a6a6c66b5601bbf695ba7ecefd80029b98dfa18db,ES10,ES10C7,27,10/24/2014,11:45 AM,9:15 AM,494,5,5,0,0,5,true,"[0,1,2,3,4]",0,2014-10-24T10:17:43.056600,BLOCKED,saved_finish_absent_start_plus_max_time_only_inferred,passed
dc6d527433c6ce1ec5388b1a6a6c66b5601bbf695ba7ecefd80029b98dfa18db,ES10,ES10C7,28,10/24/2014,12:10 PM,2:10 PM,496,5,5,0,0,5,true,"[0,1,2,3,4]",0,2014-10-24T15:13:46.058500,BLOCKED,saved_finish_absent_start_plus_max_time_only_inferred,passed
dc6d527433c6ce1ec5388b1a6a6c66b5601bbf695ba7ecefd80029b98dfa18db,ES10,ES10C7,29,10/27/2014,4:30 PM,8:30 AM,560,5,5,0,0,5,true,"[0,1,2,3,4]",0,2014-10-27T09:29:53.058500,BLOCKED,saved_finish_absent_start_plus_max_time_only_inferred,passed
dc6d527433c6ce1ec5388b1a6a6c66b5601bbf695ba7ecefd80029b98dfa18db,ES10,ES10C7,30,10/27/2014,11:35 AM,1:35 PM,562,5,5,0,0,5,true,"[0,1,2,3,4]",0,2014-10-27T14:27:33.055500,BLOCKED,saved_finish_absent_start_plus_max_time_only_inferred,passed
dc6d527433c6ce1ec5388b1a6a6c66b5601bbf695ba7ecefd80029b98dfa18db,ES10,ES10C7,31,10/28/2014,3:45 PM,8:15 AM,578.5,5,5,0,0,5,true,"[0,1,2,3,4]",0,2014-10-28T09:56:35.148600,BLOCKED,saved_finish_absent_start_plus_max_time_only_inferred,passed
dc6d527433c6ce1ec5388b1a6a6c66b5601bbf695ba7ecefd80029b98dfa18db,ES10,ES10C7,32,10/29/2014,12:15 PM,7:15 AM,597.5,5,5,0,0,5,true,"[0,1,2,3,4]",0,2014-10-29T08:16:48.244500,BLOCKED,saved_finish_absent_start_plus_max_time_only_inferred,passed
dc6d527433c6ce1ec5388b1a6a6c66b5601bbf695ba7ecefd80029b98dfa18db,ES10,ES10C7,33,10/29/2014,9:20 AM,1:50 PM,602,5,5,0,0,5,true,"[0,1,2,3,4]",0,2014-10-29T15:19:08.061500,BLOCKED,saved_finish_absent_start_plus_max_time_only_inferred,passed
dc6d527433c6ce1ec5388b1a6a6c66b5601bbf695ba7ecefd80029b98dfa18db,ES10,ES10C7,34,10/30/2014,4:15 PM,9:15 AM,619,5,5,0,0,5,true,"[0,1,2,3,4]",0,2014-10-30T10:23:19.058600,BLOCKED,saved_finish_absent_start_plus_max_time_only_inferred,passed
dc6d527433c6ce1ec5388b1a6a6c66b5601bbf695ba7ecefd80029b98dfa18db,ES10,ES10C7,35,10/30/2014,11:25 AM,3:25 PM,623,5,5,0,0,5,true,"[0,1,2,3,4]",0,2014-10-30T17:07:46.063600,BLOCKED,saved_finish_absent_start_plus_max_time_only_inferred,passed
dc6d527433c6ce1ec5388b1a6a6c66b5601bbf695ba7ecefd80029b98dfa18db,ES10,ES10C7,36,10/31/2014,6:05 PM,9:15 AM,650.25,5,5,0,0,5,true,"[0,1,2,3,4]",0,2014-10-31T10:24:27.060500,BLOCKED,saved_finish_absent_start_plus_max_time_only_inferred,passed
dc6d527433c6ce1ec5388b1a6a6c66b5601bbf695ba7ecefd80029b98dfa18db,ES10,ES10C7,37,11/3/2014,11:45 AM,8:30 AM,719,5,5,0,0,5,true,"[0,1,2,3,4]",0,2014-11-03T09:29:29.243600,BLOCKED,saved_finish_absent_start_plus_max_time_only_inferred,passed
dc6d527433c6ce1ec5388b1a6a6c66b5601bbf695ba7ecefd80029b98dfa18db,ES10,ES10C7,38,11/4/2014,10:30 AM,8:00 AM,740.5,5,5,0,0,5,true,"[0,1,2,3,4]",0,2014-11-04T09:07:21.114500,BLOCKED,saved_finish_absent_start_plus_max_time_only_inferred,passed
dc6d527433c6ce1ec5388b1a6a6c66b5601bbf695ba7ecefd80029b98dfa18db,ES10,ES10C7,39,11/5/2014,2:30 PM,9:00 AM,759,5,5,0,0,5,true,"[0,1,2,3,4]",0,2014-11-05T13:22:23.151500,BLOCKED,saved_finish_absent_start_plus_max_time_only_inferred,passed
dc6d527433c6ce1ec5388b1a6a6c66b5601bbf695ba7ecefd80029b98dfa18db,ES10,ES10C7,40,11/6/2014,3:45 PM,8:15 AM,775.5,5,5,0,0,5,true,"[0,1,2,3,4]",0,2014-11-06T09:22:21.151600,BLOCKED,saved_finish_absent_start_plus_max_time_only_inferred,passed
dc6d527433c6ce1ec5388b1a6a6c66b5601bbf695ba7ecefd80029b98dfa18db,ES10,ES10C7,41,11/6/2014,10:40 AM,2:20 PM,779,5,5,0,0,5,true,"[0,1,2,3,4]",0,2014-11-06T15:24:46.114600,BLOCKED,saved_finish_absent_start_plus_max_time_only_inferred,passed
dc6d527433c6ce1ec5388b1a6a6c66b5601bbf695ba7ecefd80029b98dfa18db,ES10,ES10C7,42,11/7/2014,5:00 PM,1:00 PM,799,5,5,0,0,5,true,"[0,1,2,3,4]",0,2014-11-07T14:51:43.020500,BLOCKED,saved_finish_absent_start_plus_max_time_only_inferred,passed
dc6d527433c6ce1ec5388b1a6a6c66b5601bbf695ba7ecefd80029b98dfa18db,ES10,ES10C7,43,11/10/2014,10:00 AM,1:00 PM,802,5,5,0,0,5,true,"[0,1,2,3,4]",0,2014-11-10T14:05:36.718600,BLOCKED,saved_finish_absent_start_plus_max_time_only_inferred,passed
dc6d527433c6ce1ec5388b1a6a6c66b5601bbf695ba7ecefd80029b98dfa18db,ES10,ES10C7,44,11/12/2014,3:30 PM,9:00 AM,843.5,5,5,0,0,5,true,"[0,1,2,3,4]",0,2014-11-12T10:36:48.981500,BLOCKED,saved_finish_absent_start_plus_max_time_only_inferred,passed
dc6d527433c6ce1ec5388b1a6a6c66b5601bbf695ba7ecefd80029b98dfa18db,ES10,ES10C7,45,11/12/2014,12:00 PM,4:30 PM,848,5,5,0,0,5,true,"[0,1,2,3,4]",0,2014-11-12T17:45:01.714500,BLOCKED,saved_finish_absent_start_plus_max_time_only_inferred,passed
dc6d527433c6ce1ec5388b1a6a6c66b5601bbf695ba7ecefd80029b98dfa18db,ES10,ES10C7,46,11/13/2014,7:00 PM,8:00 AM,861,5,5,0,0,5,true,"[0,1,2,3,4]",0,2014-11-13T09:00:51.456600,BLOCKED,saved_finish_absent_start_plus_max_time_only_inferred,passed
dc6d527433c6ce1ec5388b1a6a6c66b5601bbf695ba7ecefd80029b98dfa18db,ES10,ES10C7,47,11/13/2014,10:00 AM,2:00 PM,865,5,5,0,0,5,true,"[0,1,2,3,4]",0,2014-11-13T15:11:38.982600,BLOCKED,saved_finish_absent_start_plus_max_time_only_inferred,passed
dc6d527433c6ce1ec5388b1a6a6c66b5601bbf695ba7ecefd80029b98dfa18db,ES10,ES10C7,48,11/14/2014,4:45 PM,2:15 PM,886.5,5,5,0,0,5,true,"[0,1,2,3,4]",0,2014-11-14T15:32:54.716600,BLOCKED,saved_finish_absent_start_plus_max_time_only_inferred,passed
dc6d527433c6ce1ec5388b1a6a6c66b5601bbf695ba7ecefd80029b98dfa18db,ES10,ES10C7,49,11/17/2014,5:00 PM,10:00 AM,951.5,5,5,0,0,5,true,"[0,1,2,3,4]",0,2014-11-17T11:11:03.716500,BLOCKED,saved_finish_absent_start_plus_max_time_only_inferred,passed
dc6d527433c6ce1ec5388b1a6a6c66b5601bbf695ba7ecefd80029b98dfa18db,ES10,ES10C7,50,11/17/2014,12:30 PM,2:00 PM,953,5,5,0,0,5,true,"[0,1,2,3,4]",0,2014-11-17T14:49:45.586500,BLOCKED,saved_finish_absent_start_plus_max_time_only_inferred,passed
dc6d527433c6ce1ec5388b1a6a6c66b5601bbf695ba7ecefd80029b98dfa18db,ES10,ES10C7,51,11/18/2014,4:15 PM,9:15 AM,970,5,5,0,0,5,true,"[0,1,2,3,4]",0,2014-11-18T10:13:50.718500,BLOCKED,saved_finish_absent_start_plus_max_time_only_inferred,passed
dc6d527433c6ce1ec5388b1a6a6c66b5601bbf695ba7ecefd80029b98dfa18db,ES10,ES10C7,52,11/18/2014,11:15 AM,1:15 PM,972,5,5,0,0,5,true,"[0,1,2,3,4]",0,2014-11-18T14:42:03.674500,BLOCKED,saved_finish_absent_start_plus_max_time_only_inferred,passed
dc6d527433c6ce1ec5388b1a6a6c66b5601bbf695ba7ecefd80029b98dfa18db,ES10,ES10C7,53,11/19/2014,3:45 PM,10:15 AM,990.5,5,5,0,0,5,false,"[0,2,1,3,4]",0,2014-11-19T11:23:32.412500,BLOCKED,saved_finish_absent_start_plus_max_time_only_inferred,passed
dc6d527433c6ce1ec5388b1a6a6c66b5601bbf695ba7ecefd80029b98dfa18db,ES10,ES10C7,54,11/20/2014,2:00 PM,9:30 AM,1010,5,5,0,0,5,true,"[0,1,2,3,4]",0,2014-11-20T11:26:02.938500,BLOCKED,saved_finish_absent_start_plus_max_time_only_inferred,passed
dc6d527433c6ce1ec5388b1a6a6c66b5601bbf695ba7ecefd80029b98dfa18db,ES10,ES10C7,55,11/21/2014,3:00 PM,10:00 AM,1029,5,5,0,0,5,true,"[0,1,2,3,4]",0,2014-11-21T11:19:14.715600,BLOCKED,saved_finish_absent_start_plus_max_time_only_inferred,passed
dc6d527433c6ce1ec5388b1a6a6c66b5601bbf695ba7ecefd80029b98dfa18db,ES10,ES10C7,56,11/24/2014,2:00 PM,9:30 AM,1096.5,5,5,0,0,5,true,"[0,1,2,3,4]",0,2014-11-24T10:28:00.719600,BLOCKED,saved_finish_absent_start_plus_max_time_only_inferred,passed
dc6d527433c6ce1ec5388b1a6a6c66b5601bbf695ba7ecefd80029b98dfa18db,ES10,ES10C7,57,11/25/2014,11:30 AM,3:00 PM,1124,5,5,0,0,5,true,"[0,1,2,3,4]",0,2014-11-25T17:40:38.937500,BLOCKED,saved_finish_absent_start_plus_max_time_only_inferred,passed
dc6d527433c6ce1ec5388b1a6a6c66b5601bbf695ba7ecefd80029b98dfa18db,ES10,ES10C7,58,11/26/2014,7:15 PM,10:45 AM,1140.5,5,5,0,0,5,true,"[0,1,2,3,4]",0,2014-11-26T11:44:19.673500,BLOCKED,saved_finish_absent_start_plus_max_time_only_inferred,passed
dc6d527433c6ce1ec5388b1a6a6c66b5601bbf695ba7ecefd80029b98dfa18db,ES10,ES10C7,59,12/1/2014,2:15 PM,10:45 AM,1257,5,5,0,0,5,true,"[0,1,2,3,4]",0,2014-12-01T11:50:02.255500,BLOCKED,saved_finish_absent_start_plus_max_time_only_inferred,passed
dc6d527433c6ce1ec5388b1a6a6c66b5601bbf695ba7ecefd80029b98dfa18db,ES10,ES10C7,60,12/1/2014,1:20 PM,2:20 PM,1258,5,5,0,0,5,true,"[0,1,2,3,4]",0,2014-12-01T15:28:51.673500,BLOCKED,saved_finish_absent_start_plus_max_time_only_inferred,passed
dc6d527433c6ce1ec5388b1a6a6c66b5601bbf695ba7ecefd80029b98dfa18db,ES10,ES10C7,61,12/3/2014,5:30 PM,10:30 AM,1299,5,5,0,0,5,true,"[0,1,2,3,4]",0,2014-12-03T11:39:44.672500,BLOCKED,saved_finish_absent_start_plus_max_time_only_inferred,passed
dc6d527433c6ce1ec5388b1a6a6c66b5601bbf695ba7ecefd80029b98dfa18db,ES10,ES10C7,62,12/3/2014,1:15 PM,2:45 PM,1300.5,5,5,0,0,5,true,"[0,1,2,3,4]",0,2014-12-03T15:36:17.672500,BLOCKED,saved_finish_absent_start_plus_max_time_only_inferred,passed
dc6d527433c6ce1ec5388b1a6a6c66b5601bbf695ba7ecefd80029b98dfa18db,ES10,ES10C7,63,12/4/2014,4:30 PM,9:30 AM,1317.5,5,5,0,0,5,true,"[0,1,2,3,4]",0,2014-12-04T10:53:06.676600,BLOCKED,saved_finish_absent_start_plus_max_time_only_inferred,passed
dc6d527433c6ce1ec5388b1a6a6c66b5601bbf695ba7ecefd80029b98dfa18db,ES10,ES10C7,64,12/5/2014,11:45 AM,10:15 AM,1341,5,5,0,0,5,true,"[0,1,2,3,4]",0,2014-12-05T11:11:03.675500,BLOCKED,saved_finish_absent_start_plus_max_time_only_inferred,passed
dc6d527433c6ce1ec5388b1a6a6c66b5601bbf695ba7ecefd80029b98dfa18db,ES10,ES10C7,65,12/8/2014,2:25 PM,9:25 AM,1408,5,5,0,0,5,true,"[0,1,2,3,4]",0,2014-12-08T10:45:02.786500,BLOCKED,saved_finish_absent_start_plus_max_time_only_inferred,passed
dc6d527433c6ce1ec5388b1a6a6c66b5601bbf695ba7ecefd80029b98dfa18db,ES10,ES10C7,66,12/10/2014,1:15 PM,1:45 PM,1456.5,5,5,0,0,5,true,"[0,1,2,3,4]",0,2014-12-10T14:49:51.672600,BLOCKED,saved_finish_absent_start_plus_max_time_only_inferred,passed
dc6d527433c6ce1ec5388b1a6a6c66b5601bbf695ba7ecefd80029b98dfa18db,ES10,ES10C7,67,12/16/2014,4:05 PM,9:35 AM,1594,5,5,0,0,5,true,"[0,1,2,3,4]",0,2014-12-16T10:56:11.676500,BLOCKED,saved_finish_absent_start_plus_max_time_only_inferred,passed
dc6d527433c6ce1ec5388b1a6a6c66b5601bbf695ba7ecefd80029b98dfa18db,ES10,ES10C7,68,2/17/2015,3:00 PM,4:30 PM,3063,5,5,0,0,5,true,"[0,1,2,3,4]",0,2015-02-17T15:26:50.278500,BLOCKED,saved_finish_absent_start_plus_max_time_only_inferred,passed
dc6d527433c6ce1ec5388b1a6a6c66b5601bbf695ba7ecefd80029b98dfa18db,ES10,ES10C7,69,04/20/2015,3:30 PM,6:30 PM,4551,10,5,0,5,5,true,"[1,3,5,7,9]",0,2015-04-20T16:29:59.385600,BLOCKED,saved_finish_absent_start_plus_max_time_only_inferred,passed
dc6d527433c6ce1ec5388b1a6a6c66b5601bbf695ba7ecefd80029b98dfa18db,ES10,ES10C7,70,04/28/2015,11:30 AM,2:00 PM,4748,10,5,0,5,5,true,"[1,3,5,7,9]",0,2015-04-28T12:58:37.257500,BLOCKED,saved_finish_absent_start_plus_max_time_only_inferred,passed
dc6d527433c6ce1ec5388b1a6a6c66b5601bbf695ba7ecefd80029b98dfa18db,ES10,ES10C7,71,05/04/2015,1:30 PM,4:30 PM,4891.5,10,5,0,5,5,true,"[1,3,5,7,9]",0,2015-05-04T14:47:50.255500,BLOCKED,saved_finish_absent_start_plus_max_time_only_inferred,passed
dc6d527433c6ce1ec5388b1a6a6c66b5601bbf695ba7ecefd80029b98dfa18db,ES10,ES10C7,72,05/13/2015,2:00 PM,2:00 PM,5105.5,10,5,0,5,5,true,"[1,3,5,7,9]",0,2015-05-13T15:03:05.475500,BLOCKED,saved_finish_absent_start_plus_max_time_only_inferred,passed
dc6d527433c6ce1ec5388b1a6a6c66b5601bbf695ba7ecefd80029b98dfa18db,ES10,ES10C8,0,9/29/2014,,,0,7,7,0,0,7,true,"[0,1,2,3,4,5,6]",0,2014-09-29T12:59:24.673500,BLOCKED,saved_finish_absent_start_plus_max_time_only_inferred,passed
dc6d527433c6ce1ec5388b1a6a6c66b5601bbf695ba7ecefd80029b98dfa18db,ES10,ES10C8,1,9/30/2014,,,0,5,5,0,0,5,true,"[0,1,2,3,4]",0,2014-09-30T11:01:43.495500,BLOCKED,saved_finish_absent_start_plus_max_time_only_inferred,passed
dc6d527433c6ce1ec5388b1a6a6c66b5601bbf695ba7ecefd80029b98dfa18db,ES10,ES10C8,2,10/1/2014,10:00 AM,12:00 PM,2,5,5,0,0,5,true,"[0,1,2,3,4]",0,2014-10-01T13:59:03.347500,BLOCKED,saved_finish_absent_start_plus_max_time_only_inferred,passed
dc6d527433c6ce1ec5388b1a6a6c66b5601bbf695ba7ecefd80029b98dfa18db,ES10,ES10C8,3,10/2/2014,4:00 PM,1:00 PM,23,5,5,0,0,5,true,"[0,1,2,3,4]",0,2014-10-02T14:42:30.280500,BLOCKED,saved_finish_absent_start_plus_max_time_only_inferred,passed
dc6d527433c6ce1ec5388b1a6a6c66b5601bbf695ba7ecefd80029b98dfa18db,ES10,ES10C8,4,10/3/2014,4:00 PM,7:20 AM,38.3333,5,5,0,0,5,true,"[0,1,2,3,4]",0,2014-10-03T08:56:41.654500,BLOCKED,saved_finish_absent_start_plus_max_time_only_inferred,passed
dc6d527433c6ce1ec5388b1a6a6c66b5601bbf695ba7ecefd80029b98dfa18db,ES10,ES10C8,5,10/3/2014,10:20 AM,12:00 PM,40,5,5,0,0,5,true,"[0,1,2,3,4]",0,2014-10-03T13:28:14.255500,BLOCKED,saved_finish_absent_start_plus_max_time_only_inferred,passed
dc6d527433c6ce1ec5388b1a6a6c66b5601bbf695ba7ecefd80029b98dfa18db,ES10,ES10C8,6,10/6/2014,2:25 PM,7:25 AM,105,5,5,0,0,5,true,"[0,1,2,3,4]",0,2014-10-06T08:45:04.480500,BLOCKED,saved_finish_absent_start_plus_max_time_only_inferred,passed
dc6d527433c6ce1ec5388b1a6a6c66b5601bbf695ba7ecefd80029b98dfa18db,ES10,ES10C8,7,10/6/2014,9:40 AM,12:40 PM,108,5,5,0,0,5,true,"[0,1,2,3,4]",0,2014-10-06T13:56:06.254600,BLOCKED,saved_finish_absent_start_plus_max_time_only_inferred,passed
dc6d527433c6ce1ec5388b1a6a6c66b5601bbf695ba7ecefd80029b98dfa18db,ES10,ES10C8,8,10/7/2014,2:55 PM,7:55 AM,125,5,5,0,0,5,true,"[0,1,2,3,4]",0,2014-10-07T08:48:26.255600,BLOCKED,saved_finish_absent_start_plus_max_time_only_inferred,passed
dc6d527433c6ce1ec5388b1a6a6c66b5601bbf695ba7ecefd80029b98dfa18db,ES10,ES10C8,9,10/7/2014,9:45 AM,12:45 PM,128,5,5,0,0,5,true,"[0,1,2,3,4]",0,2014-10-07T13:45:51.259500,BLOCKED,saved_finish_absent_start_plus_max_time_only_inferred,passed
dc6d527433c6ce1ec5388b1a6a6c66b5601bbf695ba7ecefd80029b98dfa18db,ES10,ES10C8,10,10/8/2014,3:00 PM,9:00 AM,146,5,5,0,0,5,true,"[0,1,2,3,4]",0,2014-10-08T10:21:50.479500,BLOCKED,saved_finish_absent_start_plus_max_time_only_inferred,passed
dc6d527433c6ce1ec5388b1a6a6c66b5601bbf695ba7ecefd80029b98dfa18db,ES10,ES10C8,11,10/9/2014,11:30 AM,7:30 AM,166,5,5,0,0,5,true,"[0,1,2,3,4]",0,2014-10-09T08:40:13.477600,BLOCKED,saved_finish_absent_start_plus_max_time_only_inferred,passed
dc6d527433c6ce1ec5388b1a6a6c66b5601bbf695ba7ecefd80029b98dfa18db,ES10,ES10C8,12,10/10/2014,9:40 AM,7:40 AM,188,5,5,0,0,5,true,"[0,1,2,3,4]",0,2014-10-10T08:57:40.257600,BLOCKED,saved_finish_absent_start_plus_max_time_only_inferred,passed
dc6d527433c6ce1ec5388b1a6a6c66b5601bbf695ba7ecefd80029b98dfa18db,ES10,ES10C8,13,10/10/2014,10:15 AM,2:15 PM,192,5,5,0,0,5,true,"[0,1,2,3,4]",0,2014-10-10T15:34:04.080500,BLOCKED,saved_finish_absent_start_plus_max_time_only_inferred,passed
dc6d527433c6ce1ec5388b1a6a6c66b5601bbf695ba7ecefd80029b98dfa18db,ES10,ES10C8,14,10/13/2014,4:25 PM,11:25 AM,259,5,5,0,0,5,true,"[0,1,2,3,4]",0,2014-10-13T12:18:11.081500,BLOCKED,saved_finish_absent_start_plus_max_time_only_inferred,passed
dc6d527433c6ce1ec5388b1a6a6c66b5601bbf695ba7ecefd80029b98dfa18db,ES10,ES10C8,15,10/14/2014,1:45 PM,7:45 AM,277,7,7,0,0,7,true,"[0,1,2,3,4,5,6]",0,2014-10-14T09:10:39.255600,BLOCKED,saved_finish_absent_start_plus_max_time_only_inferred,passed
dc6d527433c6ce1ec5388b1a6a6c66b5601bbf695ba7ecefd80029b98dfa18db,ES10,ES10C8,16,10/14/2014,10:30 AM,12:30 PM,279,5,5,0,0,5,true,"[0,1,2,3,4]",0,2014-10-14T13:32:43.016500,BLOCKED,saved_finish_absent_start_plus_max_time_only_inferred,passed
dc6d527433c6ce1ec5388b1a6a6c66b5601bbf695ba7ecefd80029b98dfa18db,ES10,ES10C8,17,10/15/2014,2:50 PM,8:30 AM,296.66,5,5,0,0,5,true,"[0,1,2,3,4]",0,2014-10-15T09:45:28.881500,BLOCKED,saved_finish_absent_start_plus_max_time_only_inferred,passed
dc6d527433c6ce1ec5388b1a6a6c66b5601bbf695ba7ecefd80029b98dfa18db,ES10,ES10C8,18,10/16/2014,10:40 AM,7:00 AM,317,5,5,0,0,5,true,"[0,1,2,3,4]",0,2014-10-16T08:20:25.983600,BLOCKED,saved_finish_absent_start_plus_max_time_only_inferred,passed
dc6d527433c6ce1ec5388b1a6a6c66b5601bbf695ba7ecefd80029b98dfa18db,ES10,ES10C8,19,10/17/2014,10:00 AM,9:00 AM,352,5,5,0,0,5,true,"[0,1,2,3,4]",0,2014-10-17T09:58:25.455600,BLOCKED,saved_finish_absent_start_plus_max_time_only_inferred,passed
dc6d527433c6ce1ec5388b1a6a6c66b5601bbf695ba7ecefd80029b98dfa18db,ES10,ES10C8,20,10/17/2014,11:30 AM,2:30 PM,355,5,5,0,0,5,false,"[1,0,2,3,4]",0,2014-10-17T15:57:46.673500,BLOCKED,saved_finish_absent_start_plus_max_time_only_inferred,passed
dc6d527433c6ce1ec5388b1a6a6c66b5601bbf695ba7ecefd80029b98dfa18db,ES10,ES10C8,21,10/20/2014,4:30 PM,9:00 AM,419.5,5,5,0,0,5,true,"[0,1,2,3,4]",0,2014-10-20T10:00:10.654600,BLOCKED,saved_finish_absent_start_plus_max_time_only_inferred,passed
dc6d527433c6ce1ec5388b1a6a6c66b5601bbf695ba7ecefd80029b98dfa18db,ES10,ES10C8,22,10/20/2014,11:15 AM,1:45 PM,422,5,5,0,0,5,true,"[0,1,2,3,4]",0,2014-10-20T14:52:15.386600,BLOCKED,saved_finish_absent_start_plus_max_time_only_inferred,passed
dc6d527433c6ce1ec5388b1a6a6c66b5601bbf695ba7ecefd80029b98dfa18db,ES10,ES10C8,23,10/21/2014,4:00 PM,7:00 AM,437,5,5,0,0,5,true,"[0,1,2,3,4]",0,2014-10-21T08:30:54.652600,BLOCKED,saved_finish_absent_start_plus_max_time_only_inferred,passed
dc6d527433c6ce1ec5388b1a6a6c66b5601bbf695ba7ecefd80029b98dfa18db,ES10,ES10C8,24,10/21/2014,10:00 AM,3:00 PM,442,5,5,0,0,5,true,"[0,1,2,3,4]",0,2014-10-21T16:09:39.675500,BLOCKED,saved_finish_absent_start_plus_max_time_only_inferred,passed
dc6d527433c6ce1ec5388b1a6a6c66b5601bbf695ba7ecefd80029b98dfa18db,ES10,ES10C8,25,10/22/2014,5:15 PM,7:15 AM,456,5,5,0,0,5,true,"[0,1,2,3,4]",0,2014-10-22T08:22:05.673500,BLOCKED,saved_finish_absent_start_plus_max_time_only_inferred,passed
dc6d527433c6ce1ec5388b1a6a6c66b5601bbf695ba7ecefd80029b98dfa18db,ES10,ES10C8,26,10/23/2014,4:40 PM,9:10 AM,472.5,6,6,0,0,6,true,"[0,1,2,3,4,5]",0,2014-10-23T10:23:26.257600,BLOCKED,saved_finish_absent_start_plus_max_time_only_inferred,passed
dc6d527433c6ce1ec5388b1a6a6c66b5601bbf695ba7ecefd80029b98dfa18db,ES10,ES10C8,27,10/24/2014,11:45 AM,9:15 AM,494,5,5,0,0,5,true,"[0,1,2,3,4]",0,2014-10-24T10:20:59.253600,BLOCKED,saved_finish_absent_start_plus_max_time_only_inferred,passed
dc6d527433c6ce1ec5388b1a6a6c66b5601bbf695ba7ecefd80029b98dfa18db,ES10,ES10C8,28,10/24/2014,12:10 PM,2:10 PM,496,5,5,0,0,5,true,"[0,1,2,3,4]",0,2014-10-24T15:20:51.411600,BLOCKED,saved_finish_absent_start_plus_max_time_only_inferred,passed
dc6d527433c6ce1ec5388b1a6a6c66b5601bbf695ba7ecefd80029b98dfa18db,ES10,ES10C8,29,10/27/2014,4:30 PM,8:30 AM,560,5,5,0,0,5,true,"[0,1,2,3,4]",0,2014-10-27T09:33:18.676600,BLOCKED,saved_finish_absent_start_plus_max_time_only_inferred,passed
dc6d527433c6ce1ec5388b1a6a6c66b5601bbf695ba7ecefd80029b98dfa18db,ES10,ES10C8,30,10/27/2014,11:35 AM,1:35 PM,562,5,5,0,0,5,true,"[0,1,2,3,4]",0,2014-10-27T14:31:28.674600,BLOCKED,saved_finish_absent_start_plus_max_time_only_inferred,passed
dc6d527433c6ce1ec5388b1a6a6c66b5601bbf695ba7ecefd80029b98dfa18db,ES10,ES10C8,31,10/28/2014,3:45 PM,8:15 AM,578.5,5,5,0,0,5,true,"[0,1,2,3,4]",0,2014-10-28T10:01:25.277500,BLOCKED,saved_finish_absent_start_plus_max_time_only_inferred,passed
dc6d527433c6ce1ec5388b1a6a6c66b5601bbf695ba7ecefd80029b98dfa18db,ES10,ES10C8,32,10/29/2014,12:15 PM,7:15 AM,597.5,5,5,0,0,5,true,"[0,1,2,3,4]",0,2014-10-29T08:21:07.387500,BLOCKED,saved_finish_absent_start_plus_max_time_only_inferred,passed
dc6d527433c6ce1ec5388b1a6a6c66b5601bbf695ba7ecefd80029b98dfa18db,ES10,ES10C8,33,10/29/2014,9:20 AM,1:50 PM,602,5,5,0,0,5,true,"[0,1,2,3,4]",0,2014-10-29T15:22:17.385500,BLOCKED,saved_finish_absent_start_plus_max_time_only_inferred,passed
dc6d527433c6ce1ec5388b1a6a6c66b5601bbf695ba7ecefd80029b98dfa18db,ES10,ES10C8,34,10/30/2014,4:15 PM,9:15 AM,619,5,5,0,0,5,true,"[0,1,2,3,4]",0,2014-10-30T10:26:54.540500,BLOCKED,saved_finish_absent_start_plus_max_time_only_inferred,passed
dc6d527433c6ce1ec5388b1a6a6c66b5601bbf695ba7ecefd80029b98dfa18db,ES10,ES10C8,35,10/30/2014,11:25 AM,3:25 PM,623,5,5,0,0,5,true,"[0,1,2,3,4]",0,2014-10-30T17:11:18.259500,BLOCKED,saved_finish_absent_start_plus_max_time_only_inferred,passed
dc6d527433c6ce1ec5388b1a6a6c66b5601bbf695ba7ecefd80029b98dfa18db,ES10,ES10C8,36,10/31/2014,6:05 PM,9:15 AM,650.25,5,5,0,0,5,true,"[0,1,2,3,4]",0,2014-10-31T10:28:23.385500,BLOCKED,saved_finish_absent_start_plus_max_time_only_inferred,passed
dc6d527433c6ce1ec5388b1a6a6c66b5601bbf695ba7ecefd80029b98dfa18db,ES10,ES10C8,37,11/3/2014,11:45 AM,8:30 AM,719,5,5,0,0,5,true,"[0,1,2,3,4]",0,2014-11-03T09:33:27.390500,BLOCKED,saved_finish_absent_start_plus_max_time_only_inferred,passed
dc6d527433c6ce1ec5388b1a6a6c66b5601bbf695ba7ecefd80029b98dfa18db,ES10,ES10C8,38,11/4/2014,10:30 AM,8:00 AM,740.5,5,5,0,0,5,true,"[0,1,2,3,4]",0,2014-11-04T09:12:09.389600,BLOCKED,saved_finish_absent_start_plus_max_time_only_inferred,passed
dc6d527433c6ce1ec5388b1a6a6c66b5601bbf695ba7ecefd80029b98dfa18db,ES10,ES10C8,39,11/5/2014,2:30 PM,9:00 AM,759,5,5,0,0,5,true,"[0,1,2,3,4]",0,2014-11-05T13:27:49.655600,BLOCKED,saved_finish_absent_start_plus_max_time_only_inferred,passed
dc6d527433c6ce1ec5388b1a6a6c66b5601bbf695ba7ecefd80029b98dfa18db,ES10,ES10C8,40,11/6/2014,3:45 PM,8:15 AM,775.5,5,5,0,0,5,true,"[0,1,2,3,4]",0,2014-11-06T09:29:01.259600,BLOCKED,saved_finish_absent_start_plus_max_time_only_inferred,passed
dc6d527433c6ce1ec5388b1a6a6c66b5601bbf695ba7ecefd80029b98dfa18db,ES10,ES10C8,41,11/6/2014,10:40 AM,2:20 PM,779,5,5,0,0,5,true,"[0,1,2,3,4]",0,2014-11-06T15:31:14.257500,BLOCKED,saved_finish_absent_start_plus_max_time_only_inferred,passed
dc6d527433c6ce1ec5388b1a6a6c66b5601bbf695ba7ecefd80029b98dfa18db,ES10,ES10C8,42,11/7/2014,5:00 PM,1:00 PM,799,5,5,0,0,5,true,"[0,1,2,3,4]",0,2014-11-07T14:55:43.257600,BLOCKED,saved_finish_absent_start_plus_max_time_only_inferred,passed
dc6d527433c6ce1ec5388b1a6a6c66b5601bbf695ba7ecefd80029b98dfa18db,ES10,ES10C8,43,11/10/2014,10:00 AM,1:00 PM,802,5,5,0,0,5,true,"[0,1,2,3,4]",0,2014-11-10T14:09:02.519500,BLOCKED,saved_finish_absent_start_plus_max_time_only_inferred,passed
dc6d527433c6ce1ec5388b1a6a6c66b5601bbf695ba7ecefd80029b98dfa18db,ES10,ES10C8,44,11/12/2014,3:30 PM,9:00 AM,843.5,5,5,0,0,5,true,"[0,1,2,3,4]",0,2014-11-12T10:41:07.256600,BLOCKED,saved_finish_absent_start_plus_max_time_only_inferred,passed
dc6d527433c6ce1ec5388b1a6a6c66b5601bbf695ba7ecefd80029b98dfa18db,ES10,ES10C8,45,11/12/2014,12:00 PM,4:30 PM,848,5,5,0,0,5,true,"[0,1,2,3,4]",0,2014-11-12T17:49:56.255600,BLOCKED,saved_finish_absent_start_plus_max_time_only_inferred,passed
dc6d527433c6ce1ec5388b1a6a6c66b5601bbf695ba7ecefd80029b98dfa18db,ES10,ES10C8,46,11/13/2014,7:00 PM,8:00 AM,861,5,5,0,0,5,true,"[0,1,2,3,4]",0,2014-11-13T09:04:30.477500,BLOCKED,saved_finish_absent_start_plus_max_time_only_inferred,passed
dc6d527433c6ce1ec5388b1a6a6c66b5601bbf695ba7ecefd80029b98dfa18db,ES10,ES10C8,47,11/13/2014,10:00 AM,2:00 PM,865,5,5,0,0,5,true,"[0,1,2,3,4]",0,2014-11-13T15:26:42.258500,BLOCKED,saved_finish_absent_start_plus_max_time_only_inferred,passed
dc6d527433c6ce1ec5388b1a6a6c66b5601bbf695ba7ecefd80029b98dfa18db,ES10,ES10C8,48,11/14/2014,4:45 PM,2:15 PM,886.5,5,5,0,0,5,true,"[0,1,2,3,4]",0,2014-11-14T15:36:25.260600,BLOCKED,saved_finish_absent_start_plus_max_time_only_inferred,passed
dc6d527433c6ce1ec5388b1a6a6c66b5601bbf695ba7ecefd80029b98dfa18db,ES10,ES10C8,49,11/17/2014,5:00 PM,10:00 AM,951.5,5,5,0,0,5,true,"[0,1,2,3,4]",0,2014-11-17T11:16:27.257500,BLOCKED,saved_finish_absent_start_plus_max_time_only_inferred,passed
dc6d527433c6ce1ec5388b1a6a6c66b5601bbf695ba7ecefd80029b98dfa18db,ES10,ES10C8,50,11/17/2014,12:30 PM,2:00 PM,953,5,5,0,0,5,true,"[0,1,2,3,4]",0,2014-11-17T14:54:20.260600,BLOCKED,saved_finish_absent_start_plus_max_time_only_inferred,passed
dc6d527433c6ce1ec5388b1a6a6c66b5601bbf695ba7ecefd80029b98dfa18db,ES10,ES10C8,51,11/18/2014,4:15 PM,9:15 AM,970,5,5,0,0,5,true,"[0,1,2,3,4]",0,2014-11-18T10:17:23.256500,BLOCKED,saved_finish_absent_start_plus_max_time_only_inferred,passed
dc6d527433c6ce1ec5388b1a6a6c66b5601bbf695ba7ecefd80029b98dfa18db,ES10,ES10C8,52,11/18/2014,11:15 AM,1:15 PM,972,5,5,0,0,5,true,"[0,1,2,3,4]",0,2014-11-18T14:45:29.347500,BLOCKED,saved_finish_absent_start_plus_max_time_only_inferred,passed
dc6d527433c6ce1ec5388b1a6a6c66b5601bbf695ba7ecefd80029b98dfa18db,ES10,ES10C8,53,11/19/2014,3:45 PM,10:15 AM,990.5,5,5,0,0,5,true,"[0,1,2,3,4]",0,2014-11-19T11:27:43.124600,BLOCKED,saved_finish_absent_start_plus_max_time_only_inferred,passed
dc6d527433c6ce1ec5388b1a6a6c66b5601bbf695ba7ecefd80029b98dfa18db,ES10,ES10C8,54,11/20/2014,2:00 PM,9:30 AM,1010,5,5,0,0,5,true,"[0,1,2,3,4]",0,2014-11-20T11:29:19.258500,BLOCKED,saved_finish_absent_start_plus_max_time_only_inferred,passed
dc6d527433c6ce1ec5388b1a6a6c66b5601bbf695ba7ecefd80029b98dfa18db,ES10,ES10C8,55,11/21/2014,3:00 PM,10:00 AM,1029,5,5,0,0,5,true,"[0,1,2,3,4]",0,2014-11-21T11:23:05.253500,BLOCKED,saved_finish_absent_start_plus_max_time_only_inferred,passed
dc6d527433c6ce1ec5388b1a6a6c66b5601bbf695ba7ecefd80029b98dfa18db,ES10,ES10C8,56,11/24/2014,2:00 PM,9:30 AM,1096.5,5,5,0,0,5,true,"[0,1,2,3,4]",0,2014-11-24T10:32:02.390600,BLOCKED,saved_finish_absent_start_plus_max_time_only_inferred,passed
dc6d527433c6ce1ec5388b1a6a6c66b5601bbf695ba7ecefd80029b98dfa18db,ES10,ES10C8,57,11/25/2014,11:30 AM,3:00 PM,1124,5,5,0,0,5,true,"[0,1,2,3,4]",0,2014-11-25T17:46:40.256600,BLOCKED,saved_finish_absent_start_plus_max_time_only_inferred,passed
dc6d527433c6ce1ec5388b1a6a6c66b5601bbf695ba7ecefd80029b98dfa18db,ES10,ES10C8,58,11/26/2014,7:15 PM,10:45 AM,1140.5,5,5,0,0,5,true,"[0,1,2,3,4]",0,2014-11-26T11:48:16.254600,BLOCKED,saved_finish_absent_start_plus_max_time_only_inferred,passed
dc6d527433c6ce1ec5388b1a6a6c66b5601bbf695ba7ecefd80029b98dfa18db,ES10,ES10C8,59,12/1/2014,2:15 PM,10:45 AM,1257,5,5,0,0,5,true,"[0,1,2,3,4]",0,2014-12-01T11:54:49.675500,BLOCKED,saved_finish_absent_start_plus_max_time_only_inferred,passed
dc6d527433c6ce1ec5388b1a6a6c66b5601bbf695ba7ecefd80029b98dfa18db,ES10,ES10C8,60,12/1/2014,1:20 PM,2:20 PM,1258,5,5,0,0,5,true,"[0,1,2,3,4]",0,2014-12-01T15:33:19.253600,BLOCKED,saved_finish_absent_start_plus_max_time_only_inferred,passed
dc6d527433c6ce1ec5388b1a6a6c66b5601bbf695ba7ecefd80029b98dfa18db,ES10,ES10C8,61,12/3/2014,5:30 PM,10:30 AM,1299,5,5,0,0,5,true,"[0,1,2,3,4]",0,2014-12-03T11:43:17.255600,BLOCKED,saved_finish_absent_start_plus_max_time_only_inferred,passed
dc6d527433c6ce1ec5388b1a6a6c66b5601bbf695ba7ecefd80029b98dfa18db,ES10,ES10C8,62,12/3/2014,1:15 PM,2:45 PM,1300.5,5,5,0,0,5,true,"[0,1,2,3,4]",0,2014-12-03T15:40:20.253600,BLOCKED,saved_finish_absent_start_plus_max_time_only_inferred,passed
dc6d527433c6ce1ec5388b1a6a6c66b5601bbf695ba7ecefd80029b98dfa18db,ES10,ES10C8,63,12/4/2014,4:30 PM,9:30 AM,1317.5,5,5,0,0,5,true,"[0,1,2,3,4]",0,2014-12-04T10:56:59.257500,BLOCKED,saved_finish_absent_start_plus_max_time_only_inferred,passed
dc6d527433c6ce1ec5388b1a6a6c66b5601bbf695ba7ecefd80029b98dfa18db,ES10,ES10C8,64,12/5/2014,11:45 AM,10:15 AM,1341,5,5,0,0,5,false,"[0,1,2,4,3]",0,2014-12-05T11:14:22.262500,BLOCKED,saved_finish_absent_start_plus_max_time_only_inferred,passed
dc6d527433c6ce1ec5388b1a6a6c66b5601bbf695ba7ecefd80029b98dfa18db,ES10,ES10C8,65,12/8/2014,2:25 PM,9:25 AM,1408,5,5,0,0,5,true,"[0,1,2,3,4]",0,2014-12-08T10:48:14.256500,BLOCKED,saved_finish_absent_start_plus_max_time_only_inferred,passed
dc6d527433c6ce1ec5388b1a6a6c66b5601bbf695ba7ecefd80029b98dfa18db,ES10,ES10C8,66,12/10/2014,1:15 PM,1:45 PM,1456.5,5,5,0,0,5,true,"[0,1,2,3,4]",0,2014-12-10T14:56:42.387600,BLOCKED,saved_finish_absent_start_plus_max_time_only_inferred,passed
dc6d527433c6ce1ec5388b1a6a6c66b5601bbf695ba7ecefd80029b98dfa18db,ES10,ES10C8,67,12/16/2014,4:05 PM,9:35 AM,1594,5,5,0,0,5,true,"[0,1,2,3,4]",0,2014-12-16T11:00:32.252500,BLOCKED,saved_finish_absent_start_plus_max_time_only_inferred,passed
dc6d527433c6ce1ec5388b1a6a6c66b5601bbf695ba7ecefd80029b98dfa18db,ES10,ES10C8,68,2/17/2015,3:00 PM,4:30 PM,3063,5,5,0,0,5,true,"[0,1,2,3,4]",0,2015-02-17T15:30:21.342600,BLOCKED,saved_finish_absent_start_plus_max_time_only_inferred,passed
dc6d527433c6ce1ec5388b1a6a6c66b5601bbf695ba7ecefd80029b98dfa18db,ES10,ES10C8,69,04/20/2015,3:30 PM,6:30 PM,4551,10,5,0,5,5,true,"[1,3,5,7,9]",0,2015-04-20T16:35:12.122600,BLOCKED,saved_finish_absent_start_plus_max_time_only_inferred,passed
dc6d527433c6ce1ec5388b1a6a6c66b5601bbf695ba7ecefd80029b98dfa18db,ES10,ES10C8,70,04/28/2015,11:30 AM,2:00 PM,4748,10,5,0,5,5,true,"[1,3,5,7,9]",0,2015-04-28T13:01:59.478500,BLOCKED,saved_finish_absent_start_plus_max_time_only_inferred,passed
dc6d527433c6ce1ec5388b1a6a6c66b5601bbf695ba7ecefd80029b98dfa18db,ES10,ES10C8,71,05/04/2015,1:30 PM,4:30 PM,4891.5,10,5,0,5,5,true,"[1,3,5,7,9]",0,2015-05-04T14:53:57.344600,BLOCKED,saved_finish_absent_start_plus_max_time_only_inferred,passed
dc6d527433c6ce1ec5388b1a6a6c66b5601bbf695ba7ecefd80029b98dfa18db,ES10,ES10C8,72,05/13/2015,2:00 PM,2:00 PM,5105.5,10,5,0,5,5,true,"[1,3,5,7,9]",0,2015-05-13T15:06:27.257500,BLOCKED,saved_finish_absent_start_plus_max_time_only_inferred,passed
18109558c6df7cafcba50a71b774367c887b331a09cf8b99ddcef2ddeb3e0a4a,ES12,ES12C1,0,9/29/2014,,,0,5,5,0,0,5,true,"[0,1,2,3,4]",0,2014-09-29T13:15:55.323600,BLOCKED,saved_finish_absent_start_plus_max_time_only_inferred,passed
18109558c6df7cafcba50a71b774367c887b331a09cf8b99ddcef2ddeb3e0a4a,ES12,ES12C1,1,9/30/2014,,,0,5,5,0,0,5,true,"[0,1,2,3,4]",0,2014-09-30T11:38:01.059600,BLOCKED,saved_finish_absent_start_plus_max_time_only_inferred,passed
18109558c6df7cafcba50a71b774367c887b331a09cf8b99ddcef2ddeb3e0a4a,ES12,ES12C1,2,10/1/2014,10:00 AM,12:00 PM,2,5,5,0,0,5,true,"[0,1,2,3,4]",0,2014-10-01T15:12:12.455600,BLOCKED,saved_finish_absent_start_plus_max_time_only_inferred,passed
18109558c6df7cafcba50a71b774367c887b331a09cf8b99ddcef2ddeb3e0a4a,ES12,ES12C1,3,10/2/2014,4:00 PM,1:00 PM,23,5,5,0,0,5,true,"[0,1,2,3,4]",0,2014-10-02T14:48:16.673600,BLOCKED,saved_finish_absent_start_plus_max_time_only_inferred,passed
18109558c6df7cafcba50a71b774367c887b331a09cf8b99ddcef2ddeb3e0a4a,ES12,ES12C1,4,10/3/2014,4:00 PM,7:20 AM,38.3333,5,5,0,0,5,true,"[0,1,2,3,4]",0,2014-10-03T09:01:34.804500,BLOCKED,saved_finish_absent_start_plus_max_time_only_inferred,passed
18109558c6df7cafcba50a71b774367c887b331a09cf8b99ddcef2ddeb3e0a4a,ES12,ES12C1,5,10/3/2014,10:20 AM,12:00 PM,40,5,5,0,0,5,true,"[0,1,2,3,4]",0,2014-10-03T13:32:16.790600,BLOCKED,saved_finish_absent_start_plus_max_time_only_inferred,passed
18109558c6df7cafcba50a71b774367c887b331a09cf8b99ddcef2ddeb3e0a4a,ES12,ES12C1,6,10/6/2014,2:25 PM,7:25 AM,105,5,5,0,0,5,true,"[0,1,2,3,4]",0,2014-10-06T08:49:40.805600,BLOCKED,saved_finish_absent_start_plus_max_time_only_inferred,passed
18109558c6df7cafcba50a71b774367c887b331a09cf8b99ddcef2ddeb3e0a4a,ES12,ES12C1,7,10/6/2014,9:40 AM,12:40 PM,108,5,5,0,0,5,true,"[0,1,2,3,4]",0,2014-10-06T13:59:53.803500,BLOCKED,saved_finish_absent_start_plus_max_time_only_inferred,passed
18109558c6df7cafcba50a71b774367c887b331a09cf8b99ddcef2ddeb3e0a4a,ES12,ES12C1,8,10/7/2014,2:55 PM,7:55 AM,125,5,5,0,0,5,true,"[0,1,2,3,4]",0,2014-10-07T08:52:58.802500,BLOCKED,saved_finish_absent_start_plus_max_time_only_inferred,passed
18109558c6df7cafcba50a71b774367c887b331a09cf8b99ddcef2ddeb3e0a4a,ES12,ES12C1,9,10/7/2014,9:45 AM,12:45 PM,128,5,5,0,0,5,true,"[0,1,2,3,4]",0,2014-10-07T13:54:18.806500,BLOCKED,saved_finish_absent_start_plus_max_time_only_inferred,passed
18109558c6df7cafcba50a71b774367c887b331a09cf8b99ddcef2ddeb3e0a4a,ES12,ES12C1,10,10/8/2014,3:00 PM,9:00 AM,146,5,5,0,0,5,true,"[0,1,2,3,4]",0,2014-10-08T10:25:39.804500,BLOCKED,saved_finish_absent_start_plus_max_time_only_inferred,passed
18109558c6df7cafcba50a71b774367c887b331a09cf8b99ddcef2ddeb3e0a4a,ES12,ES12C1,11,10/9/2014,11:30 AM,7:30 AM,166,6,6,0,0,6,true,"[0,1,2,3,4,5]",0,2014-10-09T08:46:06.707500,BLOCKED,saved_finish_absent_start_plus_max_time_only_inferred,passed
18109558c6df7cafcba50a71b774367c887b331a09cf8b99ddcef2ddeb3e0a4a,ES12,ES12C1,12,10/10/2014,9:40 AM,7:40 AM,188,5,5,0,0,5,true,"[0,1,2,3,4]",0,2014-10-10T09:02:50.550500,BLOCKED,saved_finish_absent_start_plus_max_time_only_inferred,passed
18109558c6df7cafcba50a71b774367c887b331a09cf8b99ddcef2ddeb3e0a4a,ES12,ES12C1,13,10/10/2014,10:15 AM,2:15 PM,192,5,5,0,0,5,true,"[0,1,2,3,4]",0,2014-10-10T15:38:00.678500,BLOCKED,saved_finish_absent_start_plus_max_time_only_inferred,passed
18109558c6df7cafcba50a71b774367c887b331a09cf8b99ddcef2ddeb3e0a4a,ES12,ES12C1,14,10/13/2014,4:25 PM,11:25 AM,259,5,5,0,0,5,true,"[0,1,2,3,4]",0,2014-10-13T12:23:57.324600,BLOCKED,saved_finish_absent_start_plus_max_time_only_inferred,passed
18109558c6df7cafcba50a71b774367c887b331a09cf8b99ddcef2ddeb3e0a4a,ES12,ES12C1,15,10/14/2014,1:45 PM,7:45 AM,277,5,5,0,0,5,true,"[0,1,2,3,4]",0,2014-10-14T09:29:51.596500,BLOCKED,saved_finish_absent_start_plus_max_time_only_inferred,passed
18109558c6df7cafcba50a71b774367c887b331a09cf8b99ddcef2ddeb3e0a4a,ES12,ES12C1,16,10/14/2014,10:30 AM,12:30 PM,279,5,5,0,0,5,true,"[0,1,2,3,4]",0,2014-10-14T13:38:57.805500,BLOCKED,saved_finish_absent_start_plus_max_time_only_inferred,passed
18109558c6df7cafcba50a71b774367c887b331a09cf8b99ddcef2ddeb3e0a4a,ES12,ES12C1,17,10/15/2014,2:50 PM,8:30 AM,296.66,5,5,0,0,5,true,"[0,1,2,3,4]",0,2014-10-15T09:50:48.806600,BLOCKED,saved_finish_absent_start_plus_max_time_only_inferred,passed
18109558c6df7cafcba50a71b774367c887b331a09cf8b99ddcef2ddeb3e0a4a,ES12,ES12C1,18,10/16/2014,10:40 AM,7:00 AM,317,5,5,0,0,5,true,"[0,1,2,3,4]",0,2014-10-16T08:25:49.934500,BLOCKED,saved_finish_absent_start_plus_max_time_only_inferred,passed
18109558c6df7cafcba50a71b774367c887b331a09cf8b99ddcef2ddeb3e0a4a,ES12,ES12C1,19,10/17/2014,10:00 AM,9:00 AM,352,5,5,0,0,5,true,"[0,1,2,3,4]",0,2014-10-17T10:06:43.936600,BLOCKED,saved_finish_absent_start_plus_max_time_only_inferred,passed
18109558c6df7cafcba50a71b774367c887b331a09cf8b99ddcef2ddeb3e0a4a,ES12,ES12C1,20,10/17/2014,11:30 AM,2:30 PM,355,5,5,0,0,5,true,"[0,1,2,3,4]",0,2014-10-17T16:01:34.790600,BLOCKED,saved_finish_absent_start_plus_max_time_only_inferred,passed
18109558c6df7cafcba50a71b774367c887b331a09cf8b99ddcef2ddeb3e0a4a,ES12,ES12C1,21,10/20/2014,4:30 PM,9:00 AM,419.5,5,5,0,0,5,true,"[0,1,2,3,4]",0,2014-10-20T10:03:44.801600,BLOCKED,saved_finish_absent_start_plus_max_time_only_inferred,passed
18109558c6df7cafcba50a71b774367c887b331a09cf8b99ddcef2ddeb3e0a4a,ES12,ES12C1,22,10/20/2014,11:15 AM,1:45 PM,422,5,5,0,0,5,true,"[0,1,2,3,4]",0,2014-10-20T14:58:40.664500,BLOCKED,saved_finish_absent_start_plus_max_time_only_inferred,passed
18109558c6df7cafcba50a71b774367c887b331a09cf8b99ddcef2ddeb3e0a4a,ES12,ES12C1,23,10/21/2014,4:00 PM,7:00 AM,437,5,5,0,0,5,true,"[0,1,2,3,4]",0,2014-10-21T08:35:47.806600,BLOCKED,saved_finish_absent_start_plus_max_time_only_inferred,passed
18109558c6df7cafcba50a71b774367c887b331a09cf8b99ddcef2ddeb3e0a4a,ES12,ES12C1,24,10/21/2014,10:00 AM,3:00 PM,442,5,5,0,0,5,true,"[0,1,2,3,4]",0,2014-10-21T16:13:51.523600,BLOCKED,saved_finish_absent_start_plus_max_time_only_inferred,passed
18109558c6df7cafcba50a71b774367c887b331a09cf8b99ddcef2ddeb3e0a4a,ES12,ES12C1,25,10/22/2014,5:15 PM,7:15 AM,456,5,5,0,0,5,true,"[0,1,2,3,4]",0,2014-10-22T08:26:14.803600,BLOCKED,saved_finish_absent_start_plus_max_time_only_inferred,passed
18109558c6df7cafcba50a71b774367c887b331a09cf8b99ddcef2ddeb3e0a4a,ES12,ES12C1,26,10/23/2014,4:40 PM,9:10 AM,472.5,5,5,0,0,5,true,"[0,1,2,3,4]",0,2014-10-23T10:27:04.303500,BLOCKED,saved_finish_absent_start_plus_max_time_only_inferred,passed
18109558c6df7cafcba50a71b774367c887b331a09cf8b99ddcef2ddeb3e0a4a,ES12,ES12C1,27,10/24/2014,11:45 AM,9:15 AM,494,5,5,0,0,5,true,"[0,1,2,3,4]",0,2014-10-24T10:25:13.594600,BLOCKED,saved_finish_absent_start_plus_max_time_only_inferred,passed
18109558c6df7cafcba50a71b774367c887b331a09cf8b99ddcef2ddeb3e0a4a,ES12,ES12C1,28,10/24/2014,12:10 PM,2:10 PM,496,5,5,0,0,5,true,"[0,1,2,3,4]",0,2014-10-24T15:24:42.454600,BLOCKED,saved_finish_absent_start_plus_max_time_only_inferred,passed
18109558c6df7cafcba50a71b774367c887b331a09cf8b99ddcef2ddeb3e0a4a,ES12,ES12C1,29,10/27/2014,4:30 PM,8:30 AM,560,5,5,0,0,5,true,"[0,1,2,3,4]",0,2014-10-27T09:37:17.546600,BLOCKED,saved_finish_absent_start_plus_max_time_only_inferred,passed
18109558c6df7cafcba50a71b774367c887b331a09cf8b99ddcef2ddeb3e0a4a,ES12,ES12C1,30,10/27/2014,11:35 AM,1:35 PM,562,5,5,0,0,5,true,"[0,1,2,3,4]",0,2014-10-27T14:39:27.395600,BLOCKED,saved_finish_absent_start_plus_max_time_only_inferred,passed
18109558c6df7cafcba50a71b774367c887b331a09cf8b99ddcef2ddeb3e0a4a,ES12,ES12C1,31,10/28/2014,3:45 PM,8:15 AM,578.5,5,5,0,0,5,true,"[0,1,2,3,4]",0,2014-10-28T10:06:51.273600,BLOCKED,saved_finish_absent_start_plus_max_time_only_inferred,passed
18109558c6df7cafcba50a71b774367c887b331a09cf8b99ddcef2ddeb3e0a4a,ES12,ES12C1,32,10/29/2014,12:15 PM,7:15 AM,597.5,5,5,0,0,5,true,"[0,1,2,3,4]",0,2014-10-29T08:27:27.593500,BLOCKED,saved_finish_absent_start_plus_max_time_only_inferred,passed
18109558c6df7cafcba50a71b774367c887b331a09cf8b99ddcef2ddeb3e0a4a,ES12,ES12C1,33,10/29/2014,9:20 AM,1:50 PM,602,5,5,0,0,5,true,"[0,1,2,3,4]",0,2014-10-29T15:26:04.174500,BLOCKED,saved_finish_absent_start_plus_max_time_only_inferred,passed
18109558c6df7cafcba50a71b774367c887b331a09cf8b99ddcef2ddeb3e0a4a,ES12,ES12C1,34,10/30/2014,4:15 PM,9:15 AM,619,5,5,0,0,5,true,"[0,1,2,3,4]",0,2014-10-30T10:37:38.439500,BLOCKED,saved_finish_absent_start_plus_max_time_only_inferred,passed
18109558c6df7cafcba50a71b774367c887b331a09cf8b99ddcef2ddeb3e0a4a,ES12,ES12C1,35,10/30/2014,11:25 AM,3:25 PM,623,5,5,0,0,5,true,"[0,1,2,3,4]",0,2014-10-30T17:14:52.231500,BLOCKED,saved_finish_absent_start_plus_max_time_only_inferred,passed
18109558c6df7cafcba50a71b774367c887b331a09cf8b99ddcef2ddeb3e0a4a,ES12,ES12C1,36,10/31/2014,6:05 PM,9:15 AM,650.25,5,5,0,0,5,true,"[0,1,2,3,4]",0,2014-10-31T10:32:04.326500,BLOCKED,saved_finish_absent_start_plus_max_time_only_inferred,passed
18109558c6df7cafcba50a71b774367c887b331a09cf8b99ddcef2ddeb3e0a4a,ES12,ES12C1,37,11/3/2014,11:45 AM,8:30 AM,719,5,5,0,0,5,true,"[0,1,2,3,4]",0,2014-11-03T09:37:33.320600,BLOCKED,saved_finish_absent_start_plus_max_time_only_inferred,passed
18109558c6df7cafcba50a71b774367c887b331a09cf8b99ddcef2ddeb3e0a4a,ES12,ES12C1,38,11/4/2014,10:30 AM,8:00 AM,740.5,5,5,0,0,5,true,"[0,1,2,3,4]",0,2014-11-04T09:17:50.189600,BLOCKED,saved_finish_absent_start_plus_max_time_only_inferred,passed
18109558c6df7cafcba50a71b774367c887b331a09cf8b99ddcef2ddeb3e0a4a,ES12,ES12C1,39,11/5/2014,2:30 PM,9:00 AM,759,5,5,0,0,5,true,"[0,1,2,3,4]",0,2014-11-05T13:32:21.204500,BLOCKED,saved_finish_absent_start_plus_max_time_only_inferred,passed
18109558c6df7cafcba50a71b774367c887b331a09cf8b99ddcef2ddeb3e0a4a,ES12,ES12C1,40,11/6/2014,3:45 PM,8:15 AM,775.5,5,5,0,0,5,true,"[0,1,2,3,4]",0,2014-11-06T09:34:13.060600,BLOCKED,saved_finish_absent_start_plus_max_time_only_inferred,passed
18109558c6df7cafcba50a71b774367c887b331a09cf8b99ddcef2ddeb3e0a4a,ES12,ES12C1,41,11/6/2014,10:40 AM,2:20 PM,779,5,5,0,0,5,true,"[0,1,2,3,4]",0,2014-11-06T15:35:44.058500,BLOCKED,saved_finish_absent_start_plus_max_time_only_inferred,passed
18109558c6df7cafcba50a71b774367c887b331a09cf8b99ddcef2ddeb3e0a4a,ES12,ES12C1,42,11/7/2014,5:00 PM,1:00 PM,799,5,5,0,0,5,true,"[0,1,2,3,4]",0,2014-11-07T14:59:53.061500,BLOCKED,saved_finish_absent_start_plus_max_time_only_inferred,passed
18109558c6df7cafcba50a71b774367c887b331a09cf8b99ddcef2ddeb3e0a4a,ES12,ES12C1,43,11/10/2014,10:00 AM,1:00 PM,802,5,5,0,0,5,true,"[0,1,2,3,4]",0,2014-11-10T14:13:25.061500,BLOCKED,saved_finish_absent_start_plus_max_time_only_inferred,passed
18109558c6df7cafcba50a71b774367c887b331a09cf8b99ddcef2ddeb3e0a4a,ES12,ES12C1,44,11/12/2014,3:30 PM,9:00 AM,843.5,5,5,0,0,5,true,"[0,1,2,3,4]",0,2014-11-12T10:45:41.147500,BLOCKED,saved_finish_absent_start_plus_max_time_only_inferred,passed
18109558c6df7cafcba50a71b774367c887b331a09cf8b99ddcef2ddeb3e0a4a,ES12,ES12C1,45,11/12/2014,12:00 PM,4:30 PM,848,5,5,0,0,5,true,"[0,1,2,3,4]",0,2014-11-12T17:59:08.113500,BLOCKED,saved_finish_absent_start_plus_max_time_only_inferred,passed
18109558c6df7cafcba50a71b774367c887b331a09cf8b99ddcef2ddeb3e0a4a,ES12,ES12C1,46,11/13/2014,7:00 PM,8:00 AM,861,5,5,0,0,5,true,"[0,1,2,3,4]",0,2014-11-13T09:08:46.015500,BLOCKED,saved_finish_absent_start_plus_max_time_only_inferred,passed
18109558c6df7cafcba50a71b774367c887b331a09cf8b99ddcef2ddeb3e0a4a,ES12,ES12C1,47,11/13/2014,10:00 AM,2:00 PM,865,5,5,0,0,5,true,"[0,1,2,3,4]",0,2014-11-13T15:34:09.148600,BLOCKED,saved_finish_absent_start_plus_max_time_only_inferred,passed
18109558c6df7cafcba50a71b774367c887b331a09cf8b99ddcef2ddeb3e0a4a,ES12,ES12C1,48,11/14/2014,4:45 PM,2:15 PM,886.5,5,5,0,0,5,true,"[0,1,2,3,4]",0,2014-11-14T15:40:26.147600,BLOCKED,saved_finish_absent_start_plus_max_time_only_inferred,passed
18109558c6df7cafcba50a71b774367c887b331a09cf8b99ddcef2ddeb3e0a4a,ES12,ES12C1,49,11/17/2014,5:00 PM,10:00 AM,951.5,5,5,0,0,5,true,"[0,1,2,3,4]",0,2014-11-17T11:20:07.059600,BLOCKED,saved_finish_absent_start_plus_max_time_only_inferred,passed
18109558c6df7cafcba50a71b774367c887b331a09cf8b99ddcef2ddeb3e0a4a,ES12,ES12C1,50,11/17/2014,12:30 PM,2:00 PM,953,5,5,0,0,5,true,"[0,1,2,3,4]",0,2014-11-17T14:58:58.979600,BLOCKED,saved_finish_absent_start_plus_max_time_only_inferred,passed
18109558c6df7cafcba50a71b774367c887b331a09cf8b99ddcef2ddeb3e0a4a,ES12,ES12C1,51,11/18/2014,4:15 PM,9:15 AM,970,5,5,0,0,5,true,"[0,1,2,3,4]",0,2014-11-18T10:21:26.148500,BLOCKED,saved_finish_absent_start_plus_max_time_only_inferred,passed
18109558c6df7cafcba50a71b774367c887b331a09cf8b99ddcef2ddeb3e0a4a,ES12,ES12C1,52,11/18/2014,11:15 AM,1:15 PM,972,5,5,0,0,5,true,"[0,1,2,3,4]",0,2014-11-18T14:52:04.754500,BLOCKED,saved_finish_absent_start_plus_max_time_only_inferred,passed
18109558c6df7cafcba50a71b774367c887b331a09cf8b99ddcef2ddeb3e0a4a,ES12,ES12C1,53,11/19/2014,3:45 PM,10:15 AM,990.5,5,5,0,0,5,true,"[0,1,2,3,4]",0,2014-11-19T11:40:05.978600,BLOCKED,saved_finish_absent_start_plus_max_time_only_inferred,passed
18109558c6df7cafcba50a71b774367c887b331a09cf8b99ddcef2ddeb3e0a4a,ES12,ES12C1,54,11/20/2014,2:00 PM,9:30 AM,1010,5,5,0,0,5,true,"[0,1,2,3,4]",0,2014-11-20T13:45:22.149600,BLOCKED,saved_finish_absent_start_plus_max_time_only_inferred,passed
18109558c6df7cafcba50a71b774367c887b331a09cf8b99ddcef2ddeb3e0a4a,ES12,ES12C1,55,11/21/2014,3:00 PM,10:00 AM,1029,5,5,0,0,5,true,"[0,1,2,3,4]",0,2014-11-21T11:28:51.112600,BLOCKED,saved_finish_absent_start_plus_max_time_only_inferred,passed
18109558c6df7cafcba50a71b774367c887b331a09cf8b99ddcef2ddeb3e0a4a,ES12,ES12C1,56,11/24/2014,2:00 PM,9:30 AM,1096.5,5,5,0,0,5,true,"[0,1,2,3,4]",0,2014-11-24T10:36:20.202500,BLOCKED,saved_finish_absent_start_plus_max_time_only_inferred,passed
18109558c6df7cafcba50a71b774367c887b331a09cf8b99ddcef2ddeb3e0a4a,ES12,ES12C1,57,11/25/2014,11:30 AM,3:00 PM,1124,5,5,0,0,5,true,"[0,1,2,3,4]",0,2014-11-25T17:51:27.288500,BLOCKED,saved_finish_absent_start_plus_max_time_only_inferred,passed
18109558c6df7cafcba50a71b774367c887b331a09cf8b99ddcef2ddeb3e0a4a,ES12,ES12C1,58,11/26/2014,7:15 PM,10:45 AM,1140.5,5,5,0,0,5,true,"[0,1,2,3,4]",0,2014-11-26T11:51:55.720600,BLOCKED,saved_finish_absent_start_plus_max_time_only_inferred,passed
18109558c6df7cafcba50a71b774367c887b331a09cf8b99ddcef2ddeb3e0a4a,ES12,ES12C1,59,12/1/2014,2:15 PM,10:45 AM,1257,5,5,0,0,5,true,"[0,1,2,3,4]",0,2014-12-01T12:04:46.288600,BLOCKED,saved_finish_absent_start_plus_max_time_only_inferred,passed
18109558c6df7cafcba50a71b774367c887b331a09cf8b99ddcef2ddeb3e0a4a,ES12,ES12C1,60,12/1/2014,1:20 PM,2:20 PM,1258,5,5,0,0,5,true,"[0,1,2,3,4]",0,2014-12-01T15:38:12.717600,BLOCKED,saved_finish_absent_start_plus_max_time_only_inferred,passed
18109558c6df7cafcba50a71b774367c887b331a09cf8b99ddcef2ddeb3e0a4a,ES12,ES12C1,61,12/3/2014,5:30 PM,10:30 AM,1299,5,5,0,0,5,true,"[0,1,2,3,4]",0,2014-12-03T11:47:27.752500,BLOCKED,saved_finish_absent_start_plus_max_time_only_inferred,passed
18109558c6df7cafcba50a71b774367c887b331a09cf8b99ddcef2ddeb3e0a4a,ES12,ES12C1,62,12/3/2014,1:15 PM,2:45 PM,1300.5,5,5,0,0,5,true,"[0,1,2,3,4]",0,2014-12-03T15:43:51.718600,BLOCKED,saved_finish_absent_start_plus_max_time_only_inferred,passed
18109558c6df7cafcba50a71b774367c887b331a09cf8b99ddcef2ddeb3e0a4a,ES12,ES12C1,63,12/4/2014,4:30 PM,9:30 AM,1317.5,5,5,0,0,5,true,"[0,1,2,3,4]",0,2014-12-04T11:00:32.716600,BLOCKED,saved_finish_absent_start_plus_max_time_only_inferred,passed
18109558c6df7cafcba50a71b774367c887b331a09cf8b99ddcef2ddeb3e0a4a,ES12,ES12C1,64,12/5/2014,11:45 AM,10:15 AM,1341,5,5,0,0,5,true,"[0,1,2,3,4]",0,2014-12-05T11:18:20.717500,BLOCKED,saved_finish_absent_start_plus_max_time_only_inferred,passed
18109558c6df7cafcba50a71b774367c887b331a09cf8b99ddcef2ddeb3e0a4a,ES12,ES12C1,65,12/8/2014,2:25 PM,9:25 AM,1408,5,5,0,0,5,true,"[0,1,2,3,4]",0,2014-12-08T10:59:33.966600,BLOCKED,saved_finish_absent_start_plus_max_time_only_inferred,passed
18109558c6df7cafcba50a71b774367c887b331a09cf8b99ddcef2ddeb3e0a4a,ES12,ES12C1,66,12/10/2014,1:15 PM,1:45 PM,1456.5,5,5,0,0,5,true,"[0,1,2,3,4]",0,2014-12-10T15:00:40.753600,BLOCKED,saved_finish_absent_start_plus_max_time_only_inferred,passed
18109558c6df7cafcba50a71b774367c887b331a09cf8b99ddcef2ddeb3e0a4a,ES12,ES12C1,67,12/16/2014,4:05 PM,9:35 AM,1594,5,5,0,0,5,true,"[0,1,2,3,4]",0,2014-12-16T11:04:30.584500,BLOCKED,saved_finish_absent_start_plus_max_time_only_inferred,passed
18109558c6df7cafcba50a71b774367c887b331a09cf8b99ddcef2ddeb3e0a4a,ES12,ES12C1,68,2/17/2015,3:00 PM,4:30 PM,3063,5,5,0,0,5,true,"[0,1,2,3,4]",0,2015-02-17T15:34:42.258500,BLOCKED,saved_finish_absent_start_plus_max_time_only_inferred,passed
18109558c6df7cafcba50a71b774367c887b331a09cf8b99ddcef2ddeb3e0a4a,ES12,ES12C1,69,04/20/2015,3:30 PM,6:30 PM,4551,10,5,0,5,5,true,"[1,3,5,7,9]",0,2015-04-20T16:40:47.675600,BLOCKED,saved_finish_absent_start_plus_max_time_only_inferred,passed
18109558c6df7cafcba50a71b774367c887b331a09cf8b99ddcef2ddeb3e0a4a,ES12,ES12C1,70,04/28/2015,11:30 AM,2:00 PM,4748,10,5,0,5,5,true,"[1,3,5,7,9]",0,2015-04-28T13:05:17.412500,BLOCKED,saved_finish_absent_start_plus_max_time_only_inferred,passed
18109558c6df7cafcba50a71b774367c887b331a09cf8b99ddcef2ddeb3e0a4a,ES12,ES12C1,71,05/04/2015,1:30 PM,4:30 PM,4891.5,10,5,0,5,5,true,"[1,3,5,7,9]",0,2015-05-04T14:58:51.344500,BLOCKED,saved_finish_absent_start_plus_max_time_only_inferred,passed
18109558c6df7cafcba50a71b774367c887b331a09cf8b99ddcef2ddeb3e0a4a,ES12,ES12C1,72,05/13/2015,2:00 PM,2:00 PM,5105.5,10,5,0,5,5,true,"[1,3,5,7,9]",0,2015-05-13T15:10:25.348500,BLOCKED,saved_finish_absent_start_plus_max_time_only_inferred,passed
18109558c6df7cafcba50a71b774367c887b331a09cf8b99ddcef2ddeb3e0a4a,ES12,ES12C2,0,9/29/2014,,,0,5,5,0,0,5,true,"[0,1,2,3,4]",0,2014-09-29T13:12:18.498600,BLOCKED,saved_finish_absent_start_plus_max_time_only_inferred,passed
18109558c6df7cafcba50a71b774367c887b331a09cf8b99ddcef2ddeb3e0a4a,ES12,ES12C2,1,9/30/2014,,,0,5,5,0,0,5,false,"[0,1,4,2,3]",0,2014-09-30T11:33:27.497600,BLOCKED,saved_finish_absent_start_plus_max_time_only_inferred,passed
18109558c6df7cafcba50a71b774367c887b331a09cf8b99ddcef2ddeb3e0a4a,ES12,ES12C2,2,10/1/2014,10:00 AM,12:00 PM,2,5,5,0,0,5,true,"[0,1,2,3,4]",0,2014-10-01T15:19:08.673500,BLOCKED,saved_finish_absent_start_plus_max_time_only_inferred,passed
18109558c6df7cafcba50a71b774367c887b331a09cf8b99ddcef2ddeb3e0a4a,ES12,ES12C2,3,10/2/2014,4:00 PM,1:00 PM,23,5,5,0,0,5,true,"[0,1,2,3,4]",0,2014-10-02T14:54:11.935500,BLOCKED,saved_finish_absent_start_plus_max_time_only_inferred,passed
18109558c6df7cafcba50a71b774367c887b331a09cf8b99ddcef2ddeb3e0a4a,ES12,ES12C2,4,10/3/2014,4:00 PM,7:20 AM,38.3333,5,5,0,0,5,true,"[0,1,2,3,4]",0,2014-10-03T09:20:06.934600,BLOCKED,saved_finish_absent_start_plus_max_time_only_inferred,passed
18109558c6df7cafcba50a71b774367c887b331a09cf8b99ddcef2ddeb3e0a4a,ES12,ES12C2,5,10/3/2014,10:20 AM,12:00 PM,40,5,5,0,0,5,true,"[0,1,2,3,4]",0,2014-10-03T13:36:18.937600,BLOCKED,saved_finish_absent_start_plus_max_time_only_inferred,passed
18109558c6df7cafcba50a71b774367c887b331a09cf8b99ddcef2ddeb3e0a4a,ES12,ES12C2,6,10/6/2014,2:25 PM,7:25 AM,105,5,5,0,0,5,true,"[0,1,2,3,4]",0,2014-10-06T08:54:03.088600,BLOCKED,saved_finish_absent_start_plus_max_time_only_inferred,passed
18109558c6df7cafcba50a71b774367c887b331a09cf8b99ddcef2ddeb3e0a4a,ES12,ES12C2,7,10/6/2014,9:40 AM,12:40 PM,108,5,5,0,0,5,true,"[0,1,2,3,4]",0,2014-10-06T14:03:59.934500,BLOCKED,saved_finish_absent_start_plus_max_time_only_inferred,passed
18109558c6df7cafcba50a71b774367c887b331a09cf8b99ddcef2ddeb3e0a4a,ES12,ES12C2,8,10/7/2014,2:55 PM,7:55 AM,125,5,5,0,0,5,true,"[0,1,2,3,4]",0,2014-10-07T08:56:57.071500,BLOCKED,saved_finish_absent_start_plus_max_time_only_inferred,passed
18109558c6df7cafcba50a71b774367c887b331a09cf8b99ddcef2ddeb3e0a4a,ES12,ES12C2,9,10/7/2014,9:45 AM,12:45 PM,128,5,5,0,0,5,true,"[0,1,2,3,4]",0,2014-10-07T13:58:27.935500,BLOCKED,saved_finish_absent_start_plus_max_time_only_inferred,passed
18109558c6df7cafcba50a71b774367c887b331a09cf8b99ddcef2ddeb3e0a4a,ES12,ES12C2,10,10/8/2014,3:00 PM,9:00 AM,146,5,5,0,0,5,true,"[0,1,2,3,4]",0,2014-10-08T10:30:03.803500,BLOCKED,saved_finish_absent_start_plus_max_time_only_inferred,passed
18109558c6df7cafcba50a71b774367c887b331a09cf8b99ddcef2ddeb3e0a4a,ES12,ES12C2,11,10/9/2014,11:30 AM,7:30 AM,166,5,5,0,0,5,true,"[0,1,2,3,4]",0,2014-10-09T08:50:05.804600,BLOCKED,saved_finish_absent_start_plus_max_time_only_inferred,passed
18109558c6df7cafcba50a71b774367c887b331a09cf8b99ddcef2ddeb3e0a4a,ES12,ES12C2,12,10/10/2014,9:40 AM,7:40 AM,188,5,5,0,0,5,true,"[0,1,2,3,4]",0,2014-10-10T09:11:02.937600,BLOCKED,saved_finish_absent_start_plus_max_time_only_inferred,passed
18109558c6df7cafcba50a71b774367c887b331a09cf8b99ddcef2ddeb3e0a4a,ES12,ES12C2,13,10/10/2014,10:15 AM,2:15 PM,192,5,5,0,0,5,true,"[0,1,2,3,4]",0,2014-10-10T15:41:32.658500,BLOCKED,saved_finish_absent_start_plus_max_time_only_inferred,passed
18109558c6df7cafcba50a71b774367c887b331a09cf8b99ddcef2ddeb3e0a4a,ES12,ES12C2,14,10/13/2014,4:25 PM,11:25 AM,259,5,5,0,0,5,true,"[0,1,2,3,4]",0,2014-10-13T12:28:15.482500,BLOCKED,saved_finish_absent_start_plus_max_time_only_inferred,passed
18109558c6df7cafcba50a71b774367c887b331a09cf8b99ddcef2ddeb3e0a4a,ES12,ES12C2,15,10/14/2014,1:45 PM,7:45 AM,277,5,5,0,0,5,true,"[0,1,2,3,4]",0,2014-10-14T09:38:32.650600,BLOCKED,saved_finish_absent_start_plus_max_time_only_inferred,passed
18109558c6df7cafcba50a71b774367c887b331a09cf8b99ddcef2ddeb3e0a4a,ES12,ES12C2,16,10/14/2014,10:30 AM,12:30 PM,279,5,5,0,0,5,true,"[0,1,2,3,4]",0,2014-10-14T13:43:37.938500,BLOCKED,saved_finish_absent_start_plus_max_time_only_inferred,passed
18109558c6df7cafcba50a71b774367c887b331a09cf8b99ddcef2ddeb3e0a4a,ES12,ES12C2,17,10/15/2014,2:50 PM,8:30 AM,296.66,5,5,0,0,5,true,"[0,1,2,3,4]",0,2014-10-15T09:54:32.068600,BLOCKED,saved_finish_absent_start_plus_max_time_only_inferred,passed
18109558c6df7cafcba50a71b774367c887b331a09cf8b99ddcef2ddeb3e0a4a,ES12,ES12C2,18,10/16/2014,10:40 AM,7:00 AM,317,5,5,0,0,5,true,"[0,1,2,3,4]",0,2014-10-16T08:30:04.068600,BLOCKED,saved_finish_absent_start_plus_max_time_only_inferred,passed
18109558c6df7cafcba50a71b774367c887b331a09cf8b99ddcef2ddeb3e0a4a,ES12,ES12C2,19,10/17/2014,10:00 AM,9:00 AM,352,5,5,0,0,5,true,"[0,1,2,3,4]",0,2014-10-17T10:10:37.936500,BLOCKED,saved_finish_absent_start_plus_max_time_only_inferred,passed
18109558c6df7cafcba50a71b774367c887b331a09cf8b99ddcef2ddeb3e0a4a,ES12,ES12C2,20,10/17/2014,11:30 AM,2:30 PM,355,5,5,0,0,5,true,"[0,1,2,3,4]",0,2014-10-17T16:05:23.940500,BLOCKED,saved_finish_absent_start_plus_max_time_only_inferred,passed
18109558c6df7cafcba50a71b774367c887b331a09cf8b99ddcef2ddeb3e0a4a,ES12,ES12C2,21,10/20/2014,4:30 PM,9:00 AM,419.5,5,5,0,0,5,true,"[0,1,2,3,4]",0,2014-10-20T10:06:59.802500,BLOCKED,saved_finish_absent_start_plus_max_time_only_inferred,passed
18109558c6df7cafcba50a71b774367c887b331a09cf8b99ddcef2ddeb3e0a4a,ES12,ES12C2,22,10/20/2014,11:15 AM,1:45 PM,422,5,5,0,0,5,true,"[0,1,2,3,4]",0,2014-10-20T15:02:35.806600,BLOCKED,saved_finish_absent_start_plus_max_time_only_inferred,passed
18109558c6df7cafcba50a71b774367c887b331a09cf8b99ddcef2ddeb3e0a4a,ES12,ES12C2,23,10/21/2014,4:00 PM,7:00 AM,437,5,5,0,0,5,true,"[0,1,2,3,4]",0,2014-10-21T08:39:18.803600,BLOCKED,saved_finish_absent_start_plus_max_time_only_inferred,passed
18109558c6df7cafcba50a71b774367c887b331a09cf8b99ddcef2ddeb3e0a4a,ES12,ES12C2,24,10/21/2014,10:00 AM,3:00 PM,442,5,5,0,0,5,true,"[0,1,2,3,4]",0,2014-10-21T16:17:40.806500,BLOCKED,saved_finish_absent_start_plus_max_time_only_inferred,passed
18109558c6df7cafcba50a71b774367c887b331a09cf8b99ddcef2ddeb3e0a4a,ES12,ES12C2,25,10/22/2014,5:15 PM,7:15 AM,456,5,5,0,0,5,true,"[0,1,2,3,4]",0,2014-10-22T08:30:02.793600,BLOCKED,saved_finish_absent_start_plus_max_time_only_inferred,passed
18109558c6df7cafcba50a71b774367c887b331a09cf8b99ddcef2ddeb3e0a4a,ES12,ES12C2,26,10/23/2014,4:40 PM,9:10 AM,472.5,5,5,0,0,5,true,"[0,1,2,3,4]",0,2014-10-23T10:30:29.681600,BLOCKED,saved_finish_absent_start_plus_max_time_only_inferred,passed
18109558c6df7cafcba50a71b774367c887b331a09cf8b99ddcef2ddeb3e0a4a,ES12,ES12C2,27,10/24/2014,11:45 AM,9:15 AM,494,5,5,0,0,5,true,"[0,1,2,3,4]",0,2014-10-24T10:30:24.524500,BLOCKED,saved_finish_absent_start_plus_max_time_only_inferred,passed
18109558c6df7cafcba50a71b774367c887b331a09cf8b99ddcef2ddeb3e0a4a,ES12,ES12C2,28,10/24/2014,12:10 PM,2:10 PM,496,5,5,0,0,5,true,"[0,1,2,3,4]",0,2014-10-24T15:28:04.389600,BLOCKED,saved_finish_absent_start_plus_max_time_only_inferred,passed
18109558c6df7cafcba50a71b774367c887b331a09cf8b99ddcef2ddeb3e0a4a,ES12,ES12C2,29,10/27/2014,4:30 PM,8:30 AM,560,5,5,0,0,5,true,"[0,1,2,3,4]",0,2014-10-27T09:44:07.676500,BLOCKED,saved_finish_absent_start_plus_max_time_only_inferred,passed
18109558c6df7cafcba50a71b774367c887b331a09cf8b99ddcef2ddeb3e0a4a,ES12,ES12C2,30,10/27/2014,11:35 AM,1:35 PM,562,5,5,0,0,5,true,"[0,1,2,3,4]",0,2014-10-27T14:43:33.672600,BLOCKED,saved_finish_absent_start_plus_max_time_only_inferred,passed
18109558c6df7cafcba50a71b774367c887b331a09cf8b99ddcef2ddeb3e0a4a,ES12,ES12C2,31,10/28/2014,3:45 PM,8:15 AM,578.5,5,5,0,0,5,true,"[0,1,2,3,4]",0,2014-10-28T11:03:52.728600,BLOCKED,saved_finish_absent_start_plus_max_time_only_inferred,passed
18109558c6df7cafcba50a71b774367c887b331a09cf8b99ddcef2ddeb3e0a4a,ES12,ES12C2,32,10/29/2014,12:15 PM,7:15 AM,597.5,5,5,0,0,5,true,"[0,1,2,3,4]",0,2014-10-29T08:30:49.863600,BLOCKED,saved_finish_absent_start_plus_max_time_only_inferred,passed
18109558c6df7cafcba50a71b774367c887b331a09cf8b99ddcef2ddeb3e0a4a,ES12,ES12C2,33,10/29/2014,9:20 AM,1:50 PM,602,5,5,0,0,5,true,"[0,1,2,3,4]",0,2014-10-29T15:29:43.121500,BLOCKED,saved_finish_absent_start_plus_max_time_only_inferred,passed
18109558c6df7cafcba50a71b774367c887b331a09cf8b99ddcef2ddeb3e0a4a,ES12,ES12C2,34,10/30/2014,4:15 PM,9:15 AM,619,5,5,0,0,5,true,"[0,1,2,3,4]",0,2014-10-30T10:41:07.302500,BLOCKED,saved_finish_absent_start_plus_max_time_only_inferred,passed
18109558c6df7cafcba50a71b774367c887b331a09cf8b99ddcef2ddeb3e0a4a,ES12,ES12C2,35,10/30/2014,11:25 AM,3:25 PM,623,5,5,0,0,5,true,"[0,1,2,3,4]",0,2014-10-30T17:18:49.306500,BLOCKED,saved_finish_absent_start_plus_max_time_only_inferred,passed
18109558c6df7cafcba50a71b774367c887b331a09cf8b99ddcef2ddeb3e0a4a,ES12,ES12C2,36,10/31/2014,6:05 PM,9:15 AM,650.25,5,5,0,0,5,true,"[0,1,2,3,4]",0,2014-10-31T10:38:10.250500,BLOCKED,saved_finish_absent_start_plus_max_time_only_inferred,passed
18109558c6df7cafcba50a71b774367c887b331a09cf8b99ddcef2ddeb3e0a4a,ES12,ES12C2,37,11/3/2014,11:45 AM,8:30 AM,719,5,5,0,0,5,true,"[0,1,2,3,4]",0,2014-11-03T09:41:14.414500,BLOCKED,saved_finish_absent_start_plus_max_time_only_inferred,passed
18109558c6df7cafcba50a71b774367c887b331a09cf8b99ddcef2ddeb3e0a4a,ES12,ES12C2,38,11/4/2014,10:30 AM,8:00 AM,740.5,5,5,0,0,5,true,"[0,1,2,3,4]",0,2014-11-04T09:21:26.303500,BLOCKED,saved_finish_absent_start_plus_max_time_only_inferred,passed
18109558c6df7cafcba50a71b774367c887b331a09cf8b99ddcef2ddeb3e0a4a,ES12,ES12C2,39,11/5/2014,2:30 PM,9:00 AM,759,5,5,0,0,5,true,"[0,1,2,3,4]",0,2014-11-05T13:41:46.302500,BLOCKED,saved_finish_absent_start_plus_max_time_only_inferred,passed
18109558c6df7cafcba50a71b774367c887b331a09cf8b99ddcef2ddeb3e0a4a,ES12,ES12C2,40,11/6/2014,3:45 PM,8:15 AM,775.5,5,5,0,0,5,true,"[0,1,2,3,4]",0,2014-11-06T09:40:35.463600,BLOCKED,saved_finish_absent_start_plus_max_time_only_inferred,passed
18109558c6df7cafcba50a71b774367c887b331a09cf8b99ddcef2ddeb3e0a4a,ES12,ES12C2,41,11/6/2014,10:40 AM,2:20 PM,779,5,5,0,0,5,true,"[0,1,2,3,4]",0,2014-11-06T15:41:41.197600,BLOCKED,saved_finish_absent_start_plus_max_time_only_inferred,passed
18109558c6df7cafcba50a71b774367c887b331a09cf8b99ddcef2ddeb3e0a4a,ES12,ES12C2,42,11/7/2014,5:00 PM,1:00 PM,799,5,5,0,0,5,true,"[0,1,2,3,4]",0,2014-11-07T15:03:49.063500,BLOCKED,saved_finish_absent_start_plus_max_time_only_inferred,passed
18109558c6df7cafcba50a71b774367c887b331a09cf8b99ddcef2ddeb3e0a4a,ES12,ES12C2,43,11/10/2014,10:00 AM,1:00 PM,802,5,5,0,0,5,true,"[0,1,2,3,4]",0,2014-11-10T14:17:39.057500,BLOCKED,saved_finish_absent_start_plus_max_time_only_inferred,passed
18109558c6df7cafcba50a71b774367c887b331a09cf8b99ddcef2ddeb3e0a4a,ES12,ES12C2,44,11/12/2014,3:30 PM,9:00 AM,843.5,5,5,0,0,5,true,"[0,1,2,3,4]",0,2014-11-12T10:51:27.305600,BLOCKED,saved_finish_absent_start_plus_max_time_only_inferred,passed
18109558c6df7cafcba50a71b774367c887b331a09cf8b99ddcef2ddeb3e0a4a,ES12,ES12C2,45,11/12/2014,12:00 PM,4:30 PM,848,5,5,0,0,5,true,"[0,1,2,3,4]",0,2014-11-12T18:07:21.906500,BLOCKED,saved_finish_absent_start_plus_max_time_only_inferred,passed
18109558c6df7cafcba50a71b774367c887b331a09cf8b99ddcef2ddeb3e0a4a,ES12,ES12C2,46,11/13/2014,7:00 PM,8:00 AM,861,5,5,0,0,5,true,"[0,1,2,3,4]",0,2014-11-13T09:13:00.928500,BLOCKED,saved_finish_absent_start_plus_max_time_only_inferred,passed
18109558c6df7cafcba50a71b774367c887b331a09cf8b99ddcef2ddeb3e0a4a,ES12,ES12C2,47,11/13/2014,10:00 AM,2:00 PM,865,5,5,0,0,5,true,"[0,1,2,3,4]",0,2014-11-13T15:37:49.194600,BLOCKED,saved_finish_absent_start_plus_max_time_only_inferred,passed
18109558c6df7cafcba50a71b774367c887b331a09cf8b99ddcef2ddeb3e0a4a,ES12,ES12C2,48,11/14/2014,4:45 PM,2:15 PM,886.5,5,5,0,0,5,true,"[0,1,2,3,4]",0,2014-11-14T15:44:40.058600,BLOCKED,saved_finish_absent_start_plus_max_time_only_inferred,passed
18109558c6df7cafcba50a71b774367c887b331a09cf8b99ddcef2ddeb3e0a4a,ES12,ES12C2,49,11/17/2014,5:00 PM,10:00 AM,951.5,5,5,0,0,5,true,"[0,1,2,3,4]",0,2014-11-17T11:24:55.909500,BLOCKED,saved_finish_absent_start_plus_max_time_only_inferred,passed
18109558c6df7cafcba50a71b774367c887b331a09cf8b99ddcef2ddeb3e0a4a,ES12,ES12C2,50,11/17/2014,12:30 PM,2:00 PM,953,5,5,0,0,5,true,"[0,1,2,3,4]",0,2014-11-17T15:07:38.928600,BLOCKED,saved_finish_absent_start_plus_max_time_only_inferred,passed
18109558c6df7cafcba50a71b774367c887b331a09cf8b99ddcef2ddeb3e0a4a,ES12,ES12C2,51,11/18/2014,4:15 PM,9:15 AM,970,5,5,0,0,5,true,"[0,1,2,3,4]",0,2014-11-18T10:25:46.906500,BLOCKED,saved_finish_absent_start_plus_max_time_only_inferred,passed
18109558c6df7cafcba50a71b774367c887b331a09cf8b99ddcef2ddeb3e0a4a,ES12,ES12C2,52,11/18/2014,11:15 AM,1:15 PM,972,5,5,0,0,5,true,"[0,1,2,3,4]",0,2014-11-18T14:55:53.113500,BLOCKED,saved_finish_absent_start_plus_max_time_only_inferred,passed
18109558c6df7cafcba50a71b774367c887b331a09cf8b99ddcef2ddeb3e0a4a,ES12,ES12C2,53,11/19/2014,3:45 PM,10:15 AM,990.5,5,5,0,0,5,true,"[0,1,2,3,4]",0,2014-11-19T11:45:12.113600,BLOCKED,saved_finish_absent_start_plus_max_time_only_inferred,passed
18109558c6df7cafcba50a71b774367c887b331a09cf8b99ddcef2ddeb3e0a4a,ES12,ES12C2,54,11/20/2014,2:00 PM,9:30 AM,1010,5,5,0,0,5,true,"[0,1,2,3,4]",0,2014-11-20T13:52:18.112500,BLOCKED,saved_finish_absent_start_plus_max_time_only_inferred,passed
18109558c6df7cafcba50a71b774367c887b331a09cf8b99ddcef2ddeb3e0a4a,ES12,ES12C2,55,11/21/2014,3:00 PM,10:00 AM,1029,5,5,0,0,5,true,"[0,1,2,3,4]",0,2014-11-21T11:32:51.243600,BLOCKED,saved_finish_absent_start_plus_max_time_only_inferred,passed
18109558c6df7cafcba50a71b774367c887b331a09cf8b99ddcef2ddeb3e0a4a,ES12,ES12C2,56,11/24/2014,2:00 PM,9:30 AM,1096.5,5,5,0,0,5,true,"[0,1,2,3,4]",0,2014-11-24T10:40:21.055600,BLOCKED,saved_finish_absent_start_plus_max_time_only_inferred,passed
18109558c6df7cafcba50a71b774367c887b331a09cf8b99ddcef2ddeb3e0a4a,ES12,ES12C2,57,11/25/2014,11:30 AM,3:00 PM,1124,5,5,0,0,5,true,"[0,1,2,3,4]",0,2014-11-25T17:57:14.203600,BLOCKED,saved_finish_absent_start_plus_max_time_only_inferred,passed
18109558c6df7cafcba50a71b774367c887b331a09cf8b99ddcef2ddeb3e0a4a,ES12,ES12C2,58,11/26/2014,7:15 PM,10:45 AM,1140.5,5,5,0,0,5,true,"[0,1,2,3,4]",0,2014-11-26T12:04:20.420600,BLOCKED,saved_finish_absent_start_plus_max_time_only_inferred,passed
18109558c6df7cafcba50a71b774367c887b331a09cf8b99ddcef2ddeb3e0a4a,ES12,ES12C2,59,12/1/2014,2:15 PM,10:45 AM,1257,5,5,0,0,5,true,"[0,1,2,3,4]",0,2014-12-01T12:10:20.148600,BLOCKED,saved_finish_absent_start_plus_max_time_only_inferred,passed
18109558c6df7cafcba50a71b774367c887b331a09cf8b99ddcef2ddeb3e0a4a,ES12,ES12C2,60,12/1/2014,1:20 PM,2:20 PM,1258,5,5,0,0,5,false,"[0,1,3,2,4]",0,2014-12-01T15:43:05.111500,BLOCKED,saved_finish_absent_start_plus_max_time_only_inferred,passed
18109558c6df7cafcba50a71b774367c887b331a09cf8b99ddcef2ddeb3e0a4a,ES12,ES12C2,61,12/3/2014,5:30 PM,10:30 AM,1299,5,5,0,0,5,true,"[0,1,2,3,4]",0,2014-12-03T11:52:15.149600,BLOCKED,saved_finish_absent_start_plus_max_time_only_inferred,passed
18109558c6df7cafcba50a71b774367c887b331a09cf8b99ddcef2ddeb3e0a4a,ES12,ES12C2,62,12/3/2014,1:15 PM,2:45 PM,1300.5,5,5,0,0,5,true,"[0,1,2,3,4]",0,2014-12-03T15:50:31.281600,BLOCKED,saved_finish_absent_start_plus_max_time_only_inferred,passed
18109558c6df7cafcba50a71b774367c887b331a09cf8b99ddcef2ddeb3e0a4a,ES12,ES12C2,63,12/4/2014,4:30 PM,9:30 AM,1317.5,5,5,0,0,5,true,"[0,1,2,3,4]",0,2014-12-04T11:04:11.147500,BLOCKED,saved_finish_absent_start_plus_max_time_only_inferred,passed
18109558c6df7cafcba50a71b774367c887b331a09cf8b99ddcef2ddeb3e0a4a,ES12,ES12C2,64,12/5/2014,11:45 AM,10:15 AM,1341,5,5,0,0,5,true,"[0,1,2,3,4]",0,2014-12-05T11:22:32.115500,BLOCKED,saved_finish_absent_start_plus_max_time_only_inferred,passed
18109558c6df7cafcba50a71b774367c887b331a09cf8b99ddcef2ddeb3e0a4a,ES12,ES12C2,65,12/8/2014,2:25 PM,9:25 AM,1408,5,5,0,0,5,true,"[0,1,2,3,4]",0,2014-12-08T11:03:11.059600,BLOCKED,saved_finish_absent_start_plus_max_time_only_inferred,passed
18109558c6df7cafcba50a71b774367c887b331a09cf8b99ddcef2ddeb3e0a4a,ES12,ES12C2,66,12/10/2014,1:15 PM,1:45 PM,1456.5,5,5,0,0,5,true,"[0,1,2,3,4]",0,2014-12-10T15:05:46.058500,BLOCKED,saved_finish_absent_start_plus_max_time_only_inferred,passed
18109558c6df7cafcba50a71b774367c887b331a09cf8b99ddcef2ddeb3e0a4a,ES12,ES12C2,67,12/16/2014,4:05 PM,9:35 AM,1594,5,5,0,0,5,true,"[0,1,2,3,4]",0,2014-12-16T11:08:21.019500,BLOCKED,saved_finish_absent_start_plus_max_time_only_inferred,passed
18109558c6df7cafcba50a71b774367c887b331a09cf8b99ddcef2ddeb3e0a4a,ES12,ES12C2,68,2/17/2015,3:00 PM,4:30 PM,3063,5,5,0,0,5,true,"[0,1,2,3,4]",0,2015-02-17T15:38:41.653600,BLOCKED,saved_finish_absent_start_plus_max_time_only_inferred,passed
18109558c6df7cafcba50a71b774367c887b331a09cf8b99ddcef2ddeb3e0a4a,ES12,ES12C2,69,04/20/2015,3:30 PM,6:30 PM,4551,10,5,0,5,5,true,"[1,3,5,7,9]",0,2015-04-20T16:44:18.675500,BLOCKED,saved_finish_absent_start_plus_max_time_only_inferred,passed
18109558c6df7cafcba50a71b774367c887b331a09cf8b99ddcef2ddeb3e0a4a,ES12,ES12C2,70,04/28/2015,11:30 AM,2:00 PM,4748,10,5,0,5,5,true,"[1,3,5,7,9]",0,2015-04-28T13:08:51.675600,BLOCKED,saved_finish_absent_start_plus_max_time_only_inferred,passed
18109558c6df7cafcba50a71b774367c887b331a09cf8b99ddcef2ddeb3e0a4a,ES12,ES12C2,71,05/04/2015,1:30 PM,4:30 PM,4891.5,10,5,0,5,5,true,"[1,3,5,7,9]",0,2015-05-04T15:04:43.412600,BLOCKED,saved_finish_absent_start_plus_max_time_only_inferred,passed
18109558c6df7cafcba50a71b774367c887b331a09cf8b99ddcef2ddeb3e0a4a,ES12,ES12C2,72,05/13/2015,2:00 PM,2:00 PM,5105.5,10,5,0,5,5,true,"[1,3,5,7,9]",0,2015-05-13T15:13:12.257500,BLOCKED,saved_finish_absent_start_plus_max_time_only_inferred,passed
18109558c6df7cafcba50a71b774367c887b331a09cf8b99ddcef2ddeb3e0a4a,ES12,ES12C3,0,9/29/2014,,,0,5,5,0,0,5,true,"[0,1,2,3,4]",0,2014-09-29T13:19:18.928600,BLOCKED,saved_finish_absent_start_plus_max_time_only_inferred,passed
18109558c6df7cafcba50a71b774367c887b331a09cf8b99ddcef2ddeb3e0a4a,ES12,ES12C3,1,9/30/2014,,,0,5,5,0,0,5,true,"[0,1,2,3,4]",0,2014-09-30T11:42:26.116600,BLOCKED,saved_finish_absent_start_plus_max_time_only_inferred,passed
18109558c6df7cafcba50a71b774367c887b331a09cf8b99ddcef2ddeb3e0a4a,ES12,ES12C3,2,10/1/2014,10:00 AM,12:00 PM,2,5,5,0,0,5,true,"[0,1,2,3,4]",0,2014-10-01T15:25:45.272600,BLOCKED,saved_finish_absent_start_plus_max_time_only_inferred,passed
18109558c6df7cafcba50a71b774367c887b331a09cf8b99ddcef2ddeb3e0a4a,ES12,ES12C3,3,10/2/2014,4:00 PM,1:00 PM,23,5,5,0,0,5,true,"[0,1,2,3,4]",0,2014-10-02T14:58:59.791500,BLOCKED,saved_finish_absent_start_plus_max_time_only_inferred,passed
18109558c6df7cafcba50a71b774367c887b331a09cf8b99ddcef2ddeb3e0a4a,ES12,ES12C3,4,10/3/2014,4:00 PM,7:20 AM,38.3333,5,5,0,0,5,true,"[0,1,2,3,4]",0,2014-10-03T09:24:00.935500,BLOCKED,saved_finish_absent_start_plus_max_time_only_inferred,passed
18109558c6df7cafcba50a71b774367c887b331a09cf8b99ddcef2ddeb3e0a4a,ES12,ES12C3,5,10/3/2014,10:20 AM,12:00 PM,40,5,5,0,0,5,true,"[0,1,2,3,4]",0,2014-10-03T13:41:24.787500,BLOCKED,saved_finish_absent_start_plus_max_time_only_inferred,passed
18109558c6df7cafcba50a71b774367c887b331a09cf8b99ddcef2ddeb3e0a4a,ES12,ES12C3,6,10/6/2014,2:25 PM,7:25 AM,105,5,5,0,0,5,true,"[0,1,2,3,4]",0,2014-10-06T08:57:51.791600,BLOCKED,saved_finish_absent_start_plus_max_time_only_inferred,passed
18109558c6df7cafcba50a71b774367c887b331a09cf8b99ddcef2ddeb3e0a4a,ES12,ES12C3,7,10/6/2014,9:40 AM,12:40 PM,108,5,5,0,0,5,true,"[0,1,2,3,4]",0,2014-10-06T14:08:13.806600,BLOCKED,saved_finish_absent_start_plus_max_time_only_inferred,passed
18109558c6df7cafcba50a71b774367c887b331a09cf8b99ddcef2ddeb3e0a4a,ES12,ES12C3,8,10/7/2014,2:55 PM,7:55 AM,125,5,5,0,0,5,true,"[0,1,2,3,4]",0,2014-10-07T09:00:40.663600,BLOCKED,saved_finish_absent_start_plus_max_time_only_inferred,passed
18109558c6df7cafcba50a71b774367c887b331a09cf8b99ddcef2ddeb3e0a4a,ES12,ES12C3,9,10/7/2014,9:45 AM,12:45 PM,128,5,5,0,0,5,true,"[0,1,2,3,4]",0,2014-10-07T14:02:59.957600,BLOCKED,saved_finish_absent_start_plus_max_time_only_inferred,passed
18109558c6df7cafcba50a71b774367c887b331a09cf8b99ddcef2ddeb3e0a4a,ES12,ES12C3,10,10/8/2014,3:00 PM,9:00 AM,146,5,5,0,0,5,true,"[0,1,2,3,4]",0,2014-10-08T10:33:40.386500,BLOCKED,saved_finish_absent_start_plus_max_time_only_inferred,passed
18109558c6df7cafcba50a71b774367c887b331a09cf8b99ddcef2ddeb3e0a4a,ES12,ES12C3,11,10/9/2014,11:30 AM,7:30 AM,166,5,5,0,0,5,true,"[0,1,2,3,4]",0,2014-10-09T08:53:54.382500,BLOCKED,saved_finish_absent_start_plus_max_time_only_inferred,passed
18109558c6df7cafcba50a71b774367c887b331a09cf8b99ddcef2ddeb3e0a4a,ES12,ES12C3,12,10/10/2014,9:40 AM,7:40 AM,188,5,5,0,0,5,true,"[0,1,2,3,4]",0,2014-10-10T09:15:26.303500,BLOCKED,saved_finish_absent_start_plus_max_time_only_inferred,passed
18109558c6df7cafcba50a71b774367c887b331a09cf8b99ddcef2ddeb3e0a4a,ES12,ES12C3,13,10/10/2014,10:15 AM,2:15 PM,192,5,5,0,0,5,true,"[0,1,2,3,4]",0,2014-10-10T15:45:02.596600,BLOCKED,saved_finish_absent_start_plus_max_time_only_inferred,passed
18109558c6df7cafcba50a71b774367c887b331a09cf8b99ddcef2ddeb3e0a4a,ES12,ES12C3,14,10/13/2014,4:25 PM,11:25 AM,259,5,5,0,0,5,true,"[0,1,2,3,4]",0,2014-10-13T12:32:58.190600,BLOCKED,saved_finish_absent_start_plus_max_time_only_inferred,passed
18109558c6df7cafcba50a71b774367c887b331a09cf8b99ddcef2ddeb3e0a4a,ES12,ES12C3,15,10/14/2014,1:45 PM,7:45 AM,277,5,5,0,0,5,true,"[0,1,2,3,4]",0,2014-10-14T09:45:42.121500,BLOCKED,saved_finish_absent_start_plus_max_time_only_inferred,passed
18109558c6df7cafcba50a71b774367c887b331a09cf8b99ddcef2ddeb3e0a4a,ES12,ES12C3,16,10/14/2014,10:30 AM,12:30 PM,279,5,5,0,0,5,true,"[0,1,2,3,4]",0,2014-10-14T13:48:22.664600,BLOCKED,saved_finish_absent_start_plus_max_time_only_inferred,passed
18109558c6df7cafcba50a71b774367c887b331a09cf8b99ddcef2ddeb3e0a4a,ES12,ES12C3,17,10/15/2014,2:50 PM,8:30 AM,296.66,5,5,0,0,5,true,"[0,1,2,3,4]",0,2014-10-15T09:58:03.806600,BLOCKED,saved_finish_absent_start_plus_max_time_only_inferred,passed
18109558c6df7cafcba50a71b774367c887b331a09cf8b99ddcef2ddeb3e0a4a,ES12,ES12C3,18,10/16/2014,10:40 AM,7:00 AM,317,5,5,0,0,5,true,"[0,1,2,3,4]",0,2014-10-16T08:33:35.790600,BLOCKED,saved_finish_absent_start_plus_max_time_only_inferred,passed
18109558c6df7cafcba50a71b774367c887b331a09cf8b99ddcef2ddeb3e0a4a,ES12,ES12C3,19,10/17/2014,10:00 AM,9:00 AM,352,5,5,0,0,5,true,"[0,1,2,3,4]",0,2014-10-17T10:14:12.956500,BLOCKED,saved_finish_absent_start_plus_max_time_only_inferred,passed
18109558c6df7cafcba50a71b774367c887b331a09cf8b99ddcef2ddeb3e0a4a,ES12,ES12C3,20,10/17/2014,11:30 AM,2:30 PM,355,5,5,0,0,5,true,"[0,1,2,3,4]",0,2014-10-17T16:09:37.799500,BLOCKED,saved_finish_absent_start_plus_max_time_only_inferred,passed
18109558c6df7cafcba50a71b774367c887b331a09cf8b99ddcef2ddeb3e0a4a,ES12,ES12C3,21,10/20/2014,4:30 PM,9:00 AM,419.5,5,5,0,0,5,true,"[0,1,2,3,4]",0,2014-10-20T10:10:42.791500,BLOCKED,saved_finish_absent_start_plus_max_time_only_inferred,passed
18109558c6df7cafcba50a71b774367c887b331a09cf8b99ddcef2ddeb3e0a4a,ES12,ES12C3,22,10/20/2014,11:15 AM,1:45 PM,422,5,5,0,0,5,true,"[0,1,2,3,4]",0,2014-10-20T15:12:08.530500,BLOCKED,saved_finish_absent_start_plus_max_time_only_inferred,passed
18109558c6df7cafcba50a71b774367c887b331a09cf8b99ddcef2ddeb3e0a4a,ES12,ES12C3,23,10/21/2014,4:00 PM,7:00 AM,437,5,5,0,0,5,true,"[0,1,2,3,4]",0,2014-10-21T08:42:56.676600,BLOCKED,saved_finish_absent_start_plus_max_time_only_inferred,passed
18109558c6df7cafcba50a71b774367c887b331a09cf8b99ddcef2ddeb3e0a4a,ES12,ES12C3,24,10/21/2014,10:00 AM,3:00 PM,442,5,5,0,0,5,true,"[0,1,2,3,4]",0,2014-10-21T16:21:15.547600,BLOCKED,saved_finish_absent_start_plus_max_time_only_inferred,passed
18109558c6df7cafcba50a71b774367c887b331a09cf8b99ddcef2ddeb3e0a4a,ES12,ES12C3,25,10/22/2014,5:15 PM,7:15 AM,456,5,5,0,0,5,true,"[0,1,2,3,4]",0,2014-10-22T08:34:01.789500,BLOCKED,saved_finish_absent_start_plus_max_time_only_inferred,passed
18109558c6df7cafcba50a71b774367c887b331a09cf8b99ddcef2ddeb3e0a4a,ES12,ES12C3,26,10/23/2014,4:40 PM,9:10 AM,472.5,5,5,0,0,5,true,"[0,1,2,3,4]",0,2014-10-23T10:34:56.263500,BLOCKED,saved_finish_absent_start_plus_max_time_only_inferred,passed
18109558c6df7cafcba50a71b774367c887b331a09cf8b99ddcef2ddeb3e0a4a,ES12,ES12C3,27,10/24/2014,11:45 AM,9:15 AM,494,5,5,0,0,5,true,"[0,1,2,3,4]",0,2014-10-24T10:36:10.454500,BLOCKED,saved_finish_absent_start_plus_max_time_only_inferred,passed
18109558c6df7cafcba50a71b774367c887b331a09cf8b99ddcef2ddeb3e0a4a,ES12,ES12C3,28,10/24/2014,12:10 PM,2:10 PM,496,5,5,0,0,5,true,"[0,1,2,3,4]",0,2014-10-24T15:31:36.307600,BLOCKED,saved_finish_absent_start_plus_max_time_only_inferred,passed
18109558c6df7cafcba50a71b774367c887b331a09cf8b99ddcef2ddeb3e0a4a,ES12,ES12C3,29,10/27/2014,4:30 PM,8:30 AM,560,5,5,0,0,5,true,"[0,1,2,3,4]",0,2014-10-27T09:48:01.414500,BLOCKED,saved_finish_absent_start_plus_max_time_only_inferred,passed
18109558c6df7cafcba50a71b774367c887b331a09cf8b99ddcef2ddeb3e0a4a,ES12,ES12C3,30,10/27/2014,11:35 AM,1:35 PM,562,5,5,0,0,5,true,"[0,1,2,3,4]",0,2014-10-27T14:47:38.444600,BLOCKED,saved_finish_absent_start_plus_max_time_only_inferred,passed
18109558c6df7cafcba50a71b774367c887b331a09cf8b99ddcef2ddeb3e0a4a,ES12,ES12C3,31,10/28/2014,3:45 PM,8:15 AM,578.5,5,5,0,0,5,true,"[0,1,2,3,4]",0,2014-10-28T11:07:50.183500,BLOCKED,saved_finish_absent_start_plus_max_time_only_inferred,passed
18109558c6df7cafcba50a71b774367c887b331a09cf8b99ddcef2ddeb3e0a4a,ES12,ES12C3,32,10/29/2014,12:15 PM,7:15 AM,597.5,5,5,0,0,5,true,"[0,1,2,3,4]",0,2014-10-29T08:36:04.281600,BLOCKED,saved_finish_absent_start_plus_max_time_only_inferred,passed
18109558c6df7cafcba50a71b774367c887b331a09cf8b99ddcef2ddeb3e0a4a,ES12,ES12C3,33,10/29/2014,9:20 AM,1:50 PM,602,5,5,0,0,5,true,"[0,1,2,3,4]",0,2014-10-29T15:33:03.322500,BLOCKED,saved_finish_absent_start_plus_max_time_only_inferred,passed
18109558c6df7cafcba50a71b774367c887b331a09cf8b99ddcef2ddeb3e0a4a,ES12,ES12C3,34,10/30/2014,4:15 PM,9:15 AM,619,5,5,0,0,5,true,"[0,1,2,3,4]",0,2014-10-30T10:44:28.495600,BLOCKED,saved_finish_absent_start_plus_max_time_only_inferred,passed
18109558c6df7cafcba50a71b774367c887b331a09cf8b99ddcef2ddeb3e0a4a,ES12,ES12C3,35,10/30/2014,11:25 AM,3:25 PM,623,5,5,0,0,5,true,"[0,1,2,3,4]",0,2014-10-30T17:22:56.321600,BLOCKED,saved_finish_absent_start_plus_max_time_only_inferred,passed
18109558c6df7cafcba50a71b774367c887b331a09cf8b99ddcef2ddeb3e0a4a,ES12,ES12C3,36,10/31/2014,6:05 PM,9:15 AM,650.25,5,5,0,0,5,true,"[0,1,2,3,4]",0,2014-10-31T10:41:35.322600,BLOCKED,saved_finish_absent_start_plus_max_time_only_inferred,passed
18109558c6df7cafcba50a71b774367c887b331a09cf8b99ddcef2ddeb3e0a4a,ES12,ES12C3,37,11/3/2014,11:45 AM,8:30 AM,719,5,5,0,0,5,true,"[0,1,2,3,4]",0,2014-11-03T09:44:47.195500,BLOCKED,saved_finish_absent_start_plus_max_time_only_inferred,passed
18109558c6df7cafcba50a71b774367c887b331a09cf8b99ddcef2ddeb3e0a4a,ES12,ES12C3,38,11/4/2014,10:30 AM,8:00 AM,740.5,5,5,0,0,5,true,"[0,1,2,3,4]",0,2014-11-04T09:25:45.041500,BLOCKED,saved_finish_absent_start_plus_max_time_only_inferred,passed
18109558c6df7cafcba50a71b774367c887b331a09cf8b99ddcef2ddeb3e0a4a,ES12,ES12C3,39,11/5/2014,2:30 PM,9:00 AM,759,5,5,0,0,5,true,"[0,1,2,3,4]",0,2014-11-05T13:48:46.191500,BLOCKED,saved_finish_absent_start_plus_max_time_only_inferred,passed
18109558c6df7cafcba50a71b774367c887b331a09cf8b99ddcef2ddeb3e0a4a,ES12,ES12C3,40,11/6/2014,3:45 PM,8:15 AM,775.5,5,5,0,0,5,true,"[0,1,2,3,4]",0,2014-11-06T09:46:47.042500,BLOCKED,saved_finish_absent_start_plus_max_time_only_inferred,passed
18109558c6df7cafcba50a71b774367c887b331a09cf8b99ddcef2ddeb3e0a4a,ES12,ES12C3,41,11/6/2014,10:40 AM,2:20 PM,779,5,5,0,0,5,true,"[0,1,2,3,4]",0,2014-11-06T15:49:11.281600,BLOCKED,saved_finish_absent_start_plus_max_time_only_inferred,passed
18109558c6df7cafcba50a71b774367c887b331a09cf8b99ddcef2ddeb3e0a4a,ES12,ES12C3,42,11/7/2014,5:00 PM,1:00 PM,799,5,5,0,0,5,true,"[0,1,2,3,4]",0,2014-11-07T15:08:04.056600,BLOCKED,saved_finish_absent_start_plus_max_time_only_inferred,passed
18109558c6df7cafcba50a71b774367c887b331a09cf8b99ddcef2ddeb3e0a4a,ES12,ES12C3,43,11/10/2014,10:00 AM,1:00 PM,802,5,5,0,0,5,true,"[0,1,2,3,4]",0,2014-11-10T14:37:55.061500,BLOCKED,saved_finish_absent_start_plus_max_time_only_inferred,passed
18109558c6df7cafcba50a71b774367c887b331a09cf8b99ddcef2ddeb3e0a4a,ES12,ES12C3,44,11/12/2014,3:30 PM,9:00 AM,843.5,5,5,0,0,5,true,"[0,1,2,3,4]",0,2014-11-12T10:55:32.114600,BLOCKED,saved_finish_absent_start_plus_max_time_only_inferred,passed
18109558c6df7cafcba50a71b774367c887b331a09cf8b99ddcef2ddeb3e0a4a,ES12,ES12C3,45,11/12/2014,12:00 PM,4:30 PM,848,5,5,0,0,5,true,"[0,1,2,3,4]",0,2014-11-12T18:11:53.289500,BLOCKED,saved_finish_absent_start_plus_max_time_only_inferred,passed
18109558c6df7cafcba50a71b774367c887b331a09cf8b99ddcef2ddeb3e0a4a,ES12,ES12C3,46,11/13/2014,7:00 PM,8:00 AM,861,5,5,0,0,5,true,"[0,1,2,3,4]",0,2014-11-13T09:16:33.884600,BLOCKED,saved_finish_absent_start_plus_max_time_only_inferred,passed
18109558c6df7cafcba50a71b774367c887b331a09cf8b99ddcef2ddeb3e0a4a,ES12,ES12C3,47,11/13/2014,10:00 AM,2:00 PM,865,5,5,0,0,5,true,"[0,1,2,3,4]",0,2014-11-13T15:44:09.149600,BLOCKED,saved_finish_absent_start_plus_max_time_only_inferred,passed
18109558c6df7cafcba50a71b774367c887b331a09cf8b99ddcef2ddeb3e0a4a,ES12,ES12C3,48,11/14/2014,4:45 PM,2:15 PM,886.5,5,5,0,0,5,false,"[0,2,1,3,4]",0,2014-11-14T15:49:57.115500,BLOCKED,saved_finish_absent_start_plus_max_time_only_inferred,passed
18109558c6df7cafcba50a71b774367c887b331a09cf8b99ddcef2ddeb3e0a4a,ES12,ES12C3,49,11/17/2014,5:00 PM,10:00 AM,951.5,5,5,0,0,5,true,"[0,1,2,3,4]",0,2014-11-17T11:29:05.908600,BLOCKED,saved_finish_absent_start_plus_max_time_only_inferred,passed
18109558c6df7cafcba50a71b774367c887b331a09cf8b99ddcef2ddeb3e0a4a,ES12,ES12C3,50,11/17/2014,12:30 PM,2:00 PM,953,5,5,0,0,5,true,"[0,1,2,3,4]",0,2014-11-17T15:06:18.115500,BLOCKED,saved_finish_absent_start_plus_max_time_only_inferred,passed
18109558c6df7cafcba50a71b774367c887b331a09cf8b99ddcef2ddeb3e0a4a,ES12,ES12C3,51,11/18/2014,4:15 PM,9:15 AM,970,5,5,0,0,5,true,"[0,1,2,3,4]",0,2014-11-18T10:29:57.126600,BLOCKED,saved_finish_absent_start_plus_max_time_only_inferred,passed
18109558c6df7cafcba50a71b774367c887b331a09cf8b99ddcef2ddeb3e0a4a,ES12,ES12C3,52,11/18/2014,11:15 AM,1:15 PM,972,5,5,0,0,5,true,"[0,1,2,3,4]",0,2014-11-18T14:59:35.720500,BLOCKED,saved_finish_absent_start_plus_max_time_only_inferred,passed
18109558c6df7cafcba50a71b774367c887b331a09cf8b99ddcef2ddeb3e0a4a,ES12,ES12C3,53,11/19/2014,3:45 PM,10:15 AM,990.5,5,5,0,0,5,true,"[0,1,2,3,4]",0,2014-11-19T13:00:46.114500,BLOCKED,saved_finish_absent_start_plus_max_time_only_inferred,passed
18109558c6df7cafcba50a71b774367c887b331a09cf8b99ddcef2ddeb3e0a4a,ES12,ES12C3,54,11/20/2014,2:00 PM,9:30 AM,1010,5,5,0,0,5,true,"[0,1,2,3,4]",0,2014-11-20T13:57:40.017500,BLOCKED,saved_finish_absent_start_plus_max_time_only_inferred,passed
18109558c6df7cafcba50a71b774367c887b331a09cf8b99ddcef2ddeb3e0a4a,ES12,ES12C3,55,11/21/2014,3:00 PM,10:00 AM,1029,5,5,0,0,5,true,"[0,1,2,3,4]",0,2014-11-21T11:41:54.018500,BLOCKED,saved_finish_absent_start_plus_max_time_only_inferred,passed
18109558c6df7cafcba50a71b774367c887b331a09cf8b99ddcef2ddeb3e0a4a,ES12,ES12C3,56,11/24/2014,2:00 PM,9:30 AM,1096.5,5,5,0,0,5,true,"[0,1,2,3,4]",0,2014-11-24T10:44:41.149500,BLOCKED,saved_finish_absent_start_plus_max_time_only_inferred,passed
18109558c6df7cafcba50a71b774367c887b331a09cf8b99ddcef2ddeb3e0a4a,ES12,ES12C3,57,11/25/2014,11:30 AM,3:00 PM,1124,5,5,0,0,5,true,"[0,1,2,3,4]",0,2014-11-25T18:01:17.114500,BLOCKED,saved_finish_absent_start_plus_max_time_only_inferred,passed
18109558c6df7cafcba50a71b774367c887b331a09cf8b99ddcef2ddeb3e0a4a,ES12,ES12C3,58,11/26/2014,7:15 PM,10:45 AM,1140.5,5,5,0,0,5,true,"[0,1,2,3,4]",0,2014-11-26T12:08:27.982500,BLOCKED,saved_finish_absent_start_plus_max_time_only_inferred,passed
18109558c6df7cafcba50a71b774367c887b331a09cf8b99ddcef2ddeb3e0a4a,ES12,ES12C3,59,12/1/2014,2:15 PM,10:45 AM,1257,5,5,0,0,5,true,"[0,1,2,3,4]",0,2014-12-01T12:16:46.718500,BLOCKED,saved_finish_absent_start_plus_max_time_only_inferred,passed
18109558c6df7cafcba50a71b774367c887b331a09cf8b99ddcef2ddeb3e0a4a,ES12,ES12C3,60,12/1/2014,1:20 PM,2:20 PM,1258,5,5,0,0,5,true,"[0,1,2,3,4]",0,2014-12-01T15:46:31.718500,BLOCKED,saved_finish_absent_start_plus_max_time_only_inferred,passed
18109558c6df7cafcba50a71b774367c887b331a09cf8b99ddcef2ddeb3e0a4a,ES12,ES12C3,61,12/3/2014,5:30 PM,10:30 AM,1299,5,5,0,0,5,true,"[0,1,2,3,4]",0,2014-12-03T11:55:33.750500,BLOCKED,saved_finish_absent_start_plus_max_time_only_inferred,passed
18109558c6df7cafcba50a71b774367c887b331a09cf8b99ddcef2ddeb3e0a4a,ES12,ES12C3,62,12/3/2014,1:15 PM,2:45 PM,1300.5,5,5,0,0,5,true,"[0,1,2,3,4]",0,2014-12-03T15:54:08.716500,BLOCKED,saved_finish_absent_start_plus_max_time_only_inferred,passed
18109558c6df7cafcba50a71b774367c887b331a09cf8b99ddcef2ddeb3e0a4a,ES12,ES12C3,63,12/4/2014,4:30 PM,9:30 AM,1317.5,5,5,0,0,5,true,"[0,1,2,3,4]",0,2014-12-04T11:07:45.753600,BLOCKED,saved_finish_absent_start_plus_max_time_only_inferred,passed
18109558c6df7cafcba50a71b774367c887b331a09cf8b99ddcef2ddeb3e0a4a,ES12,ES12C3,64,12/5/2014,11:45 AM,10:15 AM,1341,5,5,0,0,5,true,"[0,1,2,3,4]",0,2014-12-05T11:26:32.716500,BLOCKED,saved_finish_absent_start_plus_max_time_only_inferred,passed
18109558c6df7cafcba50a71b774367c887b331a09cf8b99ddcef2ddeb3e0a4a,ES12,ES12C3,65,12/8/2014,2:25 PM,9:25 AM,1408,5,5,0,0,5,true,"[0,1,2,3,4]",0,2014-12-08T12:15:21.867500,BLOCKED,saved_finish_absent_start_plus_max_time_only_inferred,passed
18109558c6df7cafcba50a71b774367c887b331a09cf8b99ddcef2ddeb3e0a4a,ES12,ES12C3,66,12/10/2014,1:15 PM,1:45 PM,1456.5,5,5,0,0,5,true,"[0,1,2,3,4]",0,2014-12-10T15:09:36.719500,BLOCKED,saved_finish_absent_start_plus_max_time_only_inferred,passed
18109558c6df7cafcba50a71b774367c887b331a09cf8b99ddcef2ddeb3e0a4a,ES12,ES12C3,67,12/16/2014,4:05 PM,9:35 AM,1594,5,5,0,0,5,true,"[0,1,2,3,4]",0,2014-12-16T11:13:20.721500,BLOCKED,saved_finish_absent_start_plus_max_time_only_inferred,passed
18109558c6df7cafcba50a71b774367c887b331a09cf8b99ddcef2ddeb3e0a4a,ES12,ES12C3,68,2/17/2015,3:00 PM,4:30 PM,3063,5,5,0,0,5,true,"[0,1,2,3,4]",0,2015-02-17T15:42:55.255500,BLOCKED,saved_finish_absent_start_plus_max_time_only_inferred,passed
18109558c6df7cafcba50a71b774367c887b331a09cf8b99ddcef2ddeb3e0a4a,ES12,ES12C3,69,04/20/2015,3:30 PM,6:30 PM,4551,10,5,0,5,5,true,"[1,3,5,7,9]",0,2015-04-20T16:48:19.258600,BLOCKED,saved_finish_absent_start_plus_max_time_only_inferred,passed
18109558c6df7cafcba50a71b774367c887b331a09cf8b99ddcef2ddeb3e0a4a,ES12,ES12C3,70,04/28/2015,11:30 AM,2:00 PM,4748,10,5,0,5,5,true,"[1,3,5,7,9]",0,2015-04-28T13:12:13.480500,BLOCKED,saved_finish_absent_start_plus_max_time_only_inferred,passed
18109558c6df7cafcba50a71b774367c887b331a09cf8b99ddcef2ddeb3e0a4a,ES12,ES12C3,71,05/04/2015,1:30 PM,4:30 PM,4891.5,10,5,0,5,5,true,"[1,3,5,7,9]",0,2015-05-04T15:08:36.345500,BLOCKED,saved_finish_absent_start_plus_max_time_only_inferred,passed
18109558c6df7cafcba50a71b774367c887b331a09cf8b99ddcef2ddeb3e0a4a,ES12,ES12C3,72,05/13/2015,2:00 PM,2:00 PM,5105.5,10,5,0,5,5,true,"[1,3,5,7,9]",0,2015-05-13T15:16:28.079500,BLOCKED,saved_finish_absent_start_plus_max_time_only_inferred,passed
18109558c6df7cafcba50a71b774367c887b331a09cf8b99ddcef2ddeb3e0a4a,ES12,ES12C4,0,9/29/2014,,,0,5,5,0,0,5,true,"[0,1,2,3,4]",0,2014-09-29T13:39:14.982600,BLOCKED,saved_finish_absent_start_plus_max_time_only_inferred,passed
18109558c6df7cafcba50a71b774367c887b331a09cf8b99ddcef2ddeb3e0a4a,ES12,ES12C4,1,9/30/2014,,,0,5,5,0,0,5,true,"[0,1,2,3,4]",0,2014-09-30T11:24:37.840500,BLOCKED,saved_finish_absent_start_plus_max_time_only_inferred,passed
18109558c6df7cafcba50a71b774367c887b331a09cf8b99ddcef2ddeb3e0a4a,ES12,ES12C4,2,10/1/2014,10:00 AM,12:00 PM,2,5,5,0,0,5,true,"[0,1,2,3,4]",0,2014-10-01T15:32:31.534500,BLOCKED,saved_finish_absent_start_plus_max_time_only_inferred,passed
18109558c6df7cafcba50a71b774367c887b331a09cf8b99ddcef2ddeb3e0a4a,ES12,ES12C4,3,10/2/2014,4:00 PM,1:00 PM,23,5,5,0,0,5,true,"[0,1,2,3,4]",0,2014-10-02T15:03:58.803500,BLOCKED,saved_finish_absent_start_plus_max_time_only_inferred,passed
18109558c6df7cafcba50a71b774367c887b331a09cf8b99ddcef2ddeb3e0a4a,ES12,ES12C4,4,10/3/2014,4:00 PM,7:20 AM,38.3333,5,5,0,0,5,true,"[0,1,2,3,4]",0,2014-10-03T09:28:32.794600,BLOCKED,saved_finish_absent_start_plus_max_time_only_inferred,passed
18109558c6df7cafcba50a71b774367c887b331a09cf8b99ddcef2ddeb3e0a4a,ES12,ES12C4,5,10/3/2014,10:20 AM,12:00 PM,40,5,5,0,0,5,true,"[0,1,2,3,4]",0,2014-10-03T13:45:43.804500,BLOCKED,saved_finish_absent_start_plus_max_time_only_inferred,passed
18109558c6df7cafcba50a71b774367c887b331a09cf8b99ddcef2ddeb3e0a4a,ES12,ES12C4,6,10/6/2014,2:25 PM,7:25 AM,105,5,5,0,0,5,true,"[0,1,2,3,4]",0,2014-10-06T09:02:04.538500,BLOCKED,saved_finish_absent_start_plus_max_time_only_inferred,passed
18109558c6df7cafcba50a71b774367c887b331a09cf8b99ddcef2ddeb3e0a4a,ES12,ES12C4,7,10/6/2014,9:40 AM,12:40 PM,108,5,5,0,0,5,true,"[0,1,2,3,4]",0,2014-10-06T14:12:08.805500,BLOCKED,saved_finish_absent_start_plus_max_time_only_inferred,passed
18109558c6df7cafcba50a71b774367c887b331a09cf8b99ddcef2ddeb3e0a4a,ES12,ES12C4,8,10/7/2014,2:55 PM,7:55 AM,125,5,5,0,0,5,true,"[0,1,2,3,4]",0,2014-10-07T09:04:33.666600,BLOCKED,saved_finish_absent_start_plus_max_time_only_inferred,passed
18109558c6df7cafcba50a71b774367c887b331a09cf8b99ddcef2ddeb3e0a4a,ES12,ES12C4,9,10/7/2014,9:45 AM,12:45 PM,128,5,5,0,0,5,true,"[0,1,2,3,4]",0,2014-10-07T14:07:00.801600,BLOCKED,saved_finish_absent_start_plus_max_time_only_inferred,passed
18109558c6df7cafcba50a71b774367c887b331a09cf8b99ddcef2ddeb3e0a4a,ES12,ES12C4,10,10/8/2014,3:00 PM,9:00 AM,146,5,5,0,0,5,true,"[0,1,2,3,4]",0,2014-10-08T10:37:51.708500,BLOCKED,saved_finish_absent_start_plus_max_time_only_inferred,passed
18109558c6df7cafcba50a71b774367c887b331a09cf8b99ddcef2ddeb3e0a4a,ES12,ES12C4,11,10/9/2014,11:30 AM,7:30 AM,166,5,5,0,0,5,true,"[0,1,2,3,4]",0,2014-10-09T08:57:37.539600,BLOCKED,saved_finish_absent_start_plus_max_time_only_inferred,passed
18109558c6df7cafcba50a71b774367c887b331a09cf8b99ddcef2ddeb3e0a4a,ES12,ES12C4,12,10/10/2014,9:40 AM,7:40 AM,188,5,5,0,0,5,true,"[0,1,2,3,4]",0,2014-10-10T09:19:17.303500,BLOCKED,saved_finish_absent_start_plus_max_time_only_inferred,passed
18109558c6df7cafcba50a71b774367c887b331a09cf8b99ddcef2ddeb3e0a4a,ES12,ES12C4,13,10/10/2014,10:15 AM,2:15 PM,192,5,5,0,0,5,true,"[0,1,2,3,4]",0,2014-10-10T15:48:43.307500,BLOCKED,saved_finish_absent_start_plus_max_time_only_inferred,passed
18109558c6df7cafcba50a71b774367c887b331a09cf8b99ddcef2ddeb3e0a4a,ES12,ES12C4,14,10/13/2014,4:25 PM,11:25 AM,259,5,5,0,0,5,true,"[0,1,2,3,4]",0,2014-10-13T12:37:42.057600,BLOCKED,saved_finish_absent_start_plus_max_time_only_inferred,passed
18109558c6df7cafcba50a71b774367c887b331a09cf8b99ddcef2ddeb3e0a4a,ES12,ES12C4,15,10/14/2014,1:45 PM,7:45 AM,277,5,5,0,0,5,true,"[0,1,2,3,4]",0,2014-10-14T09:49:35.598500,BLOCKED,saved_finish_absent_start_plus_max_time_only_inferred,passed
18109558c6df7cafcba50a71b774367c887b331a09cf8b99ddcef2ddeb3e0a4a,ES12,ES12C4,16,10/14/2014,10:30 AM,12:30 PM,279,5,5,0,0,5,true,"[0,1,2,3,4]",0,2014-10-14T13:52:50.532600,BLOCKED,saved_finish_absent_start_plus_max_time_only_inferred,passed
18109558c6df7cafcba50a71b774367c887b331a09cf8b99ddcef2ddeb3e0a4a,ES12,ES12C4,17,10/15/2014,2:50 PM,8:30 AM,296.66,5,5,0,0,5,true,"[0,1,2,3,4]",0,2014-10-15T10:02:00.952500,BLOCKED,saved_finish_absent_start_plus_max_time_only_inferred,passed
18109558c6df7cafcba50a71b774367c887b331a09cf8b99ddcef2ddeb3e0a4a,ES12,ES12C4,18,10/16/2014,10:40 AM,7:00 AM,317,5,5,0,0,5,true,"[0,1,2,3,4]",0,2014-10-16T08:37:19.805600,BLOCKED,saved_finish_absent_start_plus_max_time_only_inferred,passed
18109558c6df7cafcba50a71b774367c887b331a09cf8b99ddcef2ddeb3e0a4a,ES12,ES12C4,19,10/17/2014,10:00 AM,9:00 AM,352,5,5,0,0,5,true,"[0,1,2,3,4]",0,2014-10-17T10:17:47.676600,BLOCKED,saved_finish_absent_start_plus_max_time_only_inferred,passed
18109558c6df7cafcba50a71b774367c887b331a09cf8b99ddcef2ddeb3e0a4a,ES12,ES12C4,20,10/17/2014,11:30 AM,2:30 PM,355,5,5,0,0,5,true,"[0,1,2,3,4]",0,2014-10-17T16:13:28.540500,BLOCKED,saved_finish_absent_start_plus_max_time_only_inferred,passed
18109558c6df7cafcba50a71b774367c887b331a09cf8b99ddcef2ddeb3e0a4a,ES12,ES12C4,21,10/20/2014,4:30 PM,9:00 AM,419.5,5,5,0,0,5,true,"[0,1,2,3,4]",0,2014-10-20T10:14:41.525500,BLOCKED,saved_finish_absent_start_plus_max_time_only_inferred,passed
18109558c6df7cafcba50a71b774367c887b331a09cf8b99ddcef2ddeb3e0a4a,ES12,ES12C4,22,10/20/2014,11:15 AM,1:45 PM,422,5,5,0,0,5,true,"[0,1,2,3,4]",0,2014-10-20T15:15:56.411500,BLOCKED,saved_finish_absent_start_plus_max_time_only_inferred,passed
18109558c6df7cafcba50a71b774367c887b331a09cf8b99ddcef2ddeb3e0a4a,ES12,ES12C4,23,10/21/2014,4:00 PM,7:00 AM,437,5,5,0,0,5,true,"[0,1,2,3,4]",0,2014-10-21T08:46:53.539500,BLOCKED,saved_finish_absent_start_plus_max_time_only_inferred,passed
18109558c6df7cafcba50a71b774367c887b331a09cf8b99ddcef2ddeb3e0a4a,ES12,ES12C4,24,10/21/2014,10:00 AM,3:00 PM,442,5,5,0,0,5,true,"[0,1,2,3,4]",0,2014-10-21T16:24:38.577500,BLOCKED,saved_finish_absent_start_plus_max_time_only_inferred,passed
18109558c6df7cafcba50a71b774367c887b331a09cf8b99ddcef2ddeb3e0a4a,ES12,ES12C4,25,10/22/2014,5:15 PM,7:15 AM,456,5,5,0,0,5,true,"[0,1,2,3,4]",0,2014-10-22T08:37:32.524500,BLOCKED,saved_finish_absent_start_plus_max_time_only_inferred,passed
18109558c6df7cafcba50a71b774367c887b331a09cf8b99ddcef2ddeb3e0a4a,ES12,ES12C4,26,10/23/2014,4:40 PM,9:10 AM,472.5,5,5,0,0,5,true,"[0,1,2,3,4]",0,2014-10-23T10:38:25.302500,BLOCKED,saved_finish_absent_start_plus_max_time_only_inferred,passed
18109558c6df7cafcba50a71b774367c887b331a09cf8b99ddcef2ddeb3e0a4a,ES12,ES12C4,27,10/24/2014,11:45 AM,9:15 AM,494,5,5,0,0,5,true,"[0,1,2,3,4]",0,2014-10-24T10:40:27.495500,BLOCKED,saved_finish_absent_start_plus_max_time_only_inferred,passed
18109558c6df7cafcba50a71b774367c887b331a09cf8b99ddcef2ddeb3e0a4a,ES12,ES12C4,28,10/24/2014,12:10 PM,2:10 PM,496,5,5,0,0,5,true,"[0,1,2,3,4]",0,2014-10-24T15:35:23.323600,BLOCKED,saved_finish_absent_start_plus_max_time_only_inferred,passed
18109558c6df7cafcba50a71b774367c887b331a09cf8b99ddcef2ddeb3e0a4a,ES12,ES12C4,29,10/27/2014,4:30 PM,8:30 AM,560,5,5,0,0,5,true,"[0,1,2,3,4]",0,2014-10-27T09:51:48.261500,BLOCKED,saved_finish_absent_start_plus_max_time_only_inferred,passed
18109558c6df7cafcba50a71b774367c887b331a09cf8b99ddcef2ddeb3e0a4a,ES12,ES12C4,30,10/27/2014,11:35 AM,1:35 PM,562,5,5,0,0,5,true,"[0,1,2,3,4]",0,2014-10-27T14:51:14.457500,BLOCKED,saved_finish_absent_start_plus_max_time_only_inferred,passed
18109558c6df7cafcba50a71b774367c887b331a09cf8b99ddcef2ddeb3e0a4a,ES12,ES12C4,31,10/28/2014,3:45 PM,8:15 AM,578.5,5,5,0,0,5,true,"[0,1,2,3,4]",0,2014-10-28T11:11:26.173600,BLOCKED,saved_finish_absent_start_plus_max_time_only_inferred,passed
18109558c6df7cafcba50a71b774367c887b331a09cf8b99ddcef2ddeb3e0a4a,ES12,ES12C4,32,10/29/2014,12:15 PM,7:15 AM,597.5,5,5,0,0,5,true,"[0,1,2,3,4]",0,2014-10-29T08:39:45.181500,BLOCKED,saved_finish_absent_start_plus_max_time_only_inferred,passed
18109558c6df7cafcba50a71b774367c887b331a09cf8b99ddcef2ddeb3e0a4a,ES12,ES12C4,33,10/29/2014,9:20 AM,1:50 PM,602,5,5,0,0,5,true,"[0,1,2,3,4]",0,2014-10-29T15:36:37.192500,BLOCKED,saved_finish_absent_start_plus_max_time_only_inferred,passed
18109558c6df7cafcba50a71b774367c887b331a09cf8b99ddcef2ddeb3e0a4a,ES12,ES12C4,34,10/30/2014,4:15 PM,9:15 AM,619,5,5,0,0,5,true,"[0,1,2,3,4]",0,2014-10-30T10:47:58.324500,BLOCKED,saved_finish_absent_start_plus_max_time_only_inferred,passed
18109558c6df7cafcba50a71b774367c887b331a09cf8b99ddcef2ddeb3e0a4a,ES12,ES12C4,35,10/30/2014,11:25 AM,3:25 PM,623,5,5,0,0,5,true,"[0,1,2,3,4]",0,2014-10-30T17:26:28.228500,BLOCKED,saved_finish_absent_start_plus_max_time_only_inferred,passed
18109558c6df7cafcba50a71b774367c887b331a09cf8b99ddcef2ddeb3e0a4a,ES12,ES12C4,36,10/31/2014,6:05 PM,9:15 AM,650.25,5,5,0,0,5,true,"[0,1,2,3,4]",0,2014-10-31T10:45:44.333500,BLOCKED,saved_finish_absent_start_plus_max_time_only_inferred,passed
18109558c6df7cafcba50a71b774367c887b331a09cf8b99ddcef2ddeb3e0a4a,ES12,ES12C4,37,11/3/2014,11:45 AM,8:30 AM,719,5,5,0,0,5,true,"[0,1,2,3,4]",0,2014-11-03T09:49:35.310500,BLOCKED,saved_finish_absent_start_plus_max_time_only_inferred,passed
18109558c6df7cafcba50a71b774367c887b331a09cf8b99ddcef2ddeb3e0a4a,ES12,ES12C4,38,11/4/2014,10:30 AM,8:00 AM,740.5,5,5,0,0,5,false,"[0,1,4,2,3]",0,2014-11-04T09:29:27.061500,BLOCKED,saved_finish_absent_start_plus_max_time_only_inferred,passed
18109558c6df7cafcba50a71b774367c887b331a09cf8b99ddcef2ddeb3e0a4a,ES12,ES12C4,39,11/5/2014,2:30 PM,9:00 AM,759,5,5,0,0,5,true,"[0,1,2,3,4]",0,2014-11-05T14:09:05.331600,BLOCKED,saved_finish_absent_start_plus_max_time_only_inferred,passed
18109558c6df7cafcba50a71b774367c887b331a09cf8b99ddcef2ddeb3e0a4a,ES12,ES12C4,40,11/6/2014,3:45 PM,8:15 AM,775.5,5,5,0,0,5,true,"[0,1,2,3,4]",0,2014-11-06T09:51:53.061600,BLOCKED,saved_finish_absent_start_plus_max_time_only_inferred,passed
18109558c6df7cafcba50a71b774367c887b331a09cf8b99ddcef2ddeb3e0a4a,ES12,ES12C4,41,11/6/2014,10:40 AM,2:20 PM,779,5,5,0,0,5,true,"[0,1,2,3,4]",0,2014-11-06T15:54:34.420500,BLOCKED,saved_finish_absent_start_plus_max_time_only_inferred,passed
18109558c6df7cafcba50a71b774367c887b331a09cf8b99ddcef2ddeb3e0a4a,ES12,ES12C4,42,11/7/2014,5:00 PM,1:00 PM,799,5,5,0,0,5,true,"[0,1,2,3,4]",0,2014-11-07T15:12:29.059500,BLOCKED,saved_finish_absent_start_plus_max_time_only_inferred,passed
18109558c6df7cafcba50a71b774367c887b331a09cf8b99ddcef2ddeb3e0a4a,ES12,ES12C4,43,11/10/2014,10:00 AM,1:00 PM,802,5,5,0,0,5,true,"[0,1,2,3,4]",0,2014-11-10T14:42:03.282500,BLOCKED,saved_finish_absent_start_plus_max_time_only_inferred,passed
18109558c6df7cafcba50a71b774367c887b331a09cf8b99ddcef2ddeb3e0a4a,ES12,ES12C4,44,11/12/2014,3:30 PM,9:00 AM,843.5,5,5,0,0,5,true,"[0,1,2,3,4]",0,2014-11-12T11:03:30.062600,BLOCKED,saved_finish_absent_start_plus_max_time_only_inferred,passed
18109558c6df7cafcba50a71b774367c887b331a09cf8b99ddcef2ddeb3e0a4a,ES12,ES12C4,45,11/12/2014,12:00 PM,4:30 PM,848,5,5,0,0,5,true,"[0,1,2,3,4]",0,2014-11-12T18:17:07.145500,BLOCKED,saved_finish_absent_start_plus_max_time_only_inferred,passed
18109558c6df7cafcba50a71b774367c887b331a09cf8b99ddcef2ddeb3e0a4a,ES12,ES12C4,46,11/13/2014,7:00 PM,8:00 AM,861,5,5,0,0,5,true,"[0,1,2,3,4]",0,2014-11-13T09:20:20.016500,BLOCKED,saved_finish_absent_start_plus_max_time_only_inferred,passed
18109558c6df7cafcba50a71b774367c887b331a09cf8b99ddcef2ddeb3e0a4a,ES12,ES12C4,47,11/13/2014,10:00 AM,2:00 PM,865,5,5,0,0,5,true,"[0,1,2,3,4]",0,2014-11-13T15:50:15.109500,BLOCKED,saved_finish_absent_start_plus_max_time_only_inferred,passed
18109558c6df7cafcba50a71b774367c887b331a09cf8b99ddcef2ddeb3e0a4a,ES12,ES12C4,48,11/14/2014,4:45 PM,2:15 PM,886.5,5,5,0,0,5,true,"[0,1,2,3,4]",0,2014-11-14T15:53:53.114500,BLOCKED,saved_finish_absent_start_plus_max_time_only_inferred,passed
18109558c6df7cafcba50a71b774367c887b331a09cf8b99ddcef2ddeb3e0a4a,ES12,ES12C4,49,11/17/2014,5:00 PM,10:00 AM,951.5,5,5,0,0,5,true,"[0,1,2,3,4]",0,2014-11-17T11:36:24.275600,BLOCKED,saved_finish_absent_start_plus_max_time_only_inferred,passed
18109558c6df7cafcba50a71b774367c887b331a09cf8b99ddcef2ddeb3e0a4a,ES12,ES12C4,50,11/17/2014,12:30 PM,2:00 PM,953,5,5,0,0,5,true,"[0,1,2,3,4]",0,2014-11-17T15:14:24.149600,BLOCKED,saved_finish_absent_start_plus_max_time_only_inferred,passed
18109558c6df7cafcba50a71b774367c887b331a09cf8b99ddcef2ddeb3e0a4a,ES12,ES12C4,51,11/18/2014,4:15 PM,9:15 AM,970,5,5,0,0,5,true,"[0,1,2,3,4]",0,2014-11-18T10:33:51.149600,BLOCKED,saved_finish_absent_start_plus_max_time_only_inferred,passed
18109558c6df7cafcba50a71b774367c887b331a09cf8b99ddcef2ddeb3e0a4a,ES12,ES12C4,52,11/18/2014,11:15 AM,1:15 PM,972,5,5,0,0,5,true,"[0,1,2,3,4]",0,2014-11-18T15:05:18.753500,BLOCKED,saved_finish_absent_start_plus_max_time_only_inferred,passed
18109558c6df7cafcba50a71b774367c887b331a09cf8b99ddcef2ddeb3e0a4a,ES12,ES12C4,53,11/19/2014,3:45 PM,10:15 AM,990.5,5,5,0,0,5,true,"[0,1,2,3,4]",0,2014-11-19T13:07:43.151500,BLOCKED,saved_finish_absent_start_plus_max_time_only_inferred,passed
18109558c6df7cafcba50a71b774367c887b331a09cf8b99ddcef2ddeb3e0a4a,ES12,ES12C4,54,11/20/2014,2:00 PM,9:30 AM,1010,5,5,0,0,5,true,"[0,1,2,3,4]",0,2014-11-20T14:02:13.016600,BLOCKED,saved_finish_absent_start_plus_max_time_only_inferred,passed
18109558c6df7cafcba50a71b774367c887b331a09cf8b99ddcef2ddeb3e0a4a,ES12,ES12C4,55,11/21/2014,3:00 PM,10:00 AM,1029,5,5,0,0,5,true,"[0,1,2,3,4]",0,2014-11-21T12:31:36.115600,BLOCKED,saved_finish_absent_start_plus_max_time_only_inferred,passed
18109558c6df7cafcba50a71b774367c887b331a09cf8b99ddcef2ddeb3e0a4a,ES12,ES12C4,56,11/24/2014,2:00 PM,9:30 AM,1096.5,5,5,0,0,5,true,"[0,1,2,3,4]",0,2014-11-24T10:49:01.148500,BLOCKED,saved_finish_absent_start_plus_max_time_only_inferred,passed
18109558c6df7cafcba50a71b774367c887b331a09cf8b99ddcef2ddeb3e0a4a,ES12,ES12C4,57,11/25/2014,11:30 AM,3:00 PM,1124,5,5,0,0,5,true,"[0,1,2,3,4]",0,2014-11-25T18:39:31.152500,BLOCKED,saved_finish_absent_start_plus_max_time_only_inferred,passed
18109558c6df7cafcba50a71b774367c887b331a09cf8b99ddcef2ddeb3e0a4a,ES12,ES12C4,58,11/26/2014,7:15 PM,10:45 AM,1140.5,5,5,0,0,5,true,"[0,1,2,3,4]",0,2014-11-26T12:13:09.715500,BLOCKED,saved_finish_absent_start_plus_max_time_only_inferred,passed
18109558c6df7cafcba50a71b774367c887b331a09cf8b99ddcef2ddeb3e0a4a,ES12,ES12C4,59,12/1/2014,2:15 PM,10:45 AM,1257,5,5,0,0,5,true,"[0,1,2,3,4]",0,2014-12-01T12:20:54.980500,BLOCKED,saved_finish_absent_start_plus_max_time_only_inferred,passed
18109558c6df7cafcba50a71b774367c887b331a09cf8b99ddcef2ddeb3e0a4a,ES12,ES12C4,60,12/1/2014,1:20 PM,2:20 PM,1258,5,5,0,0,5,true,"[0,1,2,3,4]",0,2014-12-01T15:51:32.721500,BLOCKED,saved_finish_absent_start_plus_max_time_only_inferred,passed
18109558c6df7cafcba50a71b774367c887b331a09cf8b99ddcef2ddeb3e0a4a,ES12,ES12C4,61,12/3/2014,5:30 PM,10:30 AM,1299,5,5,0,0,5,true,"[0,1,2,3,4]",0,2014-12-03T12:01:04.717600,BLOCKED,saved_finish_absent_start_plus_max_time_only_inferred,passed
18109558c6df7cafcba50a71b774367c887b331a09cf8b99ddcef2ddeb3e0a4a,ES12,ES12C4,62,12/3/2014,1:15 PM,2:45 PM,1300.5,5,5,0,0,5,true,"[0,1,2,3,4]",0,2014-12-03T15:57:36.588500,BLOCKED,saved_finish_absent_start_plus_max_time_only_inferred,passed
18109558c6df7cafcba50a71b774367c887b331a09cf8b99ddcef2ddeb3e0a4a,ES12,ES12C4,63,12/4/2014,4:30 PM,9:30 AM,1317.5,5,5,0,0,5,true,"[0,1,2,3,4]",0,2014-12-04T11:11:14.584600,BLOCKED,saved_finish_absent_start_plus_max_time_only_inferred,passed
18109558c6df7cafcba50a71b774367c887b331a09cf8b99ddcef2ddeb3e0a4a,ES12,ES12C4,64,12/5/2014,11:45 AM,10:15 AM,1341,5,5,0,0,5,true,"[0,1,2,3,4]",0,2014-12-05T11:30:10.721600,BLOCKED,saved_finish_absent_start_plus_max_time_only_inferred,passed
18109558c6df7cafcba50a71b774367c887b331a09cf8b99ddcef2ddeb3e0a4a,ES12,ES12C4,65,12/8/2014,2:25 PM,9:25 AM,1408,5,5,0,0,5,true,"[0,1,2,3,4]",0,2014-12-08T12:18:48.982500,BLOCKED,saved_finish_absent_start_plus_max_time_only_inferred,passed
18109558c6df7cafcba50a71b774367c887b331a09cf8b99ddcef2ddeb3e0a4a,ES12,ES12C4,66,12/10/2014,1:15 PM,1:45 PM,1456.5,5,5,0,0,5,true,"[0,1,2,3,4]",0,2014-12-10T15:14:25.585500,BLOCKED,saved_finish_absent_start_plus_max_time_only_inferred,passed
18109558c6df7cafcba50a71b774367c887b331a09cf8b99ddcef2ddeb3e0a4a,ES12,ES12C4,67,12/16/2014,4:05 PM,9:35 AM,1594,5,5,0,0,5,true,"[0,1,2,3,4]",0,2014-12-16T11:16:55.720600,BLOCKED,saved_finish_absent_start_plus_max_time_only_inferred,passed
18109558c6df7cafcba50a71b774367c887b331a09cf8b99ddcef2ddeb3e0a4a,ES12,ES12C4,68,2/17/2015,3:00 PM,4:30 PM,3063,5,5,0,0,5,true,"[0,1,2,3,4]",0,2015-02-17T15:47:35.258500,BLOCKED,saved_finish_absent_start_plus_max_time_only_inferred,passed
18109558c6df7cafcba50a71b774367c887b331a09cf8b99ddcef2ddeb3e0a4a,ES12,ES12C4,69,04/20/2015,3:30 PM,6:30 PM,4551,10,5,0,5,5,true,"[1,3,5,7,9]",0,2015-04-20T16:51:53.257500,BLOCKED,saved_finish_absent_start_plus_max_time_only_inferred,passed
18109558c6df7cafcba50a71b774367c887b331a09cf8b99ddcef2ddeb3e0a4a,ES12,ES12C4,70,04/28/2015,11:30 AM,2:00 PM,4748,10,5,0,5,5,true,"[1,3,5,7,9]",0,2015-04-28T13:15:09.258500,BLOCKED,saved_finish_absent_start_plus_max_time_only_inferred,passed
18109558c6df7cafcba50a71b774367c887b331a09cf8b99ddcef2ddeb3e0a4a,ES12,ES12C4,71,05/04/2015,1:30 PM,4:30 PM,4891.5,10,5,0,5,5,true,"[1,3,5,7,9]",0,2015-05-04T15:12:34.345600,BLOCKED,saved_finish_absent_start_plus_max_time_only_inferred,passed
18109558c6df7cafcba50a71b774367c887b331a09cf8b99ddcef2ddeb3e0a4a,ES12,ES12C4,72,05/13/2015,2:00 PM,2:00 PM,5105.5,10,5,0,5,5,true,"[1,3,5,7,9]",0,2015-05-13T15:20:21.348500,BLOCKED,saved_finish_absent_start_plus_max_time_only_inferred,passed
18109558c6df7cafcba50a71b774367c887b331a09cf8b99ddcef2ddeb3e0a4a,ES12,ES12C5,0,9/29/2014,,,0,5,5,0,0,5,true,"[0,1,2,3,4]",0,2014-09-29T13:26:28.585600,BLOCKED,saved_finish_absent_start_plus_max_time_only_inferred,passed
18109558c6df7cafcba50a71b774367c887b331a09cf8b99ddcef2ddeb3e0a4a,ES12,ES12C5,1,9/30/2014,,,0,5,5,0,0,5,true,"[0,1,2,3,4]",0,2014-09-30T11:46:37.839600,BLOCKED,saved_finish_absent_start_plus_max_time_only_inferred,passed
18109558c6df7cafcba50a71b774367c887b331a09cf8b99ddcef2ddeb3e0a4a,ES12,ES12C5,2,10/1/2014,10:00 AM,12:00 PM,2,5,5,0,0,5,true,"[0,1,2,3,4]",0,2014-10-01T15:39:59.401600,BLOCKED,saved_finish_absent_start_plus_max_time_only_inferred,passed
18109558c6df7cafcba50a71b774367c887b331a09cf8b99ddcef2ddeb3e0a4a,ES12,ES12C5,3,10/2/2014,4:00 PM,1:00 PM,23,5,5,0,0,5,true,"[0,1,2,3,4]",0,2014-10-02T15:08:27.942500,BLOCKED,saved_finish_absent_start_plus_max_time_only_inferred,passed
18109558c6df7cafcba50a71b774367c887b331a09cf8b99ddcef2ddeb3e0a4a,ES12,ES12C5,4,10/3/2014,4:00 PM,7:20 AM,38.3333,5,5,0,0,5,true,"[0,1,2,3,4]",0,2014-10-03T09:32:37.794500,BLOCKED,saved_finish_absent_start_plus_max_time_only_inferred,passed
18109558c6df7cafcba50a71b774367c887b331a09cf8b99ddcef2ddeb3e0a4a,ES12,ES12C5,5,10/3/2014,10:20 AM,12:00 PM,40,5,5,0,0,5,true,"[0,1,2,3,4]",0,2014-10-03T13:50:09.660600,BLOCKED,saved_finish_absent_start_plus_max_time_only_inferred,passed
18109558c6df7cafcba50a71b774367c887b331a09cf8b99ddcef2ddeb3e0a4a,ES12,ES12C5,6,10/6/2014,2:25 PM,7:25 AM,105,5,5,0,0,5,true,"[0,1,2,3,4]",0,2014-10-06T09:05:51.804600,BLOCKED,saved_finish_absent_start_plus_max_time_only_inferred,passed
18109558c6df7cafcba50a71b774367c887b331a09cf8b99ddcef2ddeb3e0a4a,ES12,ES12C5,7,10/6/2014,9:40 AM,12:40 PM,108,5,5,0,0,5,true,"[0,1,2,3,4]",0,2014-10-06T14:17:19.933600,BLOCKED,saved_finish_absent_start_plus_max_time_only_inferred,passed
18109558c6df7cafcba50a71b774367c887b331a09cf8b99ddcef2ddeb3e0a4a,ES12,ES12C5,8,10/7/2014,2:55 PM,7:55 AM,125,5,5,0,0,5,true,"[0,1,2,3,4]",0,2014-10-07T09:08:32.806500,BLOCKED,saved_finish_absent_start_plus_max_time_only_inferred,passed
18109558c6df7cafcba50a71b774367c887b331a09cf8b99ddcef2ddeb3e0a4a,ES12,ES12C5,9,10/7/2014,9:45 AM,12:45 PM,128,5,5,0,0,5,true,"[0,1,2,3,4]",0,2014-10-07T14:11:46.939600,BLOCKED,saved_finish_absent_start_plus_max_time_only_inferred,passed
18109558c6df7cafcba50a71b774367c887b331a09cf8b99ddcef2ddeb3e0a4a,ES12,ES12C5,10,10/8/2014,3:00 PM,9:00 AM,146,5,5,0,0,5,true,"[0,1,2,3,4]",0,2014-10-08T10:41:46.677600,BLOCKED,saved_finish_absent_start_plus_max_time_only_inferred,passed
18109558c6df7cafcba50a71b774367c887b331a09cf8b99ddcef2ddeb3e0a4a,ES12,ES12C5,11,10/9/2014,11:30 AM,7:30 AM,166,5,5,0,0,5,true,"[0,1,2,3,4]",0,2014-10-09T09:01:42.673500,BLOCKED,saved_finish_absent_start_plus_max_time_only_inferred,passed
18109558c6df7cafcba50a71b774367c887b331a09cf8b99ddcef2ddeb3e0a4a,ES12,ES12C5,12,10/10/2014,9:40 AM,7:40 AM,188,5,5,0,0,5,true,"[0,1,2,3,4]",0,2014-10-10T09:26:43.528500,BLOCKED,saved_finish_absent_start_plus_max_time_only_inferred,passed
18109558c6df7cafcba50a71b774367c887b331a09cf8b99ddcef2ddeb3e0a4a,ES12,ES12C5,13,10/10/2014,10:15 AM,2:15 PM,192,5,5,0,0,5,true,"[0,1,2,3,4]",0,2014-10-10T15:52:09.254600,BLOCKED,saved_finish_absent_start_plus_max_time_only_inferred,passed
18109558c6df7cafcba50a71b774367c887b331a09cf8b99ddcef2ddeb3e0a4a,ES12,ES12C5,14,10/13/2014,4:25 PM,11:25 AM,259,5,5,0,0,5,true,"[0,1,2,3,4]",0,2014-10-13T12:42:58.212500,BLOCKED,saved_finish_absent_start_plus_max_time_only_inferred,passed
18109558c6df7cafcba50a71b774367c887b331a09cf8b99ddcef2ddeb3e0a4a,ES12,ES12C5,15,10/14/2014,1:45 PM,7:45 AM,277,5,5,0,0,5,true,"[0,1,2,3,4]",0,2014-10-14T09:53:24.597600,BLOCKED,saved_finish_absent_start_plus_max_time_only_inferred,passed
18109558c6df7cafcba50a71b774367c887b331a09cf8b99ddcef2ddeb3e0a4a,ES12,ES12C5,16,10/14/2014,10:30 AM,12:30 PM,279,5,5,0,0,5,true,"[0,1,2,3,4]",0,2014-10-14T13:56:54.661500,BLOCKED,saved_finish_absent_start_plus_max_time_only_inferred,passed
18109558c6df7cafcba50a71b774367c887b331a09cf8b99ddcef2ddeb3e0a4a,ES12,ES12C5,17,10/15/2014,2:50 PM,8:30 AM,296.66,5,5,0,0,5,true,"[0,1,2,3,4]",0,2014-10-15T10:06:04.536600,BLOCKED,saved_finish_absent_start_plus_max_time_only_inferred,passed
18109558c6df7cafcba50a71b774367c887b331a09cf8b99ddcef2ddeb3e0a4a,ES12,ES12C5,18,10/16/2014,10:40 AM,7:00 AM,317,5,5,0,0,5,true,"[0,1,2,3,4]",0,2014-10-16T08:45:10.935600,BLOCKED,saved_finish_absent_start_plus_max_time_only_inferred,passed
18109558c6df7cafcba50a71b774367c887b331a09cf8b99ddcef2ddeb3e0a4a,ES12,ES12C5,19,10/17/2014,10:00 AM,9:00 AM,352,5,5,0,0,5,true,"[0,1,2,3,4]",0,2014-10-17T10:21:27.671500,BLOCKED,saved_finish_absent_start_plus_max_time_only_inferred,passed
18109558c6df7cafcba50a71b774367c887b331a09cf8b99ddcef2ddeb3e0a4a,ES12,ES12C5,20,10/17/2014,11:30 AM,2:30 PM,355,5,5,0,0,5,true,"[0,1,2,3,4]",0,2014-10-17T16:17:14.803600,BLOCKED,saved_finish_absent_start_plus_max_time_only_inferred,passed
18109558c6df7cafcba50a71b774367c887b331a09cf8b99ddcef2ddeb3e0a4a,ES12,ES12C5,21,10/20/2014,4:30 PM,9:00 AM,419.5,5,5,0,0,5,true,"[0,1,2,3,4]",0,2014-10-20T10:18:29.516500,BLOCKED,saved_finish_absent_start_plus_max_time_only_inferred,passed
18109558c6df7cafcba50a71b774367c887b331a09cf8b99ddcef2ddeb3e0a4a,ES12,ES12C5,22,10/20/2014,11:15 AM,1:45 PM,422,5,5,0,0,5,true,"[0,1,2,3,4]",0,2014-10-20T15:19:22.384600,BLOCKED,saved_finish_absent_start_plus_max_time_only_inferred,passed
18109558c6df7cafcba50a71b774367c887b331a09cf8b99ddcef2ddeb3e0a4a,ES12,ES12C5,23,10/21/2014,4:00 PM,7:00 AM,437,5,5,0,0,5,true,"[0,1,2,3,4]",0,2014-10-21T08:50:46.517500,BLOCKED,saved_finish_absent_start_plus_max_time_only_inferred,passed
18109558c6df7cafcba50a71b774367c887b331a09cf8b99ddcef2ddeb3e0a4a,ES12,ES12C5,24,10/21/2014,10:00 AM,3:00 PM,442,5,5,0,0,5,true,"[0,1,2,3,4]",0,2014-10-21T16:28:46.526600,BLOCKED,saved_finish_absent_start_plus_max_time_only_inferred,passed
18109558c6df7cafcba50a71b774367c887b331a09cf8b99ddcef2ddeb3e0a4a,ES12,ES12C5,25,10/22/2014,5:15 PM,7:15 AM,456,5,5,0,0,5,true,"[0,1,2,3,4]",0,2014-10-22T08:40:56.805500,BLOCKED,saved_finish_absent_start_plus_max_time_only_inferred,passed
18109558c6df7cafcba50a71b774367c887b331a09cf8b99ddcef2ddeb3e0a4a,ES12,ES12C5,26,10/23/2014,4:40 PM,9:10 AM,472.5,5,5,0,0,5,true,"[0,1,2,3,4]",0,2014-10-23T10:42:07.262500,BLOCKED,saved_finish_absent_start_plus_max_time_only_inferred,passed
18109558c6df7cafcba50a71b774367c887b331a09cf8b99ddcef2ddeb3e0a4a,ES12,ES12C5,27,10/24/2014,11:45 AM,9:15 AM,494,5,5,0,0,5,true,"[0,1,2,3,4]",0,2014-10-24T10:44:17.170600,BLOCKED,saved_finish_absent_start_plus_max_time_only_inferred,passed
18109558c6df7cafcba50a71b774367c887b331a09cf8b99ddcef2ddeb3e0a4a,ES12,ES12C5,28,10/24/2014,12:10 PM,2:10 PM,496,5,5,0,0,5,true,"[0,1,2,3,4]",0,2014-10-24T15:39:30.444600,BLOCKED,saved_finish_absent_start_plus_max_time_only_inferred,passed
18109558c6df7cafcba50a71b774367c887b331a09cf8b99ddcef2ddeb3e0a4a,ES12,ES12C5,29,10/27/2014,4:30 PM,8:30 AM,560,5,5,0,0,5,true,"[0,1,2,3,4]",0,2014-10-27T09:55:35.597600,BLOCKED,saved_finish_absent_start_plus_max_time_only_inferred,passed
18109558c6df7cafcba50a71b774367c887b331a09cf8b99ddcef2ddeb3e0a4a,ES12,ES12C5,30,10/27/2014,11:35 AM,1:35 PM,562,5,5,0,0,5,true,"[0,1,2,3,4]",0,2014-10-27T14:55:15.456600,BLOCKED,saved_finish_absent_start_plus_max_time_only_inferred,passed
18109558c6df7cafcba50a71b774367c887b331a09cf8b99ddcef2ddeb3e0a4a,ES12,ES12C5,31,10/28/2014,3:45 PM,8:15 AM,578.5,5,5,0,0,5,true,"[0,1,2,3,4]",0,2014-10-28T11:14:47.194600,BLOCKED,saved_finish_absent_start_plus_max_time_only_inferred,passed
18109558c6df7cafcba50a71b774367c887b331a09cf8b99ddcef2ddeb3e0a4a,ES12,ES12C5,32,10/29/2014,12:15 PM,7:15 AM,597.5,5,5,0,0,5,true,"[0,1,2,3,4]",0,2014-10-29T08:43:42.596500,BLOCKED,saved_finish_absent_start_plus_max_time_only_inferred,passed
18109558c6df7cafcba50a71b774367c887b331a09cf8b99ddcef2ddeb3e0a4a,ES12,ES12C5,33,10/29/2014,9:20 AM,1:50 PM,602,5,5,0,0,5,true,"[0,1,2,3,4]",0,2014-10-29T15:40:29.038500,BLOCKED,saved_finish_absent_start_plus_max_time_only_inferred,passed
18109558c6df7cafcba50a71b774367c887b331a09cf8b99ddcef2ddeb3e0a4a,ES12,ES12C5,34,10/30/2014,4:15 PM,9:15 AM,619,5,5,0,0,5,true,"[0,1,2,3,4]",0,2014-10-30T10:51:42.455600,BLOCKED,saved_finish_absent_start_plus_max_time_only_inferred,passed
18109558c6df7cafcba50a71b774367c887b331a09cf8b99ddcef2ddeb3e0a4a,ES12,ES12C5,35,10/30/2014,11:25 AM,3:25 PM,623,5,5,0,0,5,true,"[0,1,2,3,4]",0,2014-10-30T17:30:12.039500,BLOCKED,saved_finish_absent_start_plus_max_time_only_inferred,passed
18109558c6df7cafcba50a71b774367c887b331a09cf8b99ddcef2ddeb3e0a4a,ES12,ES12C5,36,10/31/2014,6:05 PM,9:15 AM,650.25,5,5,0,0,5,true,"[0,1,2,3,4]",0,2014-10-31T10:49:55.233500,BLOCKED,saved_finish_absent_start_plus_max_time_only_inferred,passed
18109558c6df7cafcba50a71b774367c887b331a09cf8b99ddcef2ddeb3e0a4a,ES12,ES12C5,37,11/3/2014,11:45 AM,8:30 AM,719,5,5,0,0,5,true,"[0,1,2,3,4]",0,2014-11-03T09:53:52.189500,BLOCKED,saved_finish_absent_start_plus_max_time_only_inferred,passed
18109558c6df7cafcba50a71b774367c887b331a09cf8b99ddcef2ddeb3e0a4a,ES12,ES12C5,38,11/4/2014,10:30 AM,8:00 AM,740.5,5,5,0,0,5,true,"[0,1,2,3,4]",0,2014-11-04T09:33:02.183600,BLOCKED,saved_finish_absent_start_plus_max_time_only_inferred,passed
18109558c6df7cafcba50a71b774367c887b331a09cf8b99ddcef2ddeb3e0a4a,ES12,ES12C5,39,11/5/2014,2:30 PM,9:00 AM,759,5,5,0,0,5,true,"[0,1,2,3,4]",0,2014-11-05T14:15:11.061500,BLOCKED,saved_finish_absent_start_plus_max_time_only_inferred,passed
18109558c6df7cafcba50a71b774367c887b331a09cf8b99ddcef2ddeb3e0a4a,ES12,ES12C5,40,11/6/2014,3:45 PM,8:15 AM,775.5,5,5,0,0,5,true,"[0,1,2,3,4]",0,2014-11-06T09:56:17.059600,BLOCKED,saved_finish_absent_start_plus_max_time_only_inferred,passed
18109558c6df7cafcba50a71b774367c887b331a09cf8b99ddcef2ddeb3e0a4a,ES12,ES12C5,41,11/6/2014,10:40 AM,2:20 PM,779,5,5,0,0,5,true,"[0,1,2,3,4]",0,2014-11-06T16:09:32.910500,BLOCKED,saved_finish_absent_start_plus_max_time_only_inferred,passed
18109558c6df7cafcba50a71b774367c887b331a09cf8b99ddcef2ddeb3e0a4a,ES12,ES12C5,42,11/7/2014,5:00 PM,1:00 PM,799,5,5,0,0,5,true,"[0,1,2,3,4]",0,2014-11-07T15:16:28.281500,BLOCKED,saved_finish_absent_start_plus_max_time_only_inferred,passed
18109558c6df7cafcba50a71b774367c887b331a09cf8b99ddcef2ddeb3e0a4a,ES12,ES12C5,43,11/10/2014,10:00 AM,1:00 PM,802,5,5,0,0,5,true,"[0,1,2,3,4]",0,2014-11-10T14:48:13.278500,BLOCKED,saved_finish_absent_start_plus_max_time_only_inferred,passed
18109558c6df7cafcba50a71b774367c887b331a09cf8b99ddcef2ddeb3e0a4a,ES12,ES12C5,44,11/12/2014,3:30 PM,9:00 AM,843.5,5,5,0,0,5,true,"[0,1,2,3,4]",0,2014-11-12T11:07:22.148600,BLOCKED,saved_finish_absent_start_plus_max_time_only_inferred,passed
18109558c6df7cafcba50a71b774367c887b331a09cf8b99ddcef2ddeb3e0a4a,ES12,ES12C5,45,11/12/2014,12:00 PM,4:30 PM,848,5,5,0,0,5,true,"[0,1,2,3,4]",0,2014-11-12T18:20:38.151500,BLOCKED,saved_finish_absent_start_plus_max_time_only_inferred,passed
18109558c6df7cafcba50a71b774367c887b331a09cf8b99ddcef2ddeb3e0a4a,ES12,ES12C5,46,11/13/2014,7:00 PM,8:00 AM,861,5,5,0,0,5,true,"[0,1,2,3,4]",0,2014-11-13T09:24:23.718600,BLOCKED,saved_finish_absent_start_plus_max_time_only_inferred,passed
18109558c6df7cafcba50a71b774367c887b331a09cf8b99ddcef2ddeb3e0a4a,ES12,ES12C5,47,11/13/2014,10:00 AM,2:00 PM,865,5,5,0,0,5,true,"[0,1,2,3,4]",0,2014-11-13T15:56:47.149500,BLOCKED,saved_finish_absent_start_plus_max_time_only_inferred,passed
18109558c6df7cafcba50a71b774367c887b331a09cf8b99ddcef2ddeb3e0a4a,ES12,ES12C5,48,11/14/2014,4:45 PM,2:15 PM,886.5,5,5,0,0,5,true,"[0,1,2,3,4]",0,2014-11-14T15:57:19.281600,BLOCKED,saved_finish_absent_start_plus_max_time_only_inferred,passed
18109558c6df7cafcba50a71b774367c887b331a09cf8b99ddcef2ddeb3e0a4a,ES12,ES12C5,49,11/17/2014,5:00 PM,10:00 AM,951.5,5,5,0,0,5,true,"[0,1,2,3,4]",0,2014-11-17T11:40:42.150500,BLOCKED,saved_finish_absent_start_plus_max_time_only_inferred,passed
18109558c6df7cafcba50a71b774367c887b331a09cf8b99ddcef2ddeb3e0a4a,ES12,ES12C5,50,11/17/2014,12:30 PM,2:00 PM,953,5,5,0,0,5,true,"[0,1,2,3,4]",0,2014-11-17T15:18:41.983600,BLOCKED,saved_finish_absent_start_plus_max_time_only_inferred,passed
18109558c6df7cafcba50a71b774367c887b331a09cf8b99ddcef2ddeb3e0a4a,ES12,ES12C5,51,11/18/2014,4:15 PM,9:15 AM,970,5,5,0,0,5,true,"[0,1,2,3,4]",0,2014-11-18T10:37:57.146600,BLOCKED,saved_finish_absent_start_plus_max_time_only_inferred,passed
18109558c6df7cafcba50a71b774367c887b331a09cf8b99ddcef2ddeb3e0a4a,ES12,ES12C5,52,11/18/2014,11:15 AM,1:15 PM,972,5,5,0,0,5,true,"[0,1,2,3,4]",0,2014-11-18T15:09:18.716500,BLOCKED,saved_finish_absent_start_plus_max_time_only_inferred,passed
18109558c6df7cafcba50a71b774367c887b331a09cf8b99ddcef2ddeb3e0a4a,ES12,ES12C5,53,11/19/2014,3:45 PM,10:15 AM,990.5,5,5,0,0,5,true,"[0,1,2,3,4]",0,2014-11-19T13:12:17.851500,BLOCKED,saved_finish_absent_start_plus_max_time_only_inferred,passed
18109558c6df7cafcba50a71b774367c887b331a09cf8b99ddcef2ddeb3e0a4a,ES12,ES12C5,54,11/20/2014,2:00 PM,9:30 AM,1010,5,5,0,0,5,true,"[0,1,2,3,4]",0,2014-11-20T14:05:22.719600,BLOCKED,saved_finish_absent_start_plus_max_time_only_inferred,passed
18109558c6df7cafcba50a71b774367c887b331a09cf8b99ddcef2ddeb3e0a4a,ES12,ES12C5,55,11/21/2014,3:00 PM,10:00 AM,1029,5,5,0,0,5,true,"[0,1,2,3,4]",0,2014-11-21T12:41:21.981500,BLOCKED,saved_finish_absent_start_plus_max_time_only_inferred,passed
18109558c6df7cafcba50a71b774367c887b331a09cf8b99ddcef2ddeb3e0a4a,ES12,ES12C5,56,11/24/2014,2:00 PM,9:30 AM,1096.5,5,5,0,0,5,true,"[0,1,2,3,4]",0,2014-11-24T10:53:09.150600,BLOCKED,saved_finish_absent_start_plus_max_time_only_inferred,passed
18109558c6df7cafcba50a71b774367c887b331a09cf8b99ddcef2ddeb3e0a4a,ES12,ES12C5,57,11/25/2014,11:30 AM,3:00 PM,1124,5,5,0,0,5,true,"[0,1,2,3,4]",0,2014-11-25T18:43:11.719500,BLOCKED,saved_finish_absent_start_plus_max_time_only_inferred,passed
18109558c6df7cafcba50a71b774367c887b331a09cf8b99ddcef2ddeb3e0a4a,ES12,ES12C5,58,11/26/2014,7:15 PM,10:45 AM,1140.5,5,5,0,0,5,true,"[0,1,2,3,4]",0,2014-11-26T12:16:45.587600,BLOCKED,saved_finish_absent_start_plus_max_time_only_inferred,passed
18109558c6df7cafcba50a71b774367c887b331a09cf8b99ddcef2ddeb3e0a4a,ES12,ES12C5,59,12/1/2014,2:15 PM,10:45 AM,1257,5,5,0,0,5,true,"[0,1,2,3,4]",0,2014-12-01T12:25:23.675600,BLOCKED,saved_finish_absent_start_plus_max_time_only_inferred,passed
18109558c6df7cafcba50a71b774367c887b331a09cf8b99ddcef2ddeb3e0a4a,ES12,ES12C5,60,12/1/2014,1:20 PM,2:20 PM,1258,5,5,0,0,5,true,"[0,1,2,3,4]",0,2014-12-01T15:56:26.585500,BLOCKED,saved_finish_absent_start_plus_max_time_only_inferred,passed
18109558c6df7cafcba50a71b774367c887b331a09cf8b99ddcef2ddeb3e0a4a,ES12,ES12C5,61,12/3/2014,5:30 PM,10:30 AM,1299,5,5,0,0,5,true,"[0,1,2,3,4]",0,2014-12-03T12:08:08.720500,BLOCKED,saved_finish_absent_start_plus_max_time_only_inferred,passed
18109558c6df7cafcba50a71b774367c887b331a09cf8b99ddcef2ddeb3e0a4a,ES12,ES12C5,62,12/3/2014,1:15 PM,2:45 PM,1300.5,5,5,0,0,5,true,"[0,1,2,3,4]",0,2014-12-03T16:01:19.588500,BLOCKED,saved_finish_absent_start_plus_max_time_only_inferred,passed
18109558c6df7cafcba50a71b774367c887b331a09cf8b99ddcef2ddeb3e0a4a,ES12,ES12C5,63,12/4/2014,4:30 PM,9:30 AM,1317.5,5,5,0,0,5,true,"[0,1,2,3,4]",0,2014-12-04T11:14:29.716600,BLOCKED,saved_finish_absent_start_plus_max_time_only_inferred,passed
18109558c6df7cafcba50a71b774367c887b331a09cf8b99ddcef2ddeb3e0a4a,ES12,ES12C5,64,12/5/2014,11:45 AM,10:15 AM,1341,5,5,0,0,5,true,"[0,1,2,3,4]",0,2014-12-05T11:33:17.582600,BLOCKED,saved_finish_absent_start_plus_max_time_only_inferred,passed
18109558c6df7cafcba50a71b774367c887b331a09cf8b99ddcef2ddeb3e0a4a,ES12,ES12C5,65,12/8/2014,2:25 PM,9:25 AM,1408,5,5,0,0,5,true,"[0,1,2,3,4]",0,2014-12-08T12:24:10.018500,BLOCKED,saved_finish_absent_start_plus_max_time_only_inferred,passed
18109558c6df7cafcba50a71b774367c887b331a09cf8b99ddcef2ddeb3e0a4a,ES12,ES12C5,66,12/10/2014,1:15 PM,1:45 PM,1456.5,5,5,0,0,5,true,"[0,1,2,3,4]",0,2014-12-10T15:18:32.452500,BLOCKED,saved_finish_absent_start_plus_max_time_only_inferred,passed
18109558c6df7cafcba50a71b774367c887b331a09cf8b99ddcef2ddeb3e0a4a,ES12,ES12C5,67,12/16/2014,4:05 PM,9:35 AM,1594,5,5,0,0,5,true,"[0,1,2,3,4]",0,2014-12-16T11:21:56.586600,BLOCKED,saved_finish_absent_start_plus_max_time_only_inferred,passed
18109558c6df7cafcba50a71b774367c887b331a09cf8b99ddcef2ddeb3e0a4a,ES12,ES12C5,68,2/17/2015,3:00 PM,4:30 PM,3063,5,5,0,0,5,true,"[0,1,2,3,4]",0,2015-02-17T15:51:37.256500,BLOCKED,saved_finish_absent_start_plus_max_time_only_inferred,passed
18109558c6df7cafcba50a71b774367c887b331a09cf8b99ddcef2ddeb3e0a4a,ES12,ES12C5,69,04/20/2015,3:30 PM,6:30 PM,4551,10,5,0,5,5,true,"[1,3,5,7,9]",0,2015-04-20T16:55:50.258500,BLOCKED,saved_finish_absent_start_plus_max_time_only_inferred,passed
18109558c6df7cafcba50a71b774367c887b331a09cf8b99ddcef2ddeb3e0a4a,ES12,ES12C5,70,04/28/2015,11:30 AM,2:00 PM,4748,10,5,0,5,5,true,"[1,3,5,7,9]",0,2015-04-28T13:19:04.258500,BLOCKED,saved_finish_absent_start_plus_max_time_only_inferred,passed
18109558c6df7cafcba50a71b774367c887b331a09cf8b99ddcef2ddeb3e0a4a,ES12,ES12C5,71,05/04/2015,1:30 PM,4:30 PM,4891.5,10,5,0,5,5,true,"[1,3,5,7,9]",0,2015-05-04T15:16:24.081600,BLOCKED,saved_finish_absent_start_plus_max_time_only_inferred,passed
18109558c6df7cafcba50a71b774367c887b331a09cf8b99ddcef2ddeb3e0a4a,ES12,ES12C5,72,05/13/2015,2:00 PM,2:00 PM,5105.5,10,5,0,5,5,true,"[1,3,5,7,9]",0,2015-05-13T15:23:20.949600,BLOCKED,saved_finish_absent_start_plus_max_time_only_inferred,passed
18109558c6df7cafcba50a71b774367c887b331a09cf8b99ddcef2ddeb3e0a4a,ES12,ES12C6,0,9/29/2014,,,0,5,5,0,0,5,false,"[4,0,1,2,3]",0,2014-09-29T13:22:57.983500,BLOCKED,saved_finish_absent_start_plus_max_time_only_inferred,passed
18109558c6df7cafcba50a71b774367c887b331a09cf8b99ddcef2ddeb3e0a4a,ES12,ES12C6,1,9/30/2014,,,0,5,5,0,0,5,true,"[0,1,2,3,4]",0,2014-09-30T11:29:24.533500,BLOCKED,saved_finish_absent_start_plus_max_time_only_inferred,passed
18109558c6df7cafcba50a71b774367c887b331a09cf8b99ddcef2ddeb3e0a4a,ES12,ES12C6,2,10/1/2014,10:00 AM,12:00 PM,2,5,5,0,0,5,true,"[0,1,2,3,4]",0,2014-10-01T15:47:46.649500,BLOCKED,saved_finish_absent_start_plus_max_time_only_inferred,passed
18109558c6df7cafcba50a71b774367c887b331a09cf8b99ddcef2ddeb3e0a4a,ES12,ES12C6,3,10/2/2014,4:00 PM,1:00 PM,23,5,5,0,0,5,true,"[0,1,2,3,4]",0,2014-10-02T15:17:12.805600,BLOCKED,saved_finish_absent_start_plus_max_time_only_inferred,passed
18109558c6df7cafcba50a71b774367c887b331a09cf8b99ddcef2ddeb3e0a4a,ES12,ES12C6,4,10/3/2014,4:00 PM,7:20 AM,38.3333,5,5,0,0,5,true,"[0,1,2,3,4]",0,2014-10-03T09:38:00.935500,BLOCKED,saved_finish_absent_start_plus_max_time_only_inferred,passed
18109558c6df7cafcba50a71b774367c887b331a09cf8b99ddcef2ddeb3e0a4a,ES12,ES12C6,5,10/3/2014,10:20 AM,12:00 PM,40,5,5,0,0,5,true,"[0,1,2,3,4]",0,2014-10-03T13:53:54.793500,BLOCKED,saved_finish_absent_start_plus_max_time_only_inferred,passed
18109558c6df7cafcba50a71b774367c887b331a09cf8b99ddcef2ddeb3e0a4a,ES12,ES12C6,6,10/6/2014,2:25 PM,7:25 AM,105,5,5,0,0,5,true,"[0,1,2,3,4]",0,2014-10-06T09:10:14.803600,BLOCKED,saved_finish_absent_start_plus_max_time_only_inferred,passed
18109558c6df7cafcba50a71b774367c887b331a09cf8b99ddcef2ddeb3e0a4a,ES12,ES12C6,7,10/6/2014,9:40 AM,12:40 PM,108,5,5,0,0,5,true,"[0,1,2,3,4]",0,2014-10-06T14:21:31.794600,BLOCKED,saved_finish_absent_start_plus_max_time_only_inferred,passed
18109558c6df7cafcba50a71b774367c887b331a09cf8b99ddcef2ddeb3e0a4a,ES12,ES12C6,8,10/7/2014,2:55 PM,7:55 AM,125,5,5,0,0,5,true,"[0,1,2,3,4]",0,2014-10-07T09:12:11.934500,BLOCKED,saved_finish_absent_start_plus_max_time_only_inferred,passed
18109558c6df7cafcba50a71b774367c887b331a09cf8b99ddcef2ddeb3e0a4a,ES12,ES12C6,9,10/7/2014,9:45 AM,12:45 PM,128,5,5,0,0,5,true,"[0,1,2,3,4]",0,2014-10-07T14:16:09.935600,BLOCKED,saved_finish_absent_start_plus_max_time_only_inferred,passed
18109558c6df7cafcba50a71b774367c887b331a09cf8b99ddcef2ddeb3e0a4a,ES12,ES12C6,10,10/8/2014,3:00 PM,9:00 AM,146,5,5,0,0,5,true,"[0,1,2,3,4]",0,2014-10-08T10:47:08.806500,BLOCKED,saved_finish_absent_start_plus_max_time_only_inferred,passed
18109558c6df7cafcba50a71b774367c887b331a09cf8b99ddcef2ddeb3e0a4a,ES12,ES12C6,11,10/9/2014,11:30 AM,7:30 AM,166,5,5,0,0,5,true,"[0,1,2,3,4]",0,2014-10-09T09:05:19.789500,BLOCKED,saved_finish_absent_start_plus_max_time_only_inferred,passed
18109558c6df7cafcba50a71b774367c887b331a09cf8b99ddcef2ddeb3e0a4a,ES12,ES12C6,12,10/10/2014,9:40 AM,7:40 AM,188,5,5,0,0,5,true,"[0,1,2,3,4]",0,2014-10-10T09:35:07.806500,BLOCKED,saved_finish_absent_start_plus_max_time_only_inferred,passed
18109558c6df7cafcba50a71b774367c887b331a09cf8b99ddcef2ddeb3e0a4a,ES12,ES12C6,13,10/10/2014,10:15 AM,2:15 PM,192,5,5,0,0,5,true,"[0,1,2,3,4]",0,2014-10-10T15:55:50.406500,BLOCKED,saved_finish_absent_start_plus_max_time_only_inferred,passed
18109558c6df7cafcba50a71b774367c887b331a09cf8b99ddcef2ddeb3e0a4a,ES12,ES12C6,14,10/13/2014,4:25 PM,11:25 AM,259,5,5,0,0,5,true,"[0,1,2,3,4]",0,2014-10-13T12:48:20.172500,BLOCKED,saved_finish_absent_start_plus_max_time_only_inferred,passed
18109558c6df7cafcba50a71b774367c887b331a09cf8b99ddcef2ddeb3e0a4a,ES12,ES12C6,15,10/14/2014,1:45 PM,7:45 AM,277,5,5,0,0,5,true,"[0,1,2,3,4]",0,2014-10-14T09:57:27.311600,BLOCKED,saved_finish_absent_start_plus_max_time_only_inferred,passed
18109558c6df7cafcba50a71b774367c887b331a09cf8b99ddcef2ddeb3e0a4a,ES12,ES12C6,16,10/14/2014,10:30 AM,12:30 PM,279,5,5,0,0,5,true,"[0,1,2,3,4]",0,2014-10-14T14:06:04.936600,BLOCKED,saved_finish_absent_start_plus_max_time_only_inferred,passed
18109558c6df7cafcba50a71b774367c887b331a09cf8b99ddcef2ddeb3e0a4a,ES12,ES12C6,17,10/15/2014,2:50 PM,8:30 AM,296.66,5,5,0,0,5,true,"[0,1,2,3,4]",0,2014-10-15T10:09:54.809500,BLOCKED,saved_finish_absent_start_plus_max_time_only_inferred,passed
18109558c6df7cafcba50a71b774367c887b331a09cf8b99ddcef2ddeb3e0a4a,ES12,ES12C6,18,10/16/2014,10:40 AM,7:00 AM,317,5,5,0,0,5,true,"[0,1,2,3,4]",0,2014-10-16T08:48:41.939500,BLOCKED,saved_finish_absent_start_plus_max_time_only_inferred,passed
18109558c6df7cafcba50a71b774367c887b331a09cf8b99ddcef2ddeb3e0a4a,ES12,ES12C6,19,10/17/2014,10:00 AM,9:00 AM,352,5,5,0,0,5,true,"[0,1,2,3,4]",0,2014-10-17T10:24:49.791500,BLOCKED,saved_finish_absent_start_plus_max_time_only_inferred,passed
18109558c6df7cafcba50a71b774367c887b331a09cf8b99ddcef2ddeb3e0a4a,ES12,ES12C6,20,10/17/2014,11:30 AM,2:30 PM,355,5,5,0,0,5,true,"[0,1,2,3,4]",0,2014-10-17T16:21:08.805500,BLOCKED,saved_finish_absent_start_plus_max_time_only_inferred,passed
18109558c6df7cafcba50a71b774367c887b331a09cf8b99ddcef2ddeb3e0a4a,ES12,ES12C6,21,10/20/2014,4:30 PM,9:00 AM,419.5,5,5,0,0,5,true,"[0,1,2,3,4]",0,2014-10-20T10:22:11.805600,BLOCKED,saved_finish_absent_start_plus_max_time_only_inferred,passed
18109558c6df7cafcba50a71b774367c887b331a09cf8b99ddcef2ddeb3e0a4a,ES12,ES12C6,22,10/20/2014,11:15 AM,1:45 PM,422,5,5,0,0,5,true,"[0,1,2,3,4]",0,2014-10-20T15:23:02.656500,BLOCKED,saved_finish_absent_start_plus_max_time_only_inferred,passed
18109558c6df7cafcba50a71b774367c887b331a09cf8b99ddcef2ddeb3e0a4a,ES12,ES12C6,23,10/21/2014,4:00 PM,7:00 AM,437,5,5,0,0,5,true,"[0,1,2,3,4]",0,2014-10-21T08:56:44.803500,BLOCKED,saved_finish_absent_start_plus_max_time_only_inferred,passed
18109558c6df7cafcba50a71b774367c887b331a09cf8b99ddcef2ddeb3e0a4a,ES12,ES12C6,24,10/21/2014,10:00 AM,3:00 PM,442,5,5,0,0,5,true,"[0,1,2,3,4]",0,2014-10-21T16:32:40.804500,BLOCKED,saved_finish_absent_start_plus_max_time_only_inferred,passed
18109558c6df7cafcba50a71b774367c887b331a09cf8b99ddcef2ddeb3e0a4a,ES12,ES12C6,25,10/22/2014,5:15 PM,7:15 AM,456,5,5,0,0,5,true,"[0,1,2,3,4]",0,2014-10-22T08:44:55.804600,BLOCKED,saved_finish_absent_start_plus_max_time_only_inferred,passed
18109558c6df7cafcba50a71b774367c887b331a09cf8b99ddcef2ddeb3e0a4a,ES12,ES12C6,26,10/23/2014,4:40 PM,9:10 AM,472.5,5,5,0,0,5,true,"[0,1,2,3,4]",0,2014-10-23T10:46:00.569600,BLOCKED,saved_finish_absent_start_plus_max_time_only_inferred,passed
18109558c6df7cafcba50a71b774367c887b331a09cf8b99ddcef2ddeb3e0a4a,ES12,ES12C6,27,10/24/2014,11:45 AM,9:15 AM,494,5,5,0,0,5,true,"[0,1,2,3,4]",0,2014-10-24T10:47:49.271600,BLOCKED,saved_finish_absent_start_plus_max_time_only_inferred,passed
18109558c6df7cafcba50a71b774367c887b331a09cf8b99ddcef2ddeb3e0a4a,ES12,ES12C6,28,10/24/2014,12:10 PM,2:10 PM,496,5,5,0,0,5,true,"[0,1,2,3,4]",0,2014-10-24T15:44:05.263600,BLOCKED,saved_finish_absent_start_plus_max_time_only_inferred,passed
18109558c6df7cafcba50a71b774367c887b331a09cf8b99ddcef2ddeb3e0a4a,ES12,ES12C6,29,10/27/2014,4:30 PM,8:30 AM,560,5,5,0,0,5,true,"[0,1,2,3,4]",0,2014-10-27T10:06:42.525600,BLOCKED,saved_finish_absent_start_plus_max_time_only_inferred,passed
18109558c6df7cafcba50a71b774367c887b331a09cf8b99ddcef2ddeb3e0a4a,ES12,ES12C6,30,10/27/2014,11:35 AM,1:35 PM,562,5,5,0,0,5,true,"[0,1,2,3,4]",0,2014-10-27T14:58:58.309500,BLOCKED,saved_finish_absent_start_plus_max_time_only_inferred,passed
18109558c6df7cafcba50a71b774367c887b331a09cf8b99ddcef2ddeb3e0a4a,ES12,ES12C6,31,10/28/2014,3:45 PM,8:15 AM,578.5,5,5,0,0,5,true,"[0,1,2,3,4]",0,2014-10-28T11:18:31.332500,BLOCKED,saved_finish_absent_start_plus_max_time_only_inferred,passed
18109558c6df7cafcba50a71b774367c887b331a09cf8b99ddcef2ddeb3e0a4a,ES12,ES12C6,32,10/29/2014,12:15 PM,7:15 AM,597.5,5,5,0,0,5,true,"[0,1,2,3,4]",0,2014-10-29T08:48:30.171500,BLOCKED,saved_finish_absent_start_plus_max_time_only_inferred,passed
18109558c6df7cafcba50a71b774367c887b331a09cf8b99ddcef2ddeb3e0a4a,ES12,ES12C6,33,10/29/2014,9:20 AM,1:50 PM,602,5,5,0,0,5,true,"[0,1,2,3,4]",0,2014-10-29T15:44:36.321600,BLOCKED,saved_finish_absent_start_plus_max_time_only_inferred,passed
18109558c6df7cafcba50a71b774367c887b331a09cf8b99ddcef2ddeb3e0a4a,ES12,ES12C6,34,10/30/2014,4:15 PM,9:15 AM,619,5,5,0,0,5,true,"[0,1,2,3,4]",0,2014-10-30T10:56:06.343600,BLOCKED,saved_finish_absent_start_plus_max_time_only_inferred,passed
18109558c6df7cafcba50a71b774367c887b331a09cf8b99ddcef2ddeb3e0a4a,ES12,ES12C6,35,10/30/2014,11:25 AM,3:25 PM,623,5,5,0,0,5,true,"[0,1,2,3,4]",0,2014-10-30T17:34:06.465500,BLOCKED,saved_finish_absent_start_plus_max_time_only_inferred,passed
18109558c6df7cafcba50a71b774367c887b331a09cf8b99ddcef2ddeb3e0a4a,ES12,ES12C6,36,10/31/2014,6:05 PM,9:15 AM,650.25,5,5,0,0,5,true,"[0,1,2,3,4]",0,2014-10-31T10:54:21.344500,BLOCKED,saved_finish_absent_start_plus_max_time_only_inferred,passed
18109558c6df7cafcba50a71b774367c887b331a09cf8b99ddcef2ddeb3e0a4a,ES12,ES12C6,37,11/3/2014,11:45 AM,8:30 AM,719,5,5,0,0,5,true,"[0,1,2,3,4]",0,2014-11-03T09:57:58.192600,BLOCKED,saved_finish_absent_start_plus_max_time_only_inferred,passed
18109558c6df7cafcba50a71b774367c887b331a09cf8b99ddcef2ddeb3e0a4a,ES12,ES12C6,38,11/4/2014,10:30 AM,8:00 AM,740.5,5,5,0,0,5,true,"[0,1,2,3,4]",0,2014-11-04T09:37:59.057500,BLOCKED,saved_finish_absent_start_plus_max_time_only_inferred,passed
18109558c6df7cafcba50a71b774367c887b331a09cf8b99ddcef2ddeb3e0a4a,ES12,ES12C6,39,11/5/2014,2:30 PM,9:00 AM,759,5,5,0,0,5,true,"[0,1,2,3,4]",0,2014-11-05T14:28:18.042600,BLOCKED,saved_finish_absent_start_plus_max_time_only_inferred,passed
18109558c6df7cafcba50a71b774367c887b331a09cf8b99ddcef2ddeb3e0a4a,ES12,ES12C6,40,11/6/2014,3:45 PM,8:15 AM,775.5,5,5,0,0,5,true,"[0,1,2,3,4]",0,2014-11-06T10:00:29.191600,BLOCKED,saved_finish_absent_start_plus_max_time_only_inferred,passed
18109558c6df7cafcba50a71b774367c887b331a09cf8b99ddcef2ddeb3e0a4a,ES12,ES12C6,41,11/6/2014,10:40 AM,2:20 PM,779,5,5,0,0,5,true,"[0,1,2,3,4]",0,2014-11-06T16:15:05.063500,BLOCKED,saved_finish_absent_start_plus_max_time_only_inferred,passed
18109558c6df7cafcba50a71b774367c887b331a09cf8b99ddcef2ddeb3e0a4a,ES12,ES12C6,42,11/7/2014,5:00 PM,1:00 PM,799,5,5,0,0,5,true,"[0,1,2,3,4]",0,2014-11-07T15:20:05.190600,BLOCKED,saved_finish_absent_start_plus_max_time_only_inferred,passed
18109558c6df7cafcba50a71b774367c887b331a09cf8b99ddcef2ddeb3e0a4a,ES12,ES12C6,43,11/10/2014,10:00 AM,1:00 PM,802,5,5,0,0,5,true,"[0,1,2,3,4]",0,2014-11-10T14:52:04.277500,BLOCKED,saved_finish_absent_start_plus_max_time_only_inferred,passed
18109558c6df7cafcba50a71b774367c887b331a09cf8b99ddcef2ddeb3e0a4a,ES12,ES12C6,44,11/12/2014,3:30 PM,9:00 AM,843.5,5,5,0,0,5,true,"[0,1,2,3,4]",0,2014-11-12T11:11:22.282600,BLOCKED,saved_finish_absent_start_plus_max_time_only_inferred,passed
18109558c6df7cafcba50a71b774367c887b331a09cf8b99ddcef2ddeb3e0a4a,ES12,ES12C6,45,11/12/2014,12:00 PM,4:30 PM,848,5,5,0,0,5,true,"[0,1,2,3,4]",0,2014-11-12T18:26:24.062500,BLOCKED,saved_finish_absent_start_plus_max_time_only_inferred,passed
18109558c6df7cafcba50a71b774367c887b331a09cf8b99ddcef2ddeb3e0a4a,ES12,ES12C6,46,11/13/2014,7:00 PM,8:00 AM,861,5,5,0,0,5,true,"[0,1,2,3,4]",0,2014-11-13T09:28:06.150600,BLOCKED,saved_finish_absent_start_plus_max_time_only_inferred,passed
18109558c6df7cafcba50a71b774367c887b331a09cf8b99ddcef2ddeb3e0a4a,ES12,ES12C6,47,11/13/2014,10:00 AM,2:00 PM,865,5,5,0,0,5,true,"[0,1,2,3,4]",0,2014-11-13T16:01:20.128600,BLOCKED,saved_finish_absent_start_plus_max_time_only_inferred,passed
18109558c6df7cafcba50a71b774367c887b331a09cf8b99ddcef2ddeb3e0a4a,ES12,ES12C6,48,11/14/2014,4:45 PM,2:15 PM,886.5,5,5,0,0,5,true,"[0,1,2,3,4]",0,2014-11-14T16:01:26.283500,BLOCKED,saved_finish_absent_start_plus_max_time_only_inferred,passed
18109558c6df7cafcba50a71b774367c887b331a09cf8b99ddcef2ddeb3e0a4a,ES12,ES12C6,49,11/17/2014,5:00 PM,10:00 AM,951.5,5,5,0,0,5,false,"[0,2,1,3,4]",0,2014-11-17T11:45:59.280500,BLOCKED,saved_finish_absent_start_plus_max_time_only_inferred,passed
18109558c6df7cafcba50a71b774367c887b331a09cf8b99ddcef2ddeb3e0a4a,ES12,ES12C6,50,11/17/2014,12:30 PM,2:00 PM,953,5,5,0,0,5,true,"[0,1,2,3,4]",0,2014-11-17T15:26:37.149500,BLOCKED,saved_finish_absent_start_plus_max_time_only_inferred,passed
18109558c6df7cafcba50a71b774367c887b331a09cf8b99ddcef2ddeb3e0a4a,ES12,ES12C6,51,11/18/2014,4:15 PM,9:15 AM,970,5,5,0,0,5,true,"[0,1,2,3,4]",0,2014-11-18T10:46:01.276500,BLOCKED,saved_finish_absent_start_plus_max_time_only_inferred,passed
18109558c6df7cafcba50a71b774367c887b331a09cf8b99ddcef2ddeb3e0a4a,ES12,ES12C6,52,11/18/2014,11:15 AM,1:15 PM,972,5,5,0,0,5,true,"[0,1,2,3,4]",0,2014-11-18T15:14:41.983600,BLOCKED,saved_finish_absent_start_plus_max_time_only_inferred,passed
18109558c6df7cafcba50a71b774367c887b331a09cf8b99ddcef2ddeb3e0a4a,ES12,ES12C6,53,11/19/2014,3:45 PM,10:15 AM,990.5,5,5,0,0,5,true,"[0,1,2,3,4]",0,2014-11-19T13:16:21.716500,BLOCKED,saved_finish_absent_start_plus_max_time_only_inferred,passed
18109558c6df7cafcba50a71b774367c887b331a09cf8b99ddcef2ddeb3e0a4a,ES12,ES12C6,54,11/20/2014,2:00 PM,9:30 AM,1010,5,5,0,0,5,true,"[0,1,2,3,4]",0,2014-11-20T14:10:17.149500,BLOCKED,saved_finish_absent_start_plus_max_time_only_inferred,passed
18109558c6df7cafcba50a71b774367c887b331a09cf8b99ddcef2ddeb3e0a4a,ES12,ES12C6,55,11/21/2014,3:00 PM,10:00 AM,1029,5,5,0,0,5,true,"[0,1,2,3,4]",0,2014-11-21T12:45:50.715600,BLOCKED,saved_finish_absent_start_plus_max_time_only_inferred,passed
18109558c6df7cafcba50a71b774367c887b331a09cf8b99ddcef2ddeb3e0a4a,ES12,ES12C6,56,11/24/2014,2:00 PM,9:30 AM,1096.5,5,5,0,0,5,true,"[0,1,2,3,4]",0,2014-11-24T10:59:51.152600,BLOCKED,saved_finish_absent_start_plus_max_time_only_inferred,passed
18109558c6df7cafcba50a71b774367c887b331a09cf8b99ddcef2ddeb3e0a4a,ES12,ES12C6,57,11/25/2014,11:30 AM,3:00 PM,1124,5,5,0,0,5,true,"[0,1,2,3,4]",0,2014-11-25T18:46:42.152600,BLOCKED,saved_finish_absent_start_plus_max_time_only_inferred,passed
18109558c6df7cafcba50a71b774367c887b331a09cf8b99ddcef2ddeb3e0a4a,ES12,ES12C6,58,11/26/2014,7:15 PM,10:45 AM,1140.5,5,5,0,0,5,true,"[0,1,2,3,4]",0,2014-11-26T12:20:22.719500,BLOCKED,saved_finish_absent_start_plus_max_time_only_inferred,passed
18109558c6df7cafcba50a71b774367c887b331a09cf8b99ddcef2ddeb3e0a4a,ES12,ES12C6,59,12/1/2014,2:15 PM,10:45 AM,1257,5,5,0,0,5,true,"[0,1,2,3,4]",0,2014-12-01T12:35:15.716500,BLOCKED,saved_finish_absent_start_plus_max_time_only_inferred,passed
18109558c6df7cafcba50a71b774367c887b331a09cf8b99ddcef2ddeb3e0a4a,ES12,ES12C6,60,12/1/2014,1:20 PM,2:20 PM,1258,5,5,0,0,5,false,"[0,2,1,3,4]",0,2014-12-01T16:00:46.718500,BLOCKED,saved_finish_absent_start_plus_max_time_only_inferred,passed
18109558c6df7cafcba50a71b774367c887b331a09cf8b99ddcef2ddeb3e0a4a,ES12,ES12C6,61,12/3/2014,5:30 PM,10:30 AM,1299,5,5,0,0,5,false,"[0,1,3,2,4]",0,2014-12-03T12:11:40.716500,BLOCKED,saved_finish_absent_start_plus_max_time_only_inferred,passed
18109558c6df7cafcba50a71b774367c887b331a09cf8b99ddcef2ddeb3e0a4a,ES12,ES12C6,62,12/3/2014,1:15 PM,2:45 PM,1300.5,5,5,0,0,5,true,"[0,1,2,3,4]",0,2014-12-03T16:04:52.715600,BLOCKED,saved_finish_absent_start_plus_max_time_only_inferred,passed
18109558c6df7cafcba50a71b774367c887b331a09cf8b99ddcef2ddeb3e0a4a,ES12,ES12C6,63,12/4/2014,4:30 PM,9:30 AM,1317.5,5,5,0,0,5,true,"[0,1,2,3,4]",0,2014-12-04T11:18:02.717600,BLOCKED,saved_finish_absent_start_plus_max_time_only_inferred,passed
18109558c6df7cafcba50a71b774367c887b331a09cf8b99ddcef2ddeb3e0a4a,ES12,ES12C6,64,12/5/2014,11:45 AM,10:15 AM,1341,5,5,0,0,5,false,"[4,0,1,2,3]",0,2014-12-05T11:37:01.718600,BLOCKED,saved_finish_absent_start_plus_max_time_only_inferred,passed
18109558c6df7cafcba50a71b774367c887b331a09cf8b99ddcef2ddeb3e0a4a,ES12,ES12C6,65,12/8/2014,2:25 PM,9:25 AM,1408,5,5,0,0,5,true,"[0,1,2,3,4]",0,2014-12-08T12:29:40.016500,BLOCKED,saved_finish_absent_start_plus_max_time_only_inferred,passed
18109558c6df7cafcba50a71b774367c887b331a09cf8b99ddcef2ddeb3e0a4a,ES12,ES12C6,66,12/10/2014,1:15 PM,1:45 PM,1456.5,5,5,0,0,5,true,"[0,1,2,3,4]",0,2014-12-10T15:23:58.721500,BLOCKED,saved_finish_absent_start_plus_max_time_only_inferred,passed
18109558c6df7cafcba50a71b774367c887b331a09cf8b99ddcef2ddeb3e0a4a,ES12,ES12C6,67,12/16/2014,4:05 PM,9:35 AM,1594,5,5,0,0,5,true,"[0,1,2,3,4]",0,2014-12-16T11:25:31.714500,BLOCKED,saved_finish_absent_start_plus_max_time_only_inferred,passed
18109558c6df7cafcba50a71b774367c887b331a09cf8b99ddcef2ddeb3e0a4a,ES12,ES12C6,68,2/17/2015,3:00 PM,4:30 PM,3063,5,5,0,0,5,true,"[0,1,2,3,4]",0,2015-02-17T15:55:23.258500,BLOCKED,saved_finish_absent_start_plus_max_time_only_inferred,passed
18109558c6df7cafcba50a71b774367c887b331a09cf8b99ddcef2ddeb3e0a4a,ES12,ES12C6,69,04/20/2015,3:30 PM,6:30 PM,4551,10,5,0,5,5,true,"[1,3,5,7,9]",0,2015-04-20T17:23:50.257500,BLOCKED,saved_finish_absent_start_plus_max_time_only_inferred,passed
18109558c6df7cafcba50a71b774367c887b331a09cf8b99ddcef2ddeb3e0a4a,ES12,ES12C6,70,04/28/2015,11:30 AM,2:00 PM,4748,10,5,0,5,5,true,"[1,3,5,7,9]",0,2015-04-28T13:22:24.257600,BLOCKED,saved_finish_absent_start_plus_max_time_only_inferred,passed
18109558c6df7cafcba50a71b774367c887b331a09cf8b99ddcef2ddeb3e0a4a,ES12,ES12C6,71,05/04/2015,1:30 PM,4:30 PM,4891.5,10,5,0,5,5,true,"[1,3,5,7,9]",0,2015-05-04T15:21:20.254500,BLOCKED,saved_finish_absent_start_plus_max_time_only_inferred,passed
18109558c6df7cafcba50a71b774367c887b331a09cf8b99ddcef2ddeb3e0a4a,ES12,ES12C6,72,05/13/2015,2:00 PM,2:00 PM,5105.5,10,5,0,5,5,true,"[1,3,5,7,9]",0,2015-05-13T15:28:30.949500,BLOCKED,saved_finish_absent_start_plus_max_time_only_inferred,passed
18109558c6df7cafcba50a71b774367c887b331a09cf8b99ddcef2ddeb3e0a4a,ES12,ES12C7,0,9/29/2014,,,0,5,5,0,0,5,true,"[0,1,2,3,4]",0,2014-09-29T13:35:16.499500,BLOCKED,saved_finish_absent_start_plus_max_time_only_inferred,passed
18109558c6df7cafcba50a71b774367c887b331a09cf8b99ddcef2ddeb3e0a4a,ES12,ES12C7,1,9/30/2014,,,0,5,5,0,0,5,true,"[0,1,2,3,4]",0,2014-09-30T11:50:06.058600,BLOCKED,saved_finish_absent_start_plus_max_time_only_inferred,passed
18109558c6df7cafcba50a71b774367c887b331a09cf8b99ddcef2ddeb3e0a4a,ES12,ES12C7,2,10/1/2014,10:00 AM,12:00 PM,2,5,5,0,0,5,true,"[0,1,2,3,4]",0,2014-10-01T15:54:03.274500,BLOCKED,saved_finish_absent_start_plus_max_time_only_inferred,passed
18109558c6df7cafcba50a71b774367c887b331a09cf8b99ddcef2ddeb3e0a4a,ES12,ES12C7,3,10/2/2014,4:00 PM,1:00 PM,23,5,5,0,0,5,true,"[0,1,2,3,4]",0,2014-10-02T15:21:11.805500,BLOCKED,saved_finish_absent_start_plus_max_time_only_inferred,passed
18109558c6df7cafcba50a71b774367c887b331a09cf8b99ddcef2ddeb3e0a4a,ES12,ES12C7,4,10/3/2014,4:00 PM,7:20 AM,38.3333,5,5,0,0,5,true,"[0,1,2,3,4]",0,2014-10-03T09:44:38.934500,BLOCKED,saved_finish_absent_start_plus_max_time_only_inferred,passed
18109558c6df7cafcba50a71b774367c887b331a09cf8b99ddcef2ddeb3e0a4a,ES12,ES12C7,5,10/3/2014,10:20 AM,12:00 PM,40,5,5,0,0,5,true,"[0,1,2,3,4]",0,2014-10-03T13:58:28.803600,BLOCKED,saved_finish_absent_start_plus_max_time_only_inferred,passed
18109558c6df7cafcba50a71b774367c887b331a09cf8b99ddcef2ddeb3e0a4a,ES12,ES12C7,6,10/6/2014,2:25 PM,7:25 AM,105,5,5,0,0,5,true,"[0,1,2,3,4]",0,2014-10-06T09:14:18.812600,BLOCKED,saved_finish_absent_start_plus_max_time_only_inferred,passed
18109558c6df7cafcba50a71b774367c887b331a09cf8b99ddcef2ddeb3e0a4a,ES12,ES12C7,7,10/6/2014,9:40 AM,12:40 PM,108,5,5,0,0,5,true,"[0,1,2,3,4]",0,2014-10-06T14:25:29.804600,BLOCKED,saved_finish_absent_start_plus_max_time_only_inferred,passed
18109558c6df7cafcba50a71b774367c887b331a09cf8b99ddcef2ddeb3e0a4a,ES12,ES12C7,8,10/7/2014,2:55 PM,7:55 AM,125,5,5,0,0,5,true,"[0,1,2,3,4]",0,2014-10-07T09:15:42.943500,BLOCKED,saved_finish_absent_start_plus_max_time_only_inferred,passed
18109558c6df7cafcba50a71b774367c887b331a09cf8b99ddcef2ddeb3e0a4a,ES12,ES12C7,9,10/7/2014,9:45 AM,12:45 PM,128,5,5,0,0,5,true,"[0,1,2,3,4]",0,2014-10-07T14:20:21.748600,BLOCKED,saved_finish_absent_start_plus_max_time_only_inferred,passed
18109558c6df7cafcba50a71b774367c887b331a09cf8b99ddcef2ddeb3e0a4a,ES12,ES12C7,10,10/8/2014,3:00 PM,9:00 AM,146,5,5,0,0,5,true,"[0,1,2,3,4]",0,2014-10-08T10:51:38.253500,BLOCKED,saved_finish_absent_start_plus_max_time_only_inferred,passed
18109558c6df7cafcba50a71b774367c887b331a09cf8b99ddcef2ddeb3e0a4a,ES12,ES12C7,11,10/9/2014,11:30 AM,7:30 AM,166,5,5,0,0,5,true,"[0,1,2,3,4]",0,2014-10-09T09:12:29.790600,BLOCKED,saved_finish_absent_start_plus_max_time_only_inferred,passed
18109558c6df7cafcba50a71b774367c887b331a09cf8b99ddcef2ddeb3e0a4a,ES12,ES12C7,12,10/10/2014,9:40 AM,7:40 AM,188,5,5,0,0,5,true,"[0,1,2,3,4]",0,2014-10-10T09:47:12.658500,BLOCKED,saved_finish_absent_start_plus_max_time_only_inferred,passed
18109558c6df7cafcba50a71b774367c887b331a09cf8b99ddcef2ddeb3e0a4a,ES12,ES12C7,13,10/10/2014,10:15 AM,2:15 PM,192,5,5,0,0,5,true,"[0,1,2,3,4]",0,2014-10-10T15:59:13.271500,BLOCKED,saved_finish_absent_start_plus_max_time_only_inferred,passed
18109558c6df7cafcba50a71b774367c887b331a09cf8b99ddcef2ddeb3e0a4a,ES12,ES12C7,14,10/13/2014,4:25 PM,11:25 AM,259,5,5,0,0,5,false,"[0,2,1,3,4]",0,2014-10-13T12:53:26.191500,BLOCKED,saved_finish_absent_start_plus_max_time_only_inferred,passed
18109558c6df7cafcba50a71b774367c887b331a09cf8b99ddcef2ddeb3e0a4a,ES12,ES12C7,15,10/14/2014,1:45 PM,7:45 AM,277,5,5,0,0,5,true,"[0,1,2,3,4]",0,2014-10-14T10:02:04.192500,BLOCKED,saved_finish_absent_start_plus_max_time_only_inferred,passed
18109558c6df7cafcba50a71b774367c887b331a09cf8b99ddcef2ddeb3e0a4a,ES12,ES12C7,16,10/14/2014,10:30 AM,12:30 PM,279,5,5,0,0,5,true,"[0,1,2,3,4]",0,2014-10-14T14:11:15.789500,BLOCKED,saved_finish_absent_start_plus_max_time_only_inferred,passed
18109558c6df7cafcba50a71b774367c887b331a09cf8b99ddcef2ddeb3e0a4a,ES12,ES12C7,17,10/15/2014,2:50 PM,8:30 AM,296.66,5,5,0,0,5,true,"[0,1,2,3,4]",0,2014-10-15T10:13:31.805500,BLOCKED,saved_finish_absent_start_plus_max_time_only_inferred,passed
18109558c6df7cafcba50a71b774367c887b331a09cf8b99ddcef2ddeb3e0a4a,ES12,ES12C7,18,10/16/2014,10:40 AM,7:00 AM,317,5,5,0,0,5,true,"[0,1,2,3,4]",0,2014-10-16T08:52:25.938500,BLOCKED,saved_finish_absent_start_plus_max_time_only_inferred,passed
18109558c6df7cafcba50a71b774367c887b331a09cf8b99ddcef2ddeb3e0a4a,ES12,ES12C7,19,10/17/2014,10:00 AM,9:00 AM,352,5,5,0,0,5,true,"[0,1,2,3,4]",0,2014-10-17T10:28:16.959500,BLOCKED,saved_finish_absent_start_plus_max_time_only_inferred,passed
18109558c6df7cafcba50a71b774367c887b331a09cf8b99ddcef2ddeb3e0a4a,ES12,ES12C7,20,10/17/2014,11:30 AM,2:30 PM,355,5,5,0,0,5,true,"[0,1,2,3,4]",0,2014-10-17T16:24:37.794500,BLOCKED,saved_finish_absent_start_plus_max_time_only_inferred,passed
18109558c6df7cafcba50a71b774367c887b331a09cf8b99ddcef2ddeb3e0a4a,ES12,ES12C7,21,10/20/2014,4:30 PM,9:00 AM,419.5,5,5,0,0,5,true,"[0,1,2,3,4]",0,2014-10-20T10:25:42.790600,BLOCKED,saved_finish_absent_start_plus_max_time_only_inferred,passed
18109558c6df7cafcba50a71b774367c887b331a09cf8b99ddcef2ddeb3e0a4a,ES12,ES12C7,22,10/20/2014,11:15 AM,1:45 PM,422,5,5,0,0,5,true,"[0,1,2,3,4]",0,2014-10-20T15:26:38.526600,BLOCKED,saved_finish_absent_start_plus_max_time_only_inferred,passed
18109558c6df7cafcba50a71b774367c887b331a09cf8b99ddcef2ddeb3e0a4a,ES12,ES12C7,23,10/21/2014,4:00 PM,7:00 AM,437,5,5,0,0,5,true,"[0,1,2,3,4]",0,2014-10-21T09:12:34.803600,BLOCKED,saved_finish_absent_start_plus_max_time_only_inferred,passed
18109558c6df7cafcba50a71b774367c887b331a09cf8b99ddcef2ddeb3e0a4a,ES12,ES12C7,24,10/21/2014,10:00 AM,3:00 PM,442,5,5,0,0,5,true,"[0,1,2,3,4]",0,2014-10-21T16:39:26.806600,BLOCKED,saved_finish_absent_start_plus_max_time_only_inferred,passed
18109558c6df7cafcba50a71b774367c887b331a09cf8b99ddcef2ddeb3e0a4a,ES12,ES12C7,25,10/22/2014,5:15 PM,7:15 AM,456,5,5,0,0,5,true,"[0,1,2,3,4]",0,2014-10-22T08:48:32.804500,BLOCKED,saved_finish_absent_start_plus_max_time_only_inferred,passed
18109558c6df7cafcba50a71b774367c887b331a09cf8b99ddcef2ddeb3e0a4a,ES12,ES12C7,26,10/23/2014,4:40 PM,9:10 AM,472.5,5,5,0,0,5,true,"[0,1,2,3,4]",0,2014-10-23T10:50:07.680500,BLOCKED,saved_finish_absent_start_plus_max_time_only_inferred,passed
18109558c6df7cafcba50a71b774367c887b331a09cf8b99ddcef2ddeb3e0a4a,ES12,ES12C7,27,10/24/2014,11:45 AM,9:15 AM,494,5,5,0,0,5,true,"[0,1,2,3,4]",0,2014-10-24T10:52:30.456600,BLOCKED,saved_finish_absent_start_plus_max_time_only_inferred,passed
18109558c6df7cafcba50a71b774367c887b331a09cf8b99ddcef2ddeb3e0a4a,ES12,ES12C7,28,10/24/2014,12:10 PM,2:10 PM,496,5,5,0,0,5,true,"[0,1,2,3,4]",0,2014-10-24T15:48:28.192500,BLOCKED,saved_finish_absent_start_plus_max_time_only_inferred,passed
18109558c6df7cafcba50a71b774367c887b331a09cf8b99ddcef2ddeb3e0a4a,ES12,ES12C7,29,10/27/2014,4:30 PM,8:30 AM,560,5,5,0,0,5,true,"[0,1,2,3,4]",0,2014-10-27T10:10:11.859500,BLOCKED,saved_finish_absent_start_plus_max_time_only_inferred,passed
18109558c6df7cafcba50a71b774367c887b331a09cf8b99ddcef2ddeb3e0a4a,ES12,ES12C7,30,10/27/2014,11:35 AM,1:35 PM,562,5,5,0,0,5,true,"[0,1,2,3,4]",0,2014-10-27T15:03:46.392500,BLOCKED,saved_finish_absent_start_plus_max_time_only_inferred,passed
18109558c6df7cafcba50a71b774367c887b331a09cf8b99ddcef2ddeb3e0a4a,ES12,ES12C7,31,10/28/2014,3:45 PM,8:15 AM,578.5,5,5,0,0,5,true,"[0,1,2,3,4]",0,2014-10-28T11:22:15.324600,BLOCKED,saved_finish_absent_start_plus_max_time_only_inferred,passed
18109558c6df7cafcba50a71b774367c887b331a09cf8b99ddcef2ddeb3e0a4a,ES12,ES12C7,32,10/29/2014,12:15 PM,7:15 AM,597.5,5,5,0,0,5,true,"[0,1,2,3,4]",0,2014-10-29T08:52:57.448600,BLOCKED,saved_finish_absent_start_plus_max_time_only_inferred,passed
18109558c6df7cafcba50a71b774367c887b331a09cf8b99ddcef2ddeb3e0a4a,ES12,ES12C7,33,10/29/2014,9:20 AM,1:50 PM,602,5,5,0,0,5,true,"[0,1,2,3,4]",0,2014-10-29T15:48:02.353600,BLOCKED,saved_finish_absent_start_plus_max_time_only_inferred,passed
18109558c6df7cafcba50a71b774367c887b331a09cf8b99ddcef2ddeb3e0a4a,ES12,ES12C7,34,10/30/2014,4:15 PM,9:15 AM,619,5,5,0,0,5,true,"[0,1,2,3,4]",0,2014-10-30T11:01:33.447500,BLOCKED,saved_finish_absent_start_plus_max_time_only_inferred,passed
18109558c6df7cafcba50a71b774367c887b331a09cf8b99ddcef2ddeb3e0a4a,ES12,ES12C7,35,10/30/2014,11:25 AM,3:25 PM,623,5,5,0,0,5,true,"[0,1,2,3,4]",0,2014-10-30T17:38:40.447500,BLOCKED,saved_finish_absent_start_plus_max_time_only_inferred,passed
18109558c6df7cafcba50a71b774367c887b331a09cf8b99ddcef2ddeb3e0a4a,ES12,ES12C7,36,10/31/2014,6:05 PM,9:15 AM,650.25,5,5,0,0,5,true,"[0,1,2,3,4]",0,2014-10-31T10:59:58.304500,BLOCKED,saved_finish_absent_start_plus_max_time_only_inferred,passed
18109558c6df7cafcba50a71b774367c887b331a09cf8b99ddcef2ddeb3e0a4a,ES12,ES12C7,37,11/3/2014,11:45 AM,8:30 AM,719,5,5,0,0,5,true,"[0,1,2,3,4]",0,2014-11-03T10:02:14.173600,BLOCKED,saved_finish_absent_start_plus_max_time_only_inferred,passed
18109558c6df7cafcba50a71b774367c887b331a09cf8b99ddcef2ddeb3e0a4a,ES12,ES12C7,38,11/4/2014,10:30 AM,8:00 AM,740.5,5,5,0,0,5,false,"[0,1,2,4,3]",0,2014-11-04T09:41:57.504600,BLOCKED,saved_finish_absent_start_plus_max_time_only_inferred,passed
18109558c6df7cafcba50a71b774367c887b331a09cf8b99ddcef2ddeb3e0a4a,ES12,ES12C7,39,11/5/2014,2:30 PM,9:00 AM,759,5,5,0,0,5,true,"[0,1,2,3,4]",0,2014-11-05T14:33:55.191600,BLOCKED,saved_finish_absent_start_plus_max_time_only_inferred,passed
18109558c6df7cafcba50a71b774367c887b331a09cf8b99ddcef2ddeb3e0a4a,ES12,ES12C7,40,11/6/2014,3:45 PM,8:15 AM,775.5,5,5,0,0,5,true,"[0,1,2,3,4]",0,2014-11-06T10:05:32.193600,BLOCKED,saved_finish_absent_start_plus_max_time_only_inferred,passed
18109558c6df7cafcba50a71b774367c887b331a09cf8b99ddcef2ddeb3e0a4a,ES12,ES12C7,41,11/6/2014,10:40 AM,2:20 PM,779,5,5,0,0,5,true,"[0,1,2,3,4]",0,2014-11-06T16:18:56.057500,BLOCKED,saved_finish_absent_start_plus_max_time_only_inferred,passed
18109558c6df7cafcba50a71b774367c887b331a09cf8b99ddcef2ddeb3e0a4a,ES12,ES12C7,42,11/7/2014,5:00 PM,1:00 PM,799,5,5,0,0,5,true,"[0,1,2,3,4]",0,2014-11-07T15:25:00.041600,BLOCKED,saved_finish_absent_start_plus_max_time_only_inferred,passed
18109558c6df7cafcba50a71b774367c887b331a09cf8b99ddcef2ddeb3e0a4a,ES12,ES12C7,43,11/10/2014,10:00 AM,1:00 PM,802,5,5,0,0,5,true,"[0,1,2,3,4]",0,2014-11-10T14:57:01.279500,BLOCKED,saved_finish_absent_start_plus_max_time_only_inferred,passed
18109558c6df7cafcba50a71b774367c887b331a09cf8b99ddcef2ddeb3e0a4a,ES12,ES12C7,44,11/12/2014,3:30 PM,9:00 AM,843.5,5,5,0,0,5,true,"[0,1,2,3,4]",0,2014-11-12T11:15:07.282500,BLOCKED,saved_finish_absent_start_plus_max_time_only_inferred,passed
18109558c6df7cafcba50a71b774367c887b331a09cf8b99ddcef2ddeb3e0a4a,ES12,ES12C7,45,11/12/2014,12:00 PM,4:30 PM,848,5,5,0,0,5,true,"[0,1,2,3,4]",0,2014-11-12T18:30:12.051600,BLOCKED,saved_finish_absent_start_plus_max_time_only_inferred,passed
18109558c6df7cafcba50a71b774367c887b331a09cf8b99ddcef2ddeb3e0a4a,ES12,ES12C7,46,11/13/2014,7:00 PM,8:00 AM,861,5,5,0,0,5,true,"[0,1,2,3,4]",0,2014-11-13T09:35:47.016500,BLOCKED,saved_finish_absent_start_plus_max_time_only_inferred,passed
18109558c6df7cafcba50a71b774367c887b331a09cf8b99ddcef2ddeb3e0a4a,ES12,ES12C7,47,11/13/2014,10:00 AM,2:00 PM,865,5,5,0,0,5,true,"[0,1,2,3,4]",0,2014-11-13T16:06:37.058500,BLOCKED,saved_finish_absent_start_plus_max_time_only_inferred,passed
18109558c6df7cafcba50a71b774367c887b331a09cf8b99ddcef2ddeb3e0a4a,ES12,ES12C7,48,11/14/2014,4:45 PM,2:15 PM,886.5,5,5,0,0,5,true,"[0,1,2,3,4]",0,2014-11-14T16:28:50.278500,BLOCKED,saved_finish_absent_start_plus_max_time_only_inferred,passed
18109558c6df7cafcba50a71b774367c887b331a09cf8b99ddcef2ddeb3e0a4a,ES12,ES12C7,49,11/17/2014,5:00 PM,10:00 AM,951.5,5,5,0,0,5,true,"[0,1,2,3,4]",0,2014-11-17T11:53:10.280500,BLOCKED,saved_finish_absent_start_plus_max_time_only_inferred,passed
18109558c6df7cafcba50a71b774367c887b331a09cf8b99ddcef2ddeb3e0a4a,ES12,ES12C7,50,11/17/2014,12:30 PM,2:00 PM,953,5,5,0,0,5,true,"[0,1,2,3,4]",0,2014-11-17T15:34:44.293500,BLOCKED,saved_finish_absent_start_plus_max_time_only_inferred,passed
18109558c6df7cafcba50a71b774367c887b331a09cf8b99ddcef2ddeb3e0a4a,ES12,ES12C7,51,11/18/2014,4:15 PM,9:15 AM,970,4,4,0,0,4,true,"[0,1,2,3]",0,2014-11-18T10:49:18.281500,BLOCKED,saved_finish_absent_start_plus_max_time_only_inferred,passed
18109558c6df7cafcba50a71b774367c887b331a09cf8b99ddcef2ddeb3e0a4a,ES12,ES12C7,52,11/18/2014,11:15 AM,1:15 PM,972,5,5,0,0,5,true,"[0,1,2,3,4]",0,2014-11-18T15:18:05.982500,BLOCKED,saved_finish_absent_start_plus_max_time_only_inferred,passed
18109558c6df7cafcba50a71b774367c887b331a09cf8b99ddcef2ddeb3e0a4a,ES12,ES12C7,53,11/19/2014,3:45 PM,10:15 AM,990.5,5,5,0,0,5,true,"[0,1,2,3,4]",0,2014-11-19T13:20:18.148500,BLOCKED,saved_finish_absent_start_plus_max_time_only_inferred,passed
18109558c6df7cafcba50a71b774367c887b331a09cf8b99ddcef2ddeb3e0a4a,ES12,ES12C7,54,11/20/2014,2:00 PM,9:30 AM,1010,5,5,0,0,5,true,"[0,1,2,3,4]",0,2014-11-20T14:13:56.148500,BLOCKED,saved_finish_absent_start_plus_max_time_only_inferred,passed
18109558c6df7cafcba50a71b774367c887b331a09cf8b99ddcef2ddeb3e0a4a,ES12,ES12C7,55,11/21/2014,3:00 PM,10:00 AM,1029,5,5,0,0,5,true,"[0,1,2,3,4]",0,2014-11-21T12:49:40.149600,BLOCKED,saved_finish_absent_start_plus_max_time_only_inferred,passed
18109558c6df7cafcba50a71b774367c887b331a09cf8b99ddcef2ddeb3e0a4a,ES12,ES12C7,56,11/24/2014,2:00 PM,9:30 AM,1096.5,5,5,0,0,5,true,"[0,1,2,3,4]",0,2014-11-24T11:03:45.150600,BLOCKED,saved_finish_absent_start_plus_max_time_only_inferred,passed
18109558c6df7cafcba50a71b774367c887b331a09cf8b99ddcef2ddeb3e0a4a,ES12,ES12C7,57,11/25/2014,11:30 AM,3:00 PM,1124,5,5,0,0,5,true,"[0,1,2,3,4]",0,2014-11-25T18:51:18.016600,BLOCKED,saved_finish_absent_start_plus_max_time_only_inferred,passed
18109558c6df7cafcba50a71b774367c887b331a09cf8b99ddcef2ddeb3e0a4a,ES12,ES12C7,58,11/26/2014,7:15 PM,10:45 AM,1140.5,5,5,0,0,5,true,"[0,1,2,3,4]",0,2014-11-26T12:24:32.979500,BLOCKED,saved_finish_absent_start_plus_max_time_only_inferred,passed
18109558c6df7cafcba50a71b774367c887b331a09cf8b99ddcef2ddeb3e0a4a,ES12,ES12C7,59,12/1/2014,2:15 PM,10:45 AM,1257,5,5,0,0,5,true,"[0,1,2,3,4]",0,2014-12-01T12:39:09.804500,BLOCKED,saved_finish_absent_start_plus_max_time_only_inferred,passed
18109558c6df7cafcba50a71b774367c887b331a09cf8b99ddcef2ddeb3e0a4a,ES12,ES12C7,60,12/1/2014,1:20 PM,2:20 PM,1258,5,5,0,0,5,true,"[0,1,2,3,4]",0,2014-12-01T16:04:48.981600,BLOCKED,saved_finish_absent_start_plus_max_time_only_inferred,passed
18109558c6df7cafcba50a71b774367c887b331a09cf8b99ddcef2ddeb3e0a4a,ES12,ES12C7,61,12/3/2014,5:30 PM,10:30 AM,1299,5,5,0,0,5,true,"[0,1,2,3,4]",0,2014-12-03T12:14:50.149600,BLOCKED,saved_finish_absent_start_plus_max_time_only_inferred,passed
18109558c6df7cafcba50a71b774367c887b331a09cf8b99ddcef2ddeb3e0a4a,ES12,ES12C7,62,12/3/2014,1:15 PM,2:45 PM,1300.5,5,5,0,0,5,true,"[0,1,2,3,4]",0,2014-12-03T16:08:20.718500,BLOCKED,saved_finish_absent_start_plus_max_time_only_inferred,passed
18109558c6df7cafcba50a71b774367c887b331a09cf8b99ddcef2ddeb3e0a4a,ES12,ES12C7,63,12/4/2014,4:30 PM,9:30 AM,1317.5,5,5,0,0,5,true,"[0,1,2,3,4]",0,2014-12-04T11:22:16.018600,BLOCKED,saved_finish_absent_start_plus_max_time_only_inferred,passed
18109558c6df7cafcba50a71b774367c887b331a09cf8b99ddcef2ddeb3e0a4a,ES12,ES12C7,64,12/5/2014,11:45 AM,10:15 AM,1341,5,5,0,0,5,true,"[0,1,2,3,4]",0,2014-12-05T11:40:08.752600,BLOCKED,saved_finish_absent_start_plus_max_time_only_inferred,passed
18109558c6df7cafcba50a71b774367c887b331a09cf8b99ddcef2ddeb3e0a4a,ES12,ES12C7,65,12/8/2014,2:25 PM,9:25 AM,1408,5,5,0,0,5,true,"[0,1,2,3,4]",0,2014-12-08T12:34:07.148600,BLOCKED,saved_finish_absent_start_plus_max_time_only_inferred,passed
18109558c6df7cafcba50a71b774367c887b331a09cf8b99ddcef2ddeb3e0a4a,ES12,ES12C7,66,12/10/2014,1:15 PM,1:45 PM,1456.5,5,5,0,0,5,true,"[0,1,2,3,4]",0,2014-12-10T15:31:31.978500,BLOCKED,saved_finish_absent_start_plus_max_time_only_inferred,passed
18109558c6df7cafcba50a71b774367c887b331a09cf8b99ddcef2ddeb3e0a4a,ES12,ES12C7,67,12/16/2014,4:05 PM,9:35 AM,1594,5,5,0,0,5,true,"[0,1,2,3,4]",0,2014-12-16T11:28:46.982500,BLOCKED,saved_finish_absent_start_plus_max_time_only_inferred,passed
18109558c6df7cafcba50a71b774367c887b331a09cf8b99ddcef2ddeb3e0a4a,ES12,ES12C7,68,2/17/2015,3:00 PM,4:30 PM,3063,5,5,0,0,5,true,"[0,1,2,3,4]",0,2015-02-17T15:59:38.385600,BLOCKED,saved_finish_absent_start_plus_max_time_only_inferred,passed
18109558c6df7cafcba50a71b774367c887b331a09cf8b99ddcef2ddeb3e0a4a,ES12,ES12C7,69,04/20/2015,3:30 PM,6:30 PM,4551,10,5,0,5,5,true,"[1,3,5,7,9]",0,2015-04-20T17:30:50.674500,BLOCKED,saved_finish_absent_start_plus_max_time_only_inferred,passed
18109558c6df7cafcba50a71b774367c887b331a09cf8b99ddcef2ddeb3e0a4a,ES12,ES12C7,70,04/28/2015,11:30 AM,2:00 PM,4748,10,5,0,5,5,true,"[1,3,5,7,9]",0,2015-04-28T13:25:22.258500,BLOCKED,saved_finish_absent_start_plus_max_time_only_inferred,passed
18109558c6df7cafcba50a71b774367c887b331a09cf8b99ddcef2ddeb3e0a4a,ES12,ES12C7,71,05/04/2015,1:30 PM,4:30 PM,4891.5,10,5,0,5,5,true,"[1,3,5,7,9]",0,2015-05-04T15:25:13.342600,BLOCKED,saved_finish_absent_start_plus_max_time_only_inferred,passed
18109558c6df7cafcba50a71b774367c887b331a09cf8b99ddcef2ddeb3e0a4a,ES12,ES12C7,72,05/13/2015,2:00 PM,2:00 PM,5105.5,10,5,0,5,5,true,"[1,3,5,7,9]",0,2015-05-13T15:34:42.258500,BLOCKED,saved_finish_absent_start_plus_max_time_only_inferred,passed
18109558c6df7cafcba50a71b774367c887b331a09cf8b99ddcef2ddeb3e0a4a,ES12,ES12C8,0,9/29/2014,,,0,5,5,0,0,5,true,"[0,1,2,3,4]",0,2014-09-29T13:08:02.982500,BLOCKED,saved_finish_absent_start_plus_max_time_only_inferred,passed
18109558c6df7cafcba50a71b774367c887b331a09cf8b99ddcef2ddeb3e0a4a,ES12,ES12C8,1,9/30/2014,,,0,5,5,0,0,5,true,"[0,1,2,3,4]",0,2014-09-30T11:20:34.322600,BLOCKED,saved_finish_absent_start_plus_max_time_only_inferred,passed
18109558c6df7cafcba50a71b774367c887b331a09cf8b99ddcef2ddeb3e0a4a,ES12,ES12C8,2,10/1/2014,10:00 AM,12:00 PM,2,5,5,0,0,5,true,"[0,1,2,3,4]",0,2014-10-01T15:59:57.597500,BLOCKED,saved_finish_absent_start_plus_max_time_only_inferred,passed
18109558c6df7cafcba50a71b774367c887b331a09cf8b99ddcef2ddeb3e0a4a,ES12,ES12C8,3,10/2/2014,4:00 PM,1:00 PM,23,5,5,0,0,5,true,"[0,1,2,3,4]",0,2014-10-02T15:25:08.807500,BLOCKED,saved_finish_absent_start_plus_max_time_only_inferred,passed
18109558c6df7cafcba50a71b774367c887b331a09cf8b99ddcef2ddeb3e0a4a,ES12,ES12C8,4,10/3/2014,4:00 PM,7:20 AM,38.3333,5,5,0,0,5,true,"[0,1,2,3,4]",0,2014-10-03T09:49:10.790500,BLOCKED,saved_finish_absent_start_plus_max_time_only_inferred,passed
18109558c6df7cafcba50a71b774367c887b331a09cf8b99ddcef2ddeb3e0a4a,ES12,ES12C8,5,10/3/2014,10:20 AM,12:00 PM,40,5,5,0,0,5,true,"[0,1,2,3,4]",0,2014-10-03T14:02:28.803600,BLOCKED,saved_finish_absent_start_plus_max_time_only_inferred,passed
18109558c6df7cafcba50a71b774367c887b331a09cf8b99ddcef2ddeb3e0a4a,ES12,ES12C8,6,10/6/2014,2:25 PM,7:25 AM,105,5,5,0,0,5,true,"[0,1,2,3,4]",0,2014-10-06T09:17:43.654500,BLOCKED,saved_finish_absent_start_plus_max_time_only_inferred,passed
18109558c6df7cafcba50a71b774367c887b331a09cf8b99ddcef2ddeb3e0a4a,ES12,ES12C8,7,10/6/2014,9:40 AM,12:40 PM,108,5,5,0,0,5,true,"[0,1,2,3,4]",0,2014-10-06T14:29:28.952600,BLOCKED,saved_finish_absent_start_plus_max_time_only_inferred,passed
18109558c6df7cafcba50a71b774367c887b331a09cf8b99ddcef2ddeb3e0a4a,ES12,ES12C8,8,10/7/2014,2:55 PM,7:55 AM,125,5,5,0,0,5,true,"[0,1,2,3,4]",0,2014-10-07T09:19:06.955600,BLOCKED,saved_finish_absent_start_plus_max_time_only_inferred,passed
18109558c6df7cafcba50a71b774367c887b331a09cf8b99ddcef2ddeb3e0a4a,ES12,ES12C8,9,10/7/2014,9:45 AM,12:45 PM,128,5,5,0,0,5,true,"[0,1,2,3,4]",0,2014-10-07T14:25:21.803500,BLOCKED,saved_finish_absent_start_plus_max_time_only_inferred,passed
18109558c6df7cafcba50a71b774367c887b331a09cf8b99ddcef2ddeb3e0a4a,ES12,ES12C8,10,10/8/2014,3:00 PM,9:00 AM,146,5,5,0,0,5,true,"[0,1,2,3,4]",0,2014-10-08T10:55:59.729500,BLOCKED,saved_finish_absent_start_plus_max_time_only_inferred,passed
18109558c6df7cafcba50a71b774367c887b331a09cf8b99ddcef2ddeb3e0a4a,ES12,ES12C8,11,10/9/2014,11:30 AM,7:30 AM,166,5,5,0,0,5,true,"[0,1,2,3,4]",0,2014-10-09T09:17:32.530500,BLOCKED,saved_finish_absent_start_plus_max_time_only_inferred,passed
18109558c6df7cafcba50a71b774367c887b331a09cf8b99ddcef2ddeb3e0a4a,ES12,ES12C8,12,10/10/2014,9:40 AM,7:40 AM,188,5,5,0,0,5,true,"[0,1,2,3,4]",0,2014-10-10T09:52:22.528500,BLOCKED,saved_finish_absent_start_plus_max_time_only_inferred,passed
18109558c6df7cafcba50a71b774367c887b331a09cf8b99ddcef2ddeb3e0a4a,ES12,ES12C8,13,10/10/2014,10:15 AM,2:15 PM,192,5,5,0,0,5,true,"[0,1,2,3,4]",0,2014-10-10T16:02:38.341600,BLOCKED,saved_finish_absent_start_plus_max_time_only_inferred,passed
18109558c6df7cafcba50a71b774367c887b331a09cf8b99ddcef2ddeb3e0a4a,ES12,ES12C8,14,10/13/2014,4:25 PM,11:25 AM,259,5,5,0,0,5,true,"[0,1,2,3,4]",0,2014-10-13T12:57:50.191600,BLOCKED,saved_finish_absent_start_plus_max_time_only_inferred,passed
18109558c6df7cafcba50a71b774367c887b331a09cf8b99ddcef2ddeb3e0a4a,ES12,ES12C8,15,10/14/2014,1:45 PM,7:45 AM,277,5,5,0,0,5,true,"[0,1,2,3,4]",0,2014-10-14T10:05:57.275500,BLOCKED,saved_finish_absent_start_plus_max_time_only_inferred,passed
18109558c6df7cafcba50a71b774367c887b331a09cf8b99ddcef2ddeb3e0a4a,ES12,ES12C8,16,10/14/2014,10:30 AM,12:30 PM,279,7,7,0,0,7,true,"[0,1,2,3,4,5,6]",0,2014-10-14T14:18:26.255600,BLOCKED,saved_finish_absent_start_plus_max_time_only_inferred,passed
18109558c6df7cafcba50a71b774367c887b331a09cf8b99ddcef2ddeb3e0a4a,ES12,ES12C8,17,10/15/2014,2:50 PM,8:30 AM,296.66,5,5,0,0,5,true,"[0,1,2,3,4]",0,2014-10-15T10:17:19.664600,BLOCKED,saved_finish_absent_start_plus_max_time_only_inferred,passed
18109558c6df7cafcba50a71b774367c887b331a09cf8b99ddcef2ddeb3e0a4a,ES12,ES12C8,18,10/16/2014,10:40 AM,7:00 AM,317,5,5,0,0,5,true,"[0,1,2,3,4]",0,2014-10-16T08:55:51.663600,BLOCKED,saved_finish_absent_start_plus_max_time_only_inferred,passed
18109558c6df7cafcba50a71b774367c887b331a09cf8b99ddcef2ddeb3e0a4a,ES12,ES12C8,19,10/17/2014,10:00 AM,9:00 AM,352,5,5,0,0,5,true,"[0,1,2,3,4]",0,2014-10-17T10:32:09.790600,BLOCKED,saved_finish_absent_start_plus_max_time_only_inferred,passed
18109558c6df7cafcba50a71b774367c887b331a09cf8b99ddcef2ddeb3e0a4a,ES12,ES12C8,20,10/17/2014,11:30 AM,2:30 PM,355,5,5,0,0,5,true,"[0,1,2,3,4]",0,2014-10-17T16:28:14.662600,BLOCKED,saved_finish_absent_start_plus_max_time_only_inferred,passed
18109558c6df7cafcba50a71b774367c887b331a09cf8b99ddcef2ddeb3e0a4a,ES12,ES12C8,21,10/20/2014,4:30 PM,9:00 AM,419.5,5,5,0,0,5,true,"[0,1,2,3,4]",0,2014-10-20T10:29:23.658600,BLOCKED,saved_finish_absent_start_plus_max_time_only_inferred,passed
18109558c6df7cafcba50a71b774367c887b331a09cf8b99ddcef2ddeb3e0a4a,ES12,ES12C8,22,10/20/2014,11:15 AM,1:45 PM,422,5,5,0,0,5,true,"[0,1,2,3,4]",0,2014-10-20T15:30:30.531600,BLOCKED,saved_finish_absent_start_plus_max_time_only_inferred,passed
18109558c6df7cafcba50a71b774367c887b331a09cf8b99ddcef2ddeb3e0a4a,ES12,ES12C8,23,10/21/2014,4:00 PM,7:00 AM,437,5,5,0,0,5,true,"[0,1,2,3,4]",0,2014-10-21T09:16:22.526600,BLOCKED,saved_finish_absent_start_plus_max_time_only_inferred,passed
18109558c6df7cafcba50a71b774367c887b331a09cf8b99ddcef2ddeb3e0a4a,ES12,ES12C8,24,10/21/2014,10:00 AM,3:00 PM,442,5,5,0,0,5,true,"[0,1,2,3,4]",0,2014-10-21T16:42:59.805500,BLOCKED,saved_finish_absent_start_plus_max_time_only_inferred,passed
18109558c6df7cafcba50a71b774367c887b331a09cf8b99ddcef2ddeb3e0a4a,ES12,ES12C8,25,10/22/2014,5:15 PM,7:15 AM,456,5,5,0,0,5,true,"[0,1,2,3,4]",0,2014-10-22T08:52:34.802600,BLOCKED,saved_finish_absent_start_plus_max_time_only_inferred,passed
18109558c6df7cafcba50a71b774367c887b331a09cf8b99ddcef2ddeb3e0a4a,ES12,ES12C8,26,10/23/2014,4:40 PM,9:10 AM,472.5,5,5,0,0,5,true,"[0,1,2,3,4]",0,2014-10-23T10:53:49.443600,BLOCKED,saved_finish_absent_start_plus_max_time_only_inferred,passed
18109558c6df7cafcba50a71b774367c887b331a09cf8b99ddcef2ddeb3e0a4a,ES12,ES12C8,27,10/24/2014,11:45 AM,9:15 AM,494,5,5,0,0,5,true,"[0,1,2,3,4]",0,2014-10-24T10:57:06.275600,BLOCKED,saved_finish_absent_start_plus_max_time_only_inferred,passed
18109558c6df7cafcba50a71b774367c887b331a09cf8b99ddcef2ddeb3e0a4a,ES12,ES12C8,28,10/24/2014,12:10 PM,2:10 PM,496,5,5,0,0,5,true,"[0,1,2,3,4]",0,2014-10-24T15:52:04.312600,BLOCKED,saved_finish_absent_start_plus_max_time_only_inferred,passed
18109558c6df7cafcba50a71b774367c887b331a09cf8b99ddcef2ddeb3e0a4a,ES12,ES12C8,29,10/27/2014,4:30 PM,8:30 AM,560,5,5,0,0,5,true,"[0,1,2,3,4]",0,2014-10-27T10:14:13.446500,BLOCKED,saved_finish_absent_start_plus_max_time_only_inferred,passed
18109558c6df7cafcba50a71b774367c887b331a09cf8b99ddcef2ddeb3e0a4a,ES12,ES12C8,30,10/27/2014,11:35 AM,1:35 PM,562,5,5,0,0,5,true,"[0,1,2,3,4]",0,2014-10-27T15:10:02.245500,BLOCKED,saved_finish_absent_start_plus_max_time_only_inferred,passed
18109558c6df7cafcba50a71b774367c887b331a09cf8b99ddcef2ddeb3e0a4a,ES12,ES12C8,31,10/28/2014,3:45 PM,8:15 AM,578.5,5,5,0,0,5,true,"[0,1,2,3,4]",0,2014-10-28T11:25:32.332600,BLOCKED,saved_finish_absent_start_plus_max_time_only_inferred,passed
18109558c6df7cafcba50a71b774367c887b331a09cf8b99ddcef2ddeb3e0a4a,ES12,ES12C8,32,10/29/2014,12:15 PM,7:15 AM,597.5,5,5,0,0,5,true,"[0,1,2,3,4]",0,2014-10-29T08:56:39.489500,BLOCKED,saved_finish_absent_start_plus_max_time_only_inferred,passed
18109558c6df7cafcba50a71b774367c887b331a09cf8b99ddcef2ddeb3e0a4a,ES12,ES12C8,33,10/29/2014,9:20 AM,1:50 PM,602,5,5,0,0,5,true,"[0,1,2,3,4]",0,2014-10-29T15:51:39.172500,BLOCKED,saved_finish_absent_start_plus_max_time_only_inferred,passed
18109558c6df7cafcba50a71b774367c887b331a09cf8b99ddcef2ddeb3e0a4a,ES12,ES12C8,34,10/30/2014,4:15 PM,9:15 AM,619,5,5,0,0,5,true,"[0,1,2,3,4]",0,2014-10-30T11:05:44.447600,BLOCKED,saved_finish_absent_start_plus_max_time_only_inferred,passed
18109558c6df7cafcba50a71b774367c887b331a09cf8b99ddcef2ddeb3e0a4a,ES12,ES12C8,35,10/30/2014,11:25 AM,3:25 PM,623,5,5,0,0,5,true,"[0,1,2,3,4]",0,2014-10-30T17:42:43.229500,BLOCKED,saved_finish_absent_start_plus_max_time_only_inferred,passed
18109558c6df7cafcba50a71b774367c887b331a09cf8b99ddcef2ddeb3e0a4a,ES12,ES12C8,36,10/31/2014,6:05 PM,9:15 AM,650.25,5,5,0,0,5,true,"[0,1,2,3,4]",0,2014-10-31T11:04:54.634600,BLOCKED,saved_finish_absent_start_plus_max_time_only_inferred,passed
18109558c6df7cafcba50a71b774367c887b331a09cf8b99ddcef2ddeb3e0a4a,ES12,ES12C8,37,11/3/2014,11:45 AM,8:30 AM,719,5,5,0,0,5,true,"[0,1,2,3,4]",0,2014-11-03T10:06:03.309600,BLOCKED,saved_finish_absent_start_plus_max_time_only_inferred,passed
18109558c6df7cafcba50a71b774367c887b331a09cf8b99ddcef2ddeb3e0a4a,ES12,ES12C8,38,11/4/2014,10:30 AM,8:00 AM,740.5,5,5,0,0,5,true,"[0,1,2,3,4]",0,2014-11-04T09:45:41.195500,BLOCKED,saved_finish_absent_start_plus_max_time_only_inferred,passed
18109558c6df7cafcba50a71b774367c887b331a09cf8b99ddcef2ddeb3e0a4a,ES12,ES12C8,39,11/5/2014,2:30 PM,9:00 AM,759,5,5,0,0,5,true,"[0,1,2,3,4]",0,2014-11-05T14:40:15.192600,BLOCKED,saved_finish_absent_start_plus_max_time_only_inferred,passed
18109558c6df7cafcba50a71b774367c887b331a09cf8b99ddcef2ddeb3e0a4a,ES12,ES12C8,40,11/6/2014,3:45 PM,8:15 AM,775.5,5,5,0,0,5,true,"[0,1,2,3,4]",0,2014-11-06T10:10:28.059500,BLOCKED,saved_finish_absent_start_plus_max_time_only_inferred,passed
18109558c6df7cafcba50a71b774367c887b331a09cf8b99ddcef2ddeb3e0a4a,ES12,ES12C8,41,11/6/2014,10:40 AM,2:20 PM,779,5,5,0,0,5,true,"[0,1,2,3,4]",0,2014-11-06T16:24:47.051600,BLOCKED,saved_finish_absent_start_plus_max_time_only_inferred,passed
18109558c6df7cafcba50a71b774367c887b331a09cf8b99ddcef2ddeb3e0a4a,ES12,ES12C8,42,11/7/2014,5:00 PM,1:00 PM,799,5,5,0,0,5,true,"[0,1,2,3,4]",0,2014-11-07T15:29:08.063600,BLOCKED,saved_finish_absent_start_plus_max_time_only_inferred,passed
18109558c6df7cafcba50a71b774367c887b331a09cf8b99ddcef2ddeb3e0a4a,ES12,ES12C8,43,11/10/2014,10:00 AM,1:00 PM,802,5,5,0,0,5,true,"[0,1,2,3,4]",0,2014-11-10T15:11:05.277500,BLOCKED,saved_finish_absent_start_plus_max_time_only_inferred,passed
18109558c6df7cafcba50a71b774367c887b331a09cf8b99ddcef2ddeb3e0a4a,ES12,ES12C8,44,11/12/2014,3:30 PM,9:00 AM,843.5,5,5,0,0,5,true,"[0,1,2,3,4]",0,2014-11-12T11:22:57.281500,BLOCKED,saved_finish_absent_start_plus_max_time_only_inferred,passed
18109558c6df7cafcba50a71b774367c887b331a09cf8b99ddcef2ddeb3e0a4a,ES12,ES12C8,45,11/12/2014,12:00 PM,4:30 PM,848,5,5,0,0,5,true,"[0,1,2,3,4]",0,2014-11-12T18:33:46.113600,BLOCKED,saved_finish_absent_start_plus_max_time_only_inferred,passed
18109558c6df7cafcba50a71b774367c887b331a09cf8b99ddcef2ddeb3e0a4a,ES12,ES12C8,46,11/13/2014,7:00 PM,8:00 AM,861,5,5,0,0,5,true,"[0,1,2,3,4]",0,2014-11-13T09:39:14.977500,BLOCKED,saved_finish_absent_start_plus_max_time_only_inferred,passed
18109558c6df7cafcba50a71b774367c887b331a09cf8b99ddcef2ddeb3e0a4a,ES12,ES12C8,47,11/13/2014,10:00 AM,2:00 PM,865,5,5,0,0,5,true,"[0,1,2,3,4]",0,2014-11-13T16:12:41.058500,BLOCKED,saved_finish_absent_start_plus_max_time_only_inferred,passed
18109558c6df7cafcba50a71b774367c887b331a09cf8b99ddcef2ddeb3e0a4a,ES12,ES12C8,48,11/14/2014,4:45 PM,2:15 PM,886.5,4,4,0,0,4,true,"[0,1,2,3]",0,2014-11-14T16:32:34.094600,BLOCKED,saved_finish_absent_start_plus_max_time_only_inferred,passed
18109558c6df7cafcba50a71b774367c887b331a09cf8b99ddcef2ddeb3e0a4a,ES12,ES12C8,49,11/17/2014,5:00 PM,10:00 AM,951.5,5,5,0,0,5,true,"[0,1,2,3,4]",0,2014-11-17T11:56:51.113600,BLOCKED,saved_finish_absent_start_plus_max_time_only_inferred,passed
18109558c6df7cafcba50a71b774367c887b331a09cf8b99ddcef2ddeb3e0a4a,ES12,ES12C8,50,11/17/2014,12:30 PM,2:00 PM,953,5,5,0,0,5,false,"[0,2,1,3,4]",0,2014-11-17T15:41:39.148600,BLOCKED,saved_finish_absent_start_plus_max_time_only_inferred,passed
18109558c6df7cafcba50a71b774367c887b331a09cf8b99ddcef2ddeb3e0a4a,ES12,ES12C8,51,11/18/2014,4:15 PM,9:15 AM,970,5,5,0,0,5,true,"[0,1,2,3,4]",0,2014-11-18T10:52:54.276500,BLOCKED,saved_finish_absent_start_plus_max_time_only_inferred,passed
18109558c6df7cafcba50a71b774367c887b331a09cf8b99ddcef2ddeb3e0a4a,ES12,ES12C8,52,11/18/2014,11:15 AM,1:15 PM,972,5,5,0,0,5,true,"[0,1,2,3,4]",0,2014-11-18T15:22:51.150600,BLOCKED,saved_finish_absent_start_plus_max_time_only_inferred,passed
18109558c6df7cafcba50a71b774367c887b331a09cf8b99ddcef2ddeb3e0a4a,ES12,ES12C8,53,11/19/2014,3:45 PM,10:15 AM,990.5,5,5,0,0,5,true,"[0,1,2,3,4]",0,2014-11-19T13:25:42.115500,BLOCKED,saved_finish_absent_start_plus_max_time_only_inferred,passed
18109558c6df7cafcba50a71b774367c887b331a09cf8b99ddcef2ddeb3e0a4a,ES12,ES12C8,54,11/20/2014,2:00 PM,9:30 AM,1010,5,5,0,0,5,true,"[0,1,2,3,4]",0,2014-11-20T14:18:30.145500,BLOCKED,saved_finish_absent_start_plus_max_time_only_inferred,passed
18109558c6df7cafcba50a71b774367c887b331a09cf8b99ddcef2ddeb3e0a4a,ES12,ES12C8,55,11/21/2014,3:00 PM,10:00 AM,1029,5,5,0,0,5,true,"[0,1,2,3,4]",0,2014-11-21T12:54:21.718500,BLOCKED,saved_finish_absent_start_plus_max_time_only_inferred,passed
18109558c6df7cafcba50a71b774367c887b331a09cf8b99ddcef2ddeb3e0a4a,ES12,ES12C8,56,11/24/2014,2:00 PM,9:30 AM,1096.5,5,5,0,0,5,true,"[0,1,2,3,4]",0,2014-11-24T11:08:00.962500,BLOCKED,saved_finish_absent_start_plus_max_time_only_inferred,passed
18109558c6df7cafcba50a71b774367c887b331a09cf8b99ddcef2ddeb3e0a4a,ES12,ES12C8,57,11/25/2014,11:30 AM,3:00 PM,1124,5,5,0,0,5,true,"[0,1,2,3,4]",0,2014-11-25T18:55:11.756500,BLOCKED,saved_finish_absent_start_plus_max_time_only_inferred,passed
18109558c6df7cafcba50a71b774367c887b331a09cf8b99ddcef2ddeb3e0a4a,ES12,ES12C8,58,11/26/2014,7:15 PM,10:45 AM,1140.5,5,5,0,0,5,true,"[0,1,2,3,4]",0,2014-11-26T12:28:11.717600,BLOCKED,saved_finish_absent_start_plus_max_time_only_inferred,passed
18109558c6df7cafcba50a71b774367c887b331a09cf8b99ddcef2ddeb3e0a4a,ES12,ES12C8,59,12/1/2014,2:15 PM,10:45 AM,1257,5,5,0,0,5,true,"[0,1,2,3,4]",0,2014-12-01T12:42:51.720600,BLOCKED,saved_finish_absent_start_plus_max_time_only_inferred,passed
18109558c6df7cafcba50a71b774367c887b331a09cf8b99ddcef2ddeb3e0a4a,ES12,ES12C8,60,12/1/2014,1:20 PM,2:20 PM,1258,5,5,0,0,5,true,"[0,1,2,3,4]",0,2014-12-01T16:08:38.015500,BLOCKED,saved_finish_absent_start_plus_max_time_only_inferred,passed
18109558c6df7cafcba50a71b774367c887b331a09cf8b99ddcef2ddeb3e0a4a,ES12,ES12C8,61,12/3/2014,5:30 PM,10:30 AM,1299,5,5,0,0,5,true,"[0,1,2,3,4]",0,2014-12-03T12:18:22.750500,BLOCKED,saved_finish_absent_start_plus_max_time_only_inferred,passed
18109558c6df7cafcba50a71b774367c887b331a09cf8b99ddcef2ddeb3e0a4a,ES12,ES12C8,62,12/3/2014,1:15 PM,2:45 PM,1300.5,5,5,0,0,5,true,"[0,1,2,3,4]",0,2014-12-03T16:11:33.751600,BLOCKED,saved_finish_absent_start_plus_max_time_only_inferred,passed
18109558c6df7cafcba50a71b774367c887b331a09cf8b99ddcef2ddeb3e0a4a,ES12,ES12C8,63,12/4/2014,4:30 PM,9:30 AM,1317.5,5,5,0,0,5,true,"[0,1,2,3,4]",0,2014-12-04T11:26:13.717500,BLOCKED,saved_finish_absent_start_plus_max_time_only_inferred,passed
18109558c6df7cafcba50a71b774367c887b331a09cf8b99ddcef2ddeb3e0a4a,ES12,ES12C8,64,12/5/2014,11:45 AM,10:15 AM,1341,5,5,0,0,5,true,"[0,1,2,3,4]",0,2014-12-05T11:44:00.859500,BLOCKED,saved_finish_absent_start_plus_max_time_only_inferred,passed
18109558c6df7cafcba50a71b774367c887b331a09cf8b99ddcef2ddeb3e0a4a,ES12,ES12C8,65,12/8/2014,2:25 PM,9:25 AM,1408,5,5,0,0,5,true,"[0,1,2,3,4]",0,2014-12-08T12:38:22.114500,BLOCKED,saved_finish_absent_start_plus_max_time_only_inferred,passed
18109558c6df7cafcba50a71b774367c887b331a09cf8b99ddcef2ddeb3e0a4a,ES12,ES12C8,66,12/10/2014,1:15 PM,1:45 PM,1456.5,5,5,0,0,5,true,"[0,1,2,3,4]",0,2014-12-10T15:36:34.118600,BLOCKED,saved_finish_absent_start_plus_max_time_only_inferred,passed
18109558c6df7cafcba50a71b774367c887b331a09cf8b99ddcef2ddeb3e0a4a,ES12,ES12C8,67,12/16/2014,4:05 PM,9:35 AM,1594,5,5,0,0,5,true,"[0,1,2,3,4]",0,2014-12-16T11:32:30.583500,BLOCKED,saved_finish_absent_start_plus_max_time_only_inferred,passed
18109558c6df7cafcba50a71b774367c887b331a09cf8b99ddcef2ddeb3e0a4a,ES12,ES12C8,68,2/17/2015,3:00 PM,4:30 PM,3063,5,5,0,0,5,true,"[0,1,2,3,4]",0,2015-02-17T16:03:20.254500,BLOCKED,saved_finish_absent_start_plus_max_time_only_inferred,passed
18109558c6df7cafcba50a71b774367c887b331a09cf8b99ddcef2ddeb3e0a4a,ES12,ES12C8,69,04/20/2015,3:30 PM,6:30 PM,4551,10,5,0,5,5,false,"[1,3,7,5,9]",0,2015-04-20T17:39:50.343600,BLOCKED,saved_finish_absent_start_plus_max_time_only_inferred,passed
18109558c6df7cafcba50a71b774367c887b331a09cf8b99ddcef2ddeb3e0a4a,ES12,ES12C8,70,04/28/2015,11:30 AM,2:00 PM,4748,10,5,0,5,5,true,"[1,3,5,7,9]",0,2015-04-28T13:28:38.344600,BLOCKED,saved_finish_absent_start_plus_max_time_only_inferred,passed
18109558c6df7cafcba50a71b774367c887b331a09cf8b99ddcef2ddeb3e0a4a,ES12,ES12C8,71,05/04/2015,1:30 PM,4:30 PM,4891.5,10,5,0,5,5,true,"[1,3,5,7,9]",0,2015-05-04T15:35:35.936500,BLOCKED,saved_finish_absent_start_plus_max_time_only_inferred,passed
18109558c6df7cafcba50a71b774367c887b331a09cf8b99ddcef2ddeb3e0a4a,ES12,ES12C8,72,05/13/2015,2:00 PM,2:00 PM,5105.5,10,5,0,5,5,true,"[1,3,5,7,9]",0,2015-05-13T15:39:39.936600,BLOCKED,saved_finish_absent_start_plus_max_time_only_inferred,passed
2d926d4eb7e01e16a8711b98517a69eb98a53b811df5c65db36da584f9f40a90,ES14,ES14C1,0,9/29/2014,,,0,5,5,0,0,5,true,"[0,1,2,3,4]",0,2014-09-29T13:57:23.134500,BLOCKED,saved_finish_absent_start_plus_max_time_only_inferred,passed
2d926d4eb7e01e16a8711b98517a69eb98a53b811df5c65db36da584f9f40a90,ES14,ES14C1,1,9/30/2014,,,0,13,13,0,0,13,false,"[4,5,6,7,8,9,10,11,12,0,1,2,3]",0,2014-09-30T13:18:12.137600,BLOCKED,saved_finish_absent_start_plus_max_time_only_inferred,passed
2d926d4eb7e01e16a8711b98517a69eb98a53b811df5c65db36da584f9f40a90,ES14,ES14C1,2,10/1/2014,10:00 AM,12:00 PM,2,5,5,0,0,5,true,"[0,1,2,3,4]",0,2014-10-01T14:07:01.270500,BLOCKED,saved_finish_absent_start_plus_max_time_only_inferred,passed
2d926d4eb7e01e16a8711b98517a69eb98a53b811df5c65db36da584f9f40a90,ES14,ES14C1,3,10/2/2014,4:00 PM,1:00 PM,23,5,5,0,0,5,true,"[0,1,2,3,4]",0,2014-10-02T15:29:57.387600,BLOCKED,saved_finish_absent_start_plus_max_time_only_inferred,passed
2d926d4eb7e01e16a8711b98517a69eb98a53b811df5c65db36da584f9f40a90,ES14,ES14C1,4,10/3/2014,4:00 PM,7:20 AM,38.3333,5,5,0,0,5,true,"[0,1,2,3,4]",0,2014-10-03T09:54:37.536500,BLOCKED,saved_finish_absent_start_plus_max_time_only_inferred,passed
2d926d4eb7e01e16a8711b98517a69eb98a53b811df5c65db36da584f9f40a90,ES14,ES14C1,5,10/3/2014,10:20 AM,12:00 PM,40,5,5,0,0,5,true,"[0,1,2,3,4]",0,2014-10-03T14:06:28.444500,BLOCKED,saved_finish_absent_start_plus_max_time_only_inferred,passed
2d926d4eb7e01e16a8711b98517a69eb98a53b811df5c65db36da584f9f40a90,ES14,ES14C1,6,10/6/2014,2:25 PM,7:25 AM,105,5,5,0,0,5,true,"[0,1,2,3,4]",0,2014-10-06T09:21:42.595500,BLOCKED,saved_finish_absent_start_plus_max_time_only_inferred,passed
2d926d4eb7e01e16a8711b98517a69eb98a53b811df5c65db36da584f9f40a90,ES14,ES14C1,7,10/6/2014,9:40 AM,12:40 PM,108,5,5,0,0,5,true,"[0,1,2,3,4]",0,2014-10-06T14:33:19.456600,BLOCKED,saved_finish_absent_start_plus_max_time_only_inferred,passed
2d926d4eb7e01e16a8711b98517a69eb98a53b811df5c65db36da584f9f40a90,ES14,ES14C1,8,10/7/2014,2:55 PM,7:55 AM,125,5,5,0,0,5,true,"[0,1,2,3,4]",0,2014-10-07T09:22:57.492500,BLOCKED,saved_finish_absent_start_plus_max_time_only_inferred,passed
2d926d4eb7e01e16a8711b98517a69eb98a53b811df5c65db36da584f9f40a90,ES14,ES14C1,9,10/7/2014,9:45 AM,12:45 PM,128,5,5,0,0,5,true,"[0,1,2,3,4]",0,2014-10-07T14:35:14.261500,BLOCKED,saved_finish_absent_start_plus_max_time_only_inferred,passed
2d926d4eb7e01e16a8711b98517a69eb98a53b811df5c65db36da584f9f40a90,ES14,ES14C1,10,10/8/2014,3:00 PM,9:00 AM,146,5,5,0,0,5,true,"[0,1,2,3,4]",0,2014-10-08T11:00:22.059500,BLOCKED,saved_finish_absent_start_plus_max_time_only_inferred,passed
2d926d4eb7e01e16a8711b98517a69eb98a53b811df5c65db36da584f9f40a90,ES14,ES14C1,11,10/9/2014,11:30 AM,7:30 AM,166,5,5,0,0,5,true,"[0,1,2,3,4]",0,2014-10-09T09:21:40.495500,BLOCKED,saved_finish_absent_start_plus_max_time_only_inferred,passed
2d926d4eb7e01e16a8711b98517a69eb98a53b811df5c65db36da584f9f40a90,ES14,ES14C1,12,10/10/2014,9:40 AM,7:40 AM,188,5,5,0,0,5,true,"[0,1,2,3,4]",0,2014-10-10T09:56:07.323600,BLOCKED,saved_finish_absent_start_plus_max_time_only_inferred,passed
2d926d4eb7e01e16a8711b98517a69eb98a53b811df5c65db36da584f9f40a90,ES14,ES14C1,13,10/10/2014,10:15 AM,2:15 PM,192,5,5,0,0,5,true,"[0,1,2,3,4]",0,2014-10-10T16:06:39.062500,BLOCKED,saved_finish_absent_start_plus_max_time_only_inferred,passed
2d926d4eb7e01e16a8711b98517a69eb98a53b811df5c65db36da584f9f40a90,ES14,ES14C1,14,10/13/2014,4:25 PM,11:25 AM,259,5,5,0,0,5,true,"[0,1,2,3,4]",0,2014-10-13T13:07:27.057600,BLOCKED,saved_finish_absent_start_plus_max_time_only_inferred,passed
2d926d4eb7e01e16a8711b98517a69eb98a53b811df5c65db36da584f9f40a90,ES14,ES14C1,15,10/14/2014,1:45 PM,7:45 AM,277,6,6,0,0,6,true,"[0,1,2,3,4,5]",0,2014-10-14T10:12:11.059600,BLOCKED,saved_finish_absent_start_plus_max_time_only_inferred,passed
2d926d4eb7e01e16a8711b98517a69eb98a53b811df5c65db36da584f9f40a90,ES14,ES14C1,16,10/14/2014,10:30 AM,12:30 PM,279,5,5,0,0,5,true,"[0,1,2,3,4]",0,2014-10-14T14:25:30.232500,BLOCKED,saved_finish_absent_start_plus_max_time_only_inferred,passed
2d926d4eb7e01e16a8711b98517a69eb98a53b811df5c65db36da584f9f40a90,ES14,ES14C1,17,10/15/2014,2:50 PM,8:30 AM,296.66,5,5,0,0,5,true,"[0,1,2,3,4]",0,2014-10-15T10:21:25.324500,BLOCKED,saved_finish_absent_start_plus_max_time_only_inferred,passed
2d926d4eb7e01e16a8711b98517a69eb98a53b811df5c65db36da584f9f40a90,ES14,ES14C1,18,10/16/2014,10:40 AM,7:00 AM,317,5,5,0,0,5,true,"[0,1,2,3,4]",0,2014-10-16T09:00:04.806500,BLOCKED,saved_finish_absent_start_plus_max_time_only_inferred,passed
2d926d4eb7e01e16a8711b98517a69eb98a53b811df5c65db36da584f9f40a90,ES14,ES14C1,19,10/17/2014,10:00 AM,9:00 AM,352,5,5,0,0,5,true,"[0,1,2,3,4]",0,2014-10-17T10:35:55.190500,BLOCKED,saved_finish_absent_start_plus_max_time_only_inferred,passed
2d926d4eb7e01e16a8711b98517a69eb98a53b811df5c65db36da584f9f40a90,ES14,ES14C1,20,10/17/2014,11:30 AM,2:30 PM,355,5,5,0,0,5,true,"[0,1,2,3,4]",0,2014-10-17T16:32:48.466600,BLOCKED,saved_finish_absent_start_plus_max_time_only_inferred,passed
2d926d4eb7e01e16a8711b98517a69eb98a53b811df5c65db36da584f9f40a90,ES14,ES14C1,21,10/20/2014,4:30 PM,9:00 AM,419.5,5,5,0,0,5,true,"[0,1,2,3,4]",0,2014-10-20T10:32:49.171600,BLOCKED,saved_finish_absent_start_plus_max_time_only_inferred,passed
2d926d4eb7e01e16a8711b98517a69eb98a53b811df5c65db36da584f9f40a90,ES14,ES14C1,22,10/20/2014,11:15 AM,1:45 PM,422,5,5,0,0,5,true,"[0,1,2,3,4]",0,2014-10-20T15:34:07.194600,BLOCKED,saved_finish_absent_start_plus_max_time_only_inferred,passed
2d926d4eb7e01e16a8711b98517a69eb98a53b811df5c65db36da584f9f40a90,ES14,ES14C1,23,10/21/2014,4:00 PM,7:00 AM,437,5,5,0,0,5,true,"[0,1,2,3,4]",0,2014-10-21T09:25:50.457600,BLOCKED,saved_finish_absent_start_plus_max_time_only_inferred,passed
2d926d4eb7e01e16a8711b98517a69eb98a53b811df5c65db36da584f9f40a90,ES14,ES14C1,24,10/21/2014,10:00 AM,3:00 PM,442,5,5,0,0,5,true,"[0,1,2,3,4]",0,2014-10-21T16:50:40.120500,BLOCKED,saved_finish_absent_start_plus_max_time_only_inferred,passed
2d926d4eb7e01e16a8711b98517a69eb98a53b811df5c65db36da584f9f40a90,ES14,ES14C1,25,10/22/2014,5:15 PM,7:15 AM,456,5,5,0,0,5,true,"[0,1,2,3,4]",0,2014-10-22T09:12:48.576600,BLOCKED,saved_finish_absent_start_plus_max_time_only_inferred,passed
2d926d4eb7e01e16a8711b98517a69eb98a53b811df5c65db36da584f9f40a90,ES14,ES14C1,26,10/23/2014,4:40 PM,9:10 AM,472.5,5,5,0,0,5,true,"[0,1,2,3,4]",0,2014-10-23T10:57:53.060500,BLOCKED,saved_finish_absent_start_plus_max_time_only_inferred,passed
2d926d4eb7e01e16a8711b98517a69eb98a53b811df5c65db36da584f9f40a90,ES14,ES14C1,27,10/24/2014,11:45 AM,9:15 AM,494,5,5,0,0,5,true,"[0,1,2,3,4]",0,2014-10-24T11:00:54.063600,BLOCKED,saved_finish_absent_start_plus_max_time_only_inferred,passed
2d926d4eb7e01e16a8711b98517a69eb98a53b811df5c65db36da584f9f40a90,ES14,ES14C1,28,10/24/2014,12:10 PM,2:10 PM,496,5,5,0,0,5,true,"[0,1,2,3,4]",0,2014-10-24T16:08:04.170600,BLOCKED,saved_finish_absent_start_plus_max_time_only_inferred,passed
2d926d4eb7e01e16a8711b98517a69eb98a53b811df5c65db36da584f9f40a90,ES14,ES14C1,29,10/27/2014,4:30 PM,8:30 AM,560,5,5,0,0,5,true,"[0,1,2,3,4]",0,2014-10-27T10:33:10.202600,BLOCKED,saved_finish_absent_start_plus_max_time_only_inferred,passed
2d926d4eb7e01e16a8711b98517a69eb98a53b811df5c65db36da584f9f40a90,ES14,ES14C1,30,10/27/2014,11:35 AM,1:35 PM,562,5,5,0,0,5,false,"[2,3,4,0,1]",0,2014-10-27T15:29:10.485500,BLOCKED,saved_finish_absent_start_plus_max_time_only_inferred,passed
2d926d4eb7e01e16a8711b98517a69eb98a53b811df5c65db36da584f9f40a90,ES14,ES14C1,31,10/28/2014,3:45 PM,8:15 AM,578.5,5,5,0,0,5,true,"[0,1,2,3,4]",0,2014-10-28T12:00:25.053600,BLOCKED,saved_finish_absent_start_plus_max_time_only_inferred,passed
2d926d4eb7e01e16a8711b98517a69eb98a53b811df5c65db36da584f9f40a90,ES14,ES14C1,32,10/29/2014,12:15 PM,7:15 AM,597.5,5,5,0,0,5,true,"[0,1,2,3,4]",0,2014-10-29T09:00:22.196600,BLOCKED,saved_finish_absent_start_plus_max_time_only_inferred,passed
2d926d4eb7e01e16a8711b98517a69eb98a53b811df5c65db36da584f9f40a90,ES14,ES14C1,33,10/29/2014,9:20 AM,1:50 PM,602,5,5,0,0,5,true,"[0,1,2,3,4]",0,2014-10-29T15:55:18.907500,BLOCKED,saved_finish_absent_start_plus_max_time_only_inferred,passed
2d926d4eb7e01e16a8711b98517a69eb98a53b811df5c65db36da584f9f40a90,ES14,ES14C1,34,10/30/2014,4:15 PM,9:15 AM,619,5,5,0,0,5,true,"[0,1,2,3,4]",0,2014-10-30T11:09:48.229600,BLOCKED,saved_finish_absent_start_plus_max_time_only_inferred,passed
2d926d4eb7e01e16a8711b98517a69eb98a53b811df5c65db36da584f9f40a90,ES14,ES14C1,35,10/30/2014,11:25 AM,3:25 PM,623,5,5,0,0,5,true,"[0,1,2,3,4]",0,2014-10-30T17:50:23.040600,BLOCKED,saved_finish_absent_start_plus_max_time_only_inferred,passed
2d926d4eb7e01e16a8711b98517a69eb98a53b811df5c65db36da584f9f40a90,ES14,ES14C1,36,10/31/2014,6:05 PM,9:15 AM,650.25,5,5,0,0,5,true,"[0,1,2,3,4]",0,2014-10-31T11:11:28.193500,BLOCKED,saved_finish_absent_start_plus_max_time_only_inferred,passed
2d926d4eb7e01e16a8711b98517a69eb98a53b811df5c65db36da584f9f40a90,ES14,ES14C1,37,11/3/2014,11:45 AM,8:30 AM,719,5,5,0,0,5,true,"[0,1,2,3,4]",0,2014-11-03T10:10:42.906500,BLOCKED,saved_finish_absent_start_plus_max_time_only_inferred,passed
2d926d4eb7e01e16a8711b98517a69eb98a53b811df5c65db36da584f9f40a90,ES14,ES14C1,38,11/4/2014,10:30 AM,8:00 AM,740.5,5,5,0,0,5,true,"[0,1,2,3,4]",0,2014-11-04T09:54:12.062600,BLOCKED,saved_finish_absent_start_plus_max_time_only_inferred,passed
2d926d4eb7e01e16a8711b98517a69eb98a53b811df5c65db36da584f9f40a90,ES14,ES14C1,39,11/5/2014,2:30 PM,9:00 AM,759,5,5,0,0,5,true,"[0,1,2,3,4]",0,2014-11-05T14:58:14.331600,BLOCKED,saved_finish_absent_start_plus_max_time_only_inferred,passed
2d926d4eb7e01e16a8711b98517a69eb98a53b811df5c65db36da584f9f40a90,ES14,ES14C1,40,11/6/2014,3:45 PM,8:15 AM,775.5,5,5,0,0,5,true,"[0,1,2,3,4]",0,2014-11-06T10:16:14.201600,BLOCKED,saved_finish_absent_start_plus_max_time_only_inferred,passed
2d926d4eb7e01e16a8711b98517a69eb98a53b811df5c65db36da584f9f40a90,ES14,ES14C1,41,11/6/2014,10:40 AM,2:20 PM,779,5,5,0,0,5,true,"[0,1,2,3,4]",0,2014-11-06T16:30:36.060500,BLOCKED,saved_finish_absent_start_plus_max_time_only_inferred,passed
2d926d4eb7e01e16a8711b98517a69eb98a53b811df5c65db36da584f9f40a90,ES14,ES14C1,42,11/7/2014,5:00 PM,1:00 PM,799,5,5,0,0,5,true,"[0,1,2,3,4]",0,2014-11-07T15:33:13.058500,BLOCKED,saved_finish_absent_start_plus_max_time_only_inferred,passed
2d926d4eb7e01e16a8711b98517a69eb98a53b811df5c65db36da584f9f40a90,ES14,ES14C1,43,11/10/2014,10:00 AM,1:00 PM,802,5,5,0,0,5,true,"[0,1,2,3,4]",0,2014-11-10T15:15:06.128500,BLOCKED,saved_finish_absent_start_plus_max_time_only_inferred,passed
2d926d4eb7e01e16a8711b98517a69eb98a53b811df5c65db36da584f9f40a90,ES14,ES14C1,44,11/12/2014,3:30 PM,9:00 AM,843.5,5,5,0,0,5,true,"[0,1,2,3,4]",0,2014-11-12T11:32:03.062600,BLOCKED,saved_finish_absent_start_plus_max_time_only_inferred,passed
2d926d4eb7e01e16a8711b98517a69eb98a53b811df5c65db36da584f9f40a90,ES14,ES14C1,45,11/12/2014,12:00 PM,4:30 PM,848,5,5,0,0,5,true,"[0,1,2,3,4]",0,2014-11-12T18:37:25.247500,BLOCKED,saved_finish_absent_start_plus_max_time_only_inferred,passed
2d926d4eb7e01e16a8711b98517a69eb98a53b811df5c65db36da584f9f40a90,ES14,ES14C1,46,11/13/2014,7:00 PM,8:00 AM,861,5,5,0,0,5,true,"[0,1,2,3,4]",0,2014-11-13T09:42:41.013500,BLOCKED,saved_finish_absent_start_plus_max_time_only_inferred,passed
2d926d4eb7e01e16a8711b98517a69eb98a53b811df5c65db36da584f9f40a90,ES14,ES14C1,47,11/13/2014,10:00 AM,2:00 PM,865,5,5,0,0,5,true,"[0,1,2,3,4]",0,2014-11-13T16:18:55.060500,BLOCKED,saved_finish_absent_start_plus_max_time_only_inferred,passed
2d926d4eb7e01e16a8711b98517a69eb98a53b811df5c65db36da584f9f40a90,ES14,ES14C1,48,11/14/2014,4:45 PM,2:15 PM,886.5,5,5,0,0,5,true,"[0,1,2,3,4]",0,2014-11-14T16:38:13.420600,BLOCKED,saved_finish_absent_start_plus_max_time_only_inferred,passed
2d926d4eb7e01e16a8711b98517a69eb98a53b811df5c65db36da584f9f40a90,ES14,ES14C1,49,11/17/2014,5:00 PM,10:00 AM,951.5,5,5,0,0,5,true,"[0,1,2,3,4]",0,2014-11-17T12:02:52.280500,BLOCKED,saved_finish_absent_start_plus_max_time_only_inferred,passed
2d926d4eb7e01e16a8711b98517a69eb98a53b811df5c65db36da584f9f40a90,ES14,ES14C1,50,11/17/2014,12:30 PM,2:00 PM,953,5,5,0,0,5,true,"[0,1,2,3,4]",0,2014-11-17T15:47:51.282500,BLOCKED,saved_finish_absent_start_plus_max_time_only_inferred,passed
2d926d4eb7e01e16a8711b98517a69eb98a53b811df5c65db36da584f9f40a90,ES14,ES14C1,51,11/18/2014,4:15 PM,9:15 AM,970,5,5,0,0,5,true,"[0,1,2,3,4]",0,2014-11-18T10:56:13.280600,BLOCKED,saved_finish_absent_start_plus_max_time_only_inferred,passed
2d926d4eb7e01e16a8711b98517a69eb98a53b811df5c65db36da584f9f40a90,ES14,ES14C1,52,11/18/2014,11:15 AM,1:15 PM,972,5,5,0,0,5,true,"[0,1,2,3,4]",0,2014-11-18T15:28:13.719600,BLOCKED,saved_finish_absent_start_plus_max_time_only_inferred,passed
2d926d4eb7e01e16a8711b98517a69eb98a53b811df5c65db36da584f9f40a90,ES14,ES14C1,53,11/19/2014,3:45 PM,10:15 AM,990.5,5,5,0,0,5,true,"[0,1,2,3,4]",0,2014-11-19T13:31:11.289600,BLOCKED,saved_finish_absent_start_plus_max_time_only_inferred,passed
2d926d4eb7e01e16a8711b98517a69eb98a53b811df5c65db36da584f9f40a90,ES14,ES14C1,54,11/20/2014,2:00 PM,9:30 AM,1010,5,5,0,0,5,true,"[0,1,2,3,4]",0,2014-11-20T14:22:41.276500,BLOCKED,saved_finish_absent_start_plus_max_time_only_inferred,passed
2d926d4eb7e01e16a8711b98517a69eb98a53b811df5c65db36da584f9f40a90,ES14,ES14C1,55,11/21/2014,3:00 PM,10:00 AM,1029,5,5,0,0,5,true,"[0,1,2,3,4]",0,2014-11-21T12:58:21.114500,BLOCKED,saved_finish_absent_start_plus_max_time_only_inferred,passed
2d926d4eb7e01e16a8711b98517a69eb98a53b811df5c65db36da584f9f40a90,ES14,ES14C1,56,11/24/2014,2:00 PM,9:30 AM,1096.5,5,5,0,0,5,true,"[0,1,2,3,4]",0,2014-11-24T11:12:08.061500,BLOCKED,saved_finish_absent_start_plus_max_time_only_inferred,passed
2d926d4eb7e01e16a8711b98517a69eb98a53b811df5c65db36da584f9f40a90,ES14,ES14C1,57,11/25/2014,11:30 AM,3:00 PM,1124,5,5,0,0,5,true,"[0,1,2,3,4]",0,2014-11-25T18:59:06.985600,BLOCKED,saved_finish_absent_start_plus_max_time_only_inferred,passed
2d926d4eb7e01e16a8711b98517a69eb98a53b811df5c65db36da584f9f40a90,ES14,ES14C1,58,11/26/2014,7:15 PM,10:45 AM,1140.5,5,5,0,0,5,true,"[0,1,2,3,4]",0,2014-11-26T13:32:22.719600,BLOCKED,saved_finish_absent_start_plus_max_time_only_inferred,passed
2d926d4eb7e01e16a8711b98517a69eb98a53b811df5c65db36da584f9f40a90,ES14,ES14C1,59,12/1/2014,2:15 PM,10:45 AM,1257,5,5,0,0,5,true,"[0,1,2,3,4]",0,2014-12-01T12:55:56.716600,BLOCKED,saved_finish_absent_start_plus_max_time_only_inferred,passed
2d926d4eb7e01e16a8711b98517a69eb98a53b811df5c65db36da584f9f40a90,ES14,ES14C1,60,12/1/2014,1:20 PM,2:20 PM,1258,5,5,0,0,5,true,"[0,1,2,3,4]",0,2014-12-01T16:12:17.564500,BLOCKED,saved_finish_absent_start_plus_max_time_only_inferred,passed
2d926d4eb7e01e16a8711b98517a69eb98a53b811df5c65db36da584f9f40a90,ES14,ES14C1,61,12/3/2014,5:30 PM,10:30 AM,1299,5,5,0,0,5,true,"[0,1,2,3,4]",0,2014-12-03T12:23:22.148500,BLOCKED,saved_finish_absent_start_plus_max_time_only_inferred,passed
2d926d4eb7e01e16a8711b98517a69eb98a53b811df5c65db36da584f9f40a90,ES14,ES14C1,62,12/3/2014,1:15 PM,2:45 PM,1300.5,5,5,0,0,5,true,"[0,1,2,3,4]",0,2014-12-03T16:16:08.981600,BLOCKED,saved_finish_absent_start_plus_max_time_only_inferred,passed
2d926d4eb7e01e16a8711b98517a69eb98a53b811df5c65db36da584f9f40a90,ES14,ES14C1,63,12/4/2014,4:30 PM,9:30 AM,1317.5,5,5,0,0,5,true,"[0,1,2,3,4]",0,2014-12-04T11:30:21.116600,BLOCKED,saved_finish_absent_start_plus_max_time_only_inferred,passed
2d926d4eb7e01e16a8711b98517a69eb98a53b811df5c65db36da584f9f40a90,ES14,ES14C1,64,12/5/2014,11:45 AM,10:15 AM,1341,5,5,0,0,5,true,"[0,1,2,3,4]",0,2014-12-05T14:05:10.981500,BLOCKED,saved_finish_absent_start_plus_max_time_only_inferred,passed
2d926d4eb7e01e16a8711b98517a69eb98a53b811df5c65db36da584f9f40a90,ES14,ES14C1,65,12/8/2014,2:25 PM,9:25 AM,1408,5,5,0,0,5,true,"[0,1,2,3,4]",0,2014-12-08T12:42:25.059600,BLOCKED,saved_finish_absent_start_plus_max_time_only_inferred,passed
2d926d4eb7e01e16a8711b98517a69eb98a53b811df5c65db36da584f9f40a90,ES14,ES14C1,66,12/10/2014,1:15 PM,1:45 PM,1456.5,5,5,0,0,5,true,"[0,1,2,3,4]",0,2014-12-10T15:40:42.122600,BLOCKED,saved_finish_absent_start_plus_max_time_only_inferred,passed
2d926d4eb7e01e16a8711b98517a69eb98a53b811df5c65db36da584f9f40a90,ES14,ES14C1,67,12/16/2014,4:05 PM,9:35 AM,1594,5,5,0,0,5,false,"[0,1,2,4,3]",0,2014-12-16T11:38:13.718500,BLOCKED,saved_finish_absent_start_plus_max_time_only_inferred,passed
2d926d4eb7e01e16a8711b98517a69eb98a53b811df5c65db36da584f9f40a90,ES14,ES14C1,68,2/17/2015,3:00 PM,4:30 PM,3063,5,5,0,0,5,true,"[0,1,2,3,4]",0,2015-02-17T16:07:43.653500,BLOCKED,saved_finish_absent_start_plus_max_time_only_inferred,passed
2d926d4eb7e01e16a8711b98517a69eb98a53b811df5c65db36da584f9f40a90,ES14,ES14C1,69,04/20/2015,3:30 PM,6:30 PM,4551,10,5,0,5,5,true,"[1,3,5,7,9]",0,2015-04-20T17:48:13.651500,BLOCKED,saved_finish_absent_start_plus_max_time_only_inferred,passed
2d926d4eb7e01e16a8711b98517a69eb98a53b811df5c65db36da584f9f40a90,ES14,ES14C1,70,04/28/2015,11:30 AM,2:00 PM,4748,10,5,0,5,5,true,"[1,3,5,7,9]",0,2015-04-28T13:31:56.253600,BLOCKED,saved_finish_absent_start_plus_max_time_only_inferred,passed
2d926d4eb7e01e16a8711b98517a69eb98a53b811df5c65db36da584f9f40a90,ES14,ES14C1,71,05/04/2015,1:30 PM,4:30 PM,4891.5,10,5,0,5,5,true,"[1,3,5,7,9]",0,2015-05-04T15:29:18.255500,BLOCKED,saved_finish_absent_start_plus_max_time_only_inferred,passed
2d926d4eb7e01e16a8711b98517a69eb98a53b811df5c65db36da584f9f40a90,ES14,ES14C1,72,05/13/2015,2:00 PM,2:00 PM,5105.5,10,5,0,5,5,true,"[1,3,5,7,9]",0,2015-05-13T15:43:28.122600,BLOCKED,saved_finish_absent_start_plus_max_time_only_inferred,passed
2d926d4eb7e01e16a8711b98517a69eb98a53b811df5c65db36da584f9f40a90,ES14,ES14C2,0,9/29/2014,,,0,5,5,0,0,5,true,"[0,1,2,3,4]",0,2014-09-29T13:47:00.586500,BLOCKED,saved_finish_absent_start_plus_max_time_only_inferred,passed
2d926d4eb7e01e16a8711b98517a69eb98a53b811df5c65db36da584f9f40a90,ES14,ES14C2,1,9/30/2014,,,0,5,5,0,0,5,true,"[0,1,2,3,4]",0,2014-09-30T13:13:58.099500,BLOCKED,saved_finish_absent_start_plus_max_time_only_inferred,passed
2d926d4eb7e01e16a8711b98517a69eb98a53b811df5c65db36da584f9f40a90,ES14,ES14C2,2,10/1/2014,10:00 AM,12:00 PM,2,5,5,0,0,5,true,"[0,1,2,3,4]",0,2014-10-01T14:13:16.665600,BLOCKED,saved_finish_absent_start_plus_max_time_only_inferred,passed
2d926d4eb7e01e16a8711b98517a69eb98a53b811df5c65db36da584f9f40a90,ES14,ES14C2,3,10/2/2014,4:00 PM,1:00 PM,23,5,5,0,0,5,true,"[0,1,2,3,4]",0,2014-10-02T15:34:52.068500,BLOCKED,saved_finish_absent_start_plus_max_time_only_inferred,passed
2d926d4eb7e01e16a8711b98517a69eb98a53b811df5c65db36da584f9f40a90,ES14,ES14C2,4,10/3/2014,4:00 PM,7:20 AM,38.3333,5,5,0,0,5,true,"[0,1,2,3,4]",0,2014-10-03T10:00:12.070500,BLOCKED,saved_finish_absent_start_plus_max_time_only_inferred,passed
2d926d4eb7e01e16a8711b98517a69eb98a53b811df5c65db36da584f9f40a90,ES14,ES14C2,5,10/3/2014,10:20 AM,12:00 PM,40,5,5,0,0,5,true,"[0,1,2,3,4]",0,2014-10-03T14:10:55.936500,BLOCKED,saved_finish_absent_start_plus_max_time_only_inferred,passed
2d926d4eb7e01e16a8711b98517a69eb98a53b811df5c65db36da584f9f40a90,ES14,ES14C2,6,10/6/2014,2:25 PM,7:25 AM,105,5,5,0,0,5,true,"[0,1,2,3,4]",0,2014-10-06T09:26:08.089600,BLOCKED,saved_finish_absent_start_plus_max_time_only_inferred,passed
2d926d4eb7e01e16a8711b98517a69eb98a53b811df5c65db36da584f9f40a90,ES14,ES14C2,7,10/6/2014,9:40 AM,12:40 PM,108,5,5,0,0,5,true,"[0,1,2,3,4]",0,2014-10-06T14:37:07.938600,BLOCKED,saved_finish_absent_start_plus_max_time_only_inferred,passed
2d926d4eb7e01e16a8711b98517a69eb98a53b811df5c65db36da584f9f40a90,ES14,ES14C2,8,10/7/2014,2:55 PM,7:55 AM,125,5,5,0,0,5,true,"[0,1,2,3,4]",0,2014-10-07T09:27:08.934600,BLOCKED,saved_finish_absent_start_plus_max_time_only_inferred,passed
2d926d4eb7e01e16a8711b98517a69eb98a53b811df5c65db36da584f9f40a90,ES14,ES14C2,9,10/7/2014,9:45 AM,12:45 PM,128,5,5,0,0,5,true,"[0,1,2,3,4]",0,2014-10-07T14:41:23.934500,BLOCKED,saved_finish_absent_start_plus_max_time_only_inferred,passed
2d926d4eb7e01e16a8711b98517a69eb98a53b811df5c65db36da584f9f40a90,ES14,ES14C2,10,10/8/2014,3:00 PM,9:00 AM,146,5,5,0,0,5,true,"[0,1,2,3,4]",0,2014-10-08T11:22:47.805600,BLOCKED,saved_finish_absent_start_plus_max_time_only_inferred,passed
2d926d4eb7e01e16a8711b98517a69eb98a53b811df5c65db36da584f9f40a90,ES14,ES14C2,11,10/9/2014,11:30 AM,7:30 AM,166,5,5,0,0,5,true,"[0,1,2,3,4]",0,2014-10-09T09:25:35.661600,BLOCKED,saved_finish_absent_start_plus_max_time_only_inferred,passed
2d926d4eb7e01e16a8711b98517a69eb98a53b811df5c65db36da584f9f40a90,ES14,ES14C2,12,10/10/2014,9:40 AM,7:40 AM,188,5,5,0,0,5,true,"[0,1,2,3,4]",0,2014-10-10T09:59:37.649600,BLOCKED,saved_finish_absent_start_plus_max_time_only_inferred,passed
2d926d4eb7e01e16a8711b98517a69eb98a53b811df5c65db36da584f9f40a90,ES14,ES14C2,13,10/10/2014,10:15 AM,2:15 PM,192,5,5,0,0,5,true,"[0,1,2,3,4]",0,2014-10-10T16:10:45.387500,BLOCKED,saved_finish_absent_start_plus_max_time_only_inferred,passed
2d926d4eb7e01e16a8711b98517a69eb98a53b811df5c65db36da584f9f40a90,ES14,ES14C2,14,10/13/2014,4:25 PM,11:25 AM,259,5,5,0,0,5,true,"[0,1,2,3,4]",0,2014-10-13T13:16:45.122500,BLOCKED,saved_finish_absent_start_plus_max_time_only_inferred,passed
2d926d4eb7e01e16a8711b98517a69eb98a53b811df5c65db36da584f9f40a90,ES14,ES14C2,15,10/14/2014,1:45 PM,7:45 AM,277,5,5,0,0,5,true,"[0,1,2,3,4]",0,2014-10-14T10:16:26.253500,BLOCKED,saved_finish_absent_start_plus_max_time_only_inferred,passed
2d926d4eb7e01e16a8711b98517a69eb98a53b811df5c65db36da584f9f40a90,ES14,ES14C2,16,10/14/2014,10:30 AM,12:30 PM,279,5,5,0,0,5,true,"[0,1,2,3,4]",0,2014-10-14T14:36:26.804500,BLOCKED,saved_finish_absent_start_plus_max_time_only_inferred,passed
2d926d4eb7e01e16a8711b98517a69eb98a53b811df5c65db36da584f9f40a90,ES14,ES14C2,17,10/15/2014,2:50 PM,8:30 AM,296.66,5,5,0,0,5,true,"[0,1,2,3,4]",0,2014-10-15T10:25:14.649500,BLOCKED,saved_finish_absent_start_plus_max_time_only_inferred,passed
2d926d4eb7e01e16a8711b98517a69eb98a53b811df5c65db36da584f9f40a90,ES14,ES14C2,18,10/16/2014,10:40 AM,7:00 AM,317,5,5,0,0,5,true,"[0,1,2,3,4]",0,2014-10-16T09:03:33.936500,BLOCKED,saved_finish_absent_start_plus_max_time_only_inferred,passed
2d926d4eb7e01e16a8711b98517a69eb98a53b811df5c65db36da584f9f40a90,ES14,ES14C2,19,10/17/2014,10:00 AM,9:00 AM,352,5,5,0,0,5,true,"[0,1,2,3,4]",0,2014-10-17T10:39:35.385600,BLOCKED,saved_finish_absent_start_plus_max_time_only_inferred,passed
2d926d4eb7e01e16a8711b98517a69eb98a53b811df5c65db36da584f9f40a90,ES14,ES14C2,20,10/17/2014,11:30 AM,2:30 PM,355,5,5,0,0,5,true,"[0,1,2,3,4]",0,2014-10-17T16:36:58.807600,BLOCKED,saved_finish_absent_start_plus_max_time_only_inferred,passed
2d926d4eb7e01e16a8711b98517a69eb98a53b811df5c65db36da584f9f40a90,ES14,ES14C2,21,10/20/2014,4:30 PM,9:00 AM,419.5,5,5,0,0,5,true,"[0,1,2,3,4]",0,2014-10-20T10:36:38.807500,BLOCKED,saved_finish_absent_start_plus_max_time_only_inferred,passed
2d926d4eb7e01e16a8711b98517a69eb98a53b811df5c65db36da584f9f40a90,ES14,ES14C2,22,10/20/2014,11:15 AM,1:45 PM,422,5,5,0,0,5,true,"[0,1,2,3,4]",0,2014-10-20T15:37:51.531500,BLOCKED,saved_finish_absent_start_plus_max_time_only_inferred,passed
2d926d4eb7e01e16a8711b98517a69eb98a53b811df5c65db36da584f9f40a90,ES14,ES14C2,23,10/21/2014,4:00 PM,7:00 AM,437,5,5,0,0,5,true,"[0,1,2,3,4]",0,2014-10-21T09:29:16.802500,BLOCKED,saved_finish_absent_start_plus_max_time_only_inferred,passed
2d926d4eb7e01e16a8711b98517a69eb98a53b811df5c65db36da584f9f40a90,ES14,ES14C2,24,10/21/2014,10:00 AM,3:00 PM,442,5,5,0,0,5,true,"[0,1,2,3,4]",0,2014-10-21T17:00:11.806600,BLOCKED,saved_finish_absent_start_plus_max_time_only_inferred,passed
2d926d4eb7e01e16a8711b98517a69eb98a53b811df5c65db36da584f9f40a90,ES14,ES14C2,25,10/22/2014,5:15 PM,7:15 AM,456,5,5,0,0,5,true,"[0,1,2,3,4]",0,2014-10-22T09:16:41.805600,BLOCKED,saved_finish_absent_start_plus_max_time_only_inferred,passed
2d926d4eb7e01e16a8711b98517a69eb98a53b811df5c65db36da584f9f40a90,ES14,ES14C2,26,10/23/2014,4:40 PM,9:10 AM,472.5,5,5,0,0,5,true,"[0,1,2,3,4]",0,2014-10-23T11:01:34.384500,BLOCKED,saved_finish_absent_start_plus_max_time_only_inferred,passed
2d926d4eb7e01e16a8711b98517a69eb98a53b811df5c65db36da584f9f40a90,ES14,ES14C2,27,10/24/2014,11:45 AM,9:15 AM,494,5,5,0,0,5,true,"[0,1,2,3,4]",0,2014-10-24T11:05:39.547500,BLOCKED,saved_finish_absent_start_plus_max_time_only_inferred,passed
2d926d4eb7e01e16a8711b98517a69eb98a53b811df5c65db36da584f9f40a90,ES14,ES14C2,28,10/24/2014,12:10 PM,2:10 PM,496,5,5,0,0,5,true,"[0,1,2,3,4]",0,2014-10-24T16:11:33.528500,BLOCKED,saved_finish_absent_start_plus_max_time_only_inferred,passed
2d926d4eb7e01e16a8711b98517a69eb98a53b811df5c65db36da584f9f40a90,ES14,ES14C2,29,10/27/2014,4:30 PM,8:30 AM,560,5,5,0,0,5,true,"[0,1,2,3,4]",0,2014-10-27T10:36:52.524600,BLOCKED,saved_finish_absent_start_plus_max_time_only_inferred,passed
2d926d4eb7e01e16a8711b98517a69eb98a53b811df5c65db36da584f9f40a90,ES14,ES14C2,30,10/27/2014,11:35 AM,1:35 PM,562,3,3,0,0,3,true,"[0,1,2]",0,2014-10-27T15:31:09.680500,BLOCKED,saved_finish_absent_start_plus_max_time_only_inferred,passed
2d926d4eb7e01e16a8711b98517a69eb98a53b811df5c65db36da584f9f40a90,ES14,ES14C2,31,10/28/2014,3:45 PM,8:15 AM,578.5,5,5,0,0,5,true,"[0,1,2,3,4]",0,2014-10-28T12:08:23.545600,BLOCKED,saved_finish_absent_start_plus_max_time_only_inferred,passed
2d926d4eb7e01e16a8711b98517a69eb98a53b811df5c65db36da584f9f40a90,ES14,ES14C2,32,10/29/2014,12:15 PM,7:15 AM,597.5,5,5,0,0,5,true,"[0,1,2,3,4]",0,2014-10-29T09:04:45.680500,BLOCKED,saved_finish_absent_start_plus_max_time_only_inferred,passed
2d926d4eb7e01e16a8711b98517a69eb98a53b811df5c65db36da584f9f40a90,ES14,ES14C2,33,10/29/2014,9:20 AM,1:50 PM,602,5,5,0,0,5,true,"[0,1,2,3,4]",0,2014-10-29T15:59:10.396500,BLOCKED,saved_finish_absent_start_plus_max_time_only_inferred,passed
2d926d4eb7e01e16a8711b98517a69eb98a53b811df5c65db36da584f9f40a90,ES14,ES14C2,34,10/30/2014,4:15 PM,9:15 AM,619,5,5,0,0,5,true,"[0,1,2,3,4]",0,2014-10-30T11:13:38.521500,BLOCKED,saved_finish_absent_start_plus_max_time_only_inferred,passed
2d926d4eb7e01e16a8711b98517a69eb98a53b811df5c65db36da584f9f40a90,ES14,ES14C2,35,10/30/2014,11:25 AM,3:25 PM,623,5,5,0,0,5,true,"[0,1,2,3,4]",0,2014-10-30T17:53:53.548600,BLOCKED,saved_finish_absent_start_plus_max_time_only_inferred,passed
2d926d4eb7e01e16a8711b98517a69eb98a53b811df5c65db36da584f9f40a90,ES14,ES14C2,36,10/31/2014,6:05 PM,9:15 AM,650.25,5,5,0,0,5,true,"[0,1,2,3,4]",0,2014-10-31T11:18:26.250500,BLOCKED,saved_finish_absent_start_plus_max_time_only_inferred,passed
2d926d4eb7e01e16a8711b98517a69eb98a53b811df5c65db36da584f9f40a90,ES14,ES14C2,37,11/3/2014,11:45 AM,8:30 AM,719,5,5,0,0,5,true,"[0,1,2,3,4]",0,2014-11-03T10:14:46.261600,BLOCKED,saved_finish_absent_start_plus_max_time_only_inferred,passed
2d926d4eb7e01e16a8711b98517a69eb98a53b811df5c65db36da584f9f40a90,ES14,ES14C2,38,11/4/2014,10:30 AM,8:00 AM,740.5,5,5,0,0,5,true,"[0,1,2,3,4]",0,2014-11-04T09:57:53.306600,BLOCKED,saved_finish_absent_start_plus_max_time_only_inferred,passed
2d926d4eb7e01e16a8711b98517a69eb98a53b811df5c65db36da584f9f40a90,ES14,ES14C2,39,11/5/2014,2:30 PM,9:00 AM,759,5,5,0,0,5,true,"[0,1,2,3,4]",0,2014-11-05T15:04:50.457600,BLOCKED,saved_finish_absent_start_plus_max_time_only_inferred,passed
2d926d4eb7e01e16a8711b98517a69eb98a53b811df5c65db36da584f9f40a90,ES14,ES14C2,40,11/6/2014,3:45 PM,8:15 AM,775.5,5,5,0,0,5,true,"[0,1,2,3,4]",0,2014-11-06T10:20:59.125500,BLOCKED,saved_finish_absent_start_plus_max_time_only_inferred,passed
2d926d4eb7e01e16a8711b98517a69eb98a53b811df5c65db36da584f9f40a90,ES14,ES14C2,41,11/6/2014,10:40 AM,2:20 PM,779,5,5,0,0,5,true,"[0,1,2,3,4]",0,2014-11-06T16:35:24.456500,BLOCKED,saved_finish_absent_start_plus_max_time_only_inferred,passed
2d926d4eb7e01e16a8711b98517a69eb98a53b811df5c65db36da584f9f40a90,ES14,ES14C2,42,11/7/2014,5:00 PM,1:00 PM,799,5,5,0,0,5,true,"[0,1,2,3,4]",0,2014-11-07T15:37:15.341500,BLOCKED,saved_finish_absent_start_plus_max_time_only_inferred,passed
2d926d4eb7e01e16a8711b98517a69eb98a53b811df5c65db36da584f9f40a90,ES14,ES14C2,43,11/10/2014,10:00 AM,1:00 PM,802,5,5,0,0,5,false,"[0,2,1,3,4]",0,2014-11-10T15:18:42.059600,BLOCKED,saved_finish_absent_start_plus_max_time_only_inferred,passed
2d926d4eb7e01e16a8711b98517a69eb98a53b811df5c65db36da584f9f40a90,ES14,ES14C2,44,11/12/2014,3:30 PM,9:00 AM,843.5,5,5,0,0,5,true,"[0,1,2,3,4]",0,2014-11-12T11:35:35.546500,BLOCKED,saved_finish_absent_start_plus_max_time_only_inferred,passed
2d926d4eb7e01e16a8711b98517a69eb98a53b811df5c65db36da584f9f40a90,ES14,ES14C2,45,11/12/2014,12:00 PM,4:30 PM,848,5,5,0,0,5,true,"[0,1,2,3,4]",0,2014-11-12T18:40:55.078500,BLOCKED,saved_finish_absent_start_plus_max_time_only_inferred,passed
2d926d4eb7e01e16a8711b98517a69eb98a53b811df5c65db36da584f9f40a90,ES14,ES14C2,46,11/13/2014,7:00 PM,8:00 AM,861,5,5,0,0,5,true,"[0,1,2,3,4]",0,2014-11-13T09:46:14.185600,BLOCKED,saved_finish_absent_start_plus_max_time_only_inferred,passed
2d926d4eb7e01e16a8711b98517a69eb98a53b811df5c65db36da584f9f40a90,ES14,ES14C2,47,11/13/2014,10:00 AM,2:00 PM,865,5,5,0,0,5,true,"[0,1,2,3,4]",0,2014-11-13T16:23:48.199500,BLOCKED,saved_finish_absent_start_plus_max_time_only_inferred,passed
2d926d4eb7e01e16a8711b98517a69eb98a53b811df5c65db36da584f9f40a90,ES14,ES14C2,48,11/14/2014,4:45 PM,2:15 PM,886.5,5,5,0,0,5,true,"[0,1,2,3,4]",0,2014-11-14T16:43:08.200600,BLOCKED,saved_finish_absent_start_plus_max_time_only_inferred,passed
2d926d4eb7e01e16a8711b98517a69eb98a53b811df5c65db36da584f9f40a90,ES14,ES14C2,49,11/17/2014,5:00 PM,10:00 AM,951.5,5,5,0,0,5,true,"[0,1,2,3,4]",0,2014-11-17T12:07:32.062600,BLOCKED,saved_finish_absent_start_plus_max_time_only_inferred,passed
2d926d4eb7e01e16a8711b98517a69eb98a53b811df5c65db36da584f9f40a90,ES14,ES14C2,50,11/17/2014,12:30 PM,2:00 PM,953,5,5,0,0,5,true,"[0,1,2,3,4]",0,2014-11-17T15:52:35.059500,BLOCKED,saved_finish_absent_start_plus_max_time_only_inferred,passed
2d926d4eb7e01e16a8711b98517a69eb98a53b811df5c65db36da584f9f40a90,ES14,ES14C2,51,11/18/2014,4:15 PM,9:15 AM,970,5,5,0,0,5,false,"[0,2,1,3,4]",0,2014-11-18T11:00:29.335500,BLOCKED,saved_finish_absent_start_plus_max_time_only_inferred,passed
2d926d4eb7e01e16a8711b98517a69eb98a53b811df5c65db36da584f9f40a90,ES14,ES14C2,52,11/18/2014,11:15 AM,1:15 PM,972,5,5,0,0,5,true,"[0,1,2,3,4]",0,2014-11-18T15:32:14.060600,BLOCKED,saved_finish_absent_start_plus_max_time_only_inferred,passed
2d926d4eb7e01e16a8711b98517a69eb98a53b811df5c65db36da584f9f40a90,ES14,ES14C2,53,11/19/2014,3:45 PM,10:15 AM,990.5,5,5,0,0,5,true,"[0,1,2,3,4]",0,2014-11-19T13:36:16.058600,BLOCKED,saved_finish_absent_start_plus_max_time_only_inferred,passed
2d926d4eb7e01e16a8711b98517a69eb98a53b811df5c65db36da584f9f40a90,ES14,ES14C2,54,11/20/2014,2:00 PM,9:30 AM,1010,5,5,0,0,5,true,"[0,1,2,3,4]",0,2014-11-20T14:26:15.057500,BLOCKED,saved_finish_absent_start_plus_max_time_only_inferred,passed
2d926d4eb7e01e16a8711b98517a69eb98a53b811df5c65db36da584f9f40a90,ES14,ES14C2,55,11/21/2014,3:00 PM,10:00 AM,1029,5,5,0,0,5,true,"[0,1,2,3,4]",0,2014-11-21T13:05:53.046600,BLOCKED,saved_finish_absent_start_plus_max_time_only_inferred,passed
2d926d4eb7e01e16a8711b98517a69eb98a53b811df5c65db36da584f9f40a90,ES14,ES14C2,56,11/24/2014,2:00 PM,9:30 AM,1096.5,5,5,0,0,5,true,"[0,1,2,3,4]",0,2014-11-24T11:16:01.059600,BLOCKED,saved_finish_absent_start_plus_max_time_only_inferred,passed
2d926d4eb7e01e16a8711b98517a69eb98a53b811df5c65db36da584f9f40a90,ES14,ES14C2,57,11/25/2014,11:30 AM,3:00 PM,1124,5,5,0,0,5,true,"[0,1,2,3,4]",0,2014-11-25T19:02:36.056600,BLOCKED,saved_finish_absent_start_plus_max_time_only_inferred,passed
2d926d4eb7e01e16a8711b98517a69eb98a53b811df5c65db36da584f9f40a90,ES14,ES14C2,58,11/26/2014,7:15 PM,10:45 AM,1140.5,5,5,0,0,5,true,"[0,1,2,3,4]",0,2014-11-26T13:36:10.281600,BLOCKED,saved_finish_absent_start_plus_max_time_only_inferred,passed
2d926d4eb7e01e16a8711b98517a69eb98a53b811df5c65db36da584f9f40a90,ES14,ES14C2,59,12/1/2014,2:15 PM,10:45 AM,1257,5,5,0,0,5,true,"[0,1,2,3,4]",0,2014-12-01T12:59:43.279500,BLOCKED,saved_finish_absent_start_plus_max_time_only_inferred,passed
2d926d4eb7e01e16a8711b98517a69eb98a53b811df5c65db36da584f9f40a90,ES14,ES14C2,60,12/1/2014,1:20 PM,2:20 PM,1258,5,5,0,0,5,true,"[0,1,2,3,4]",0,2014-12-01T16:15:42.245500,BLOCKED,saved_finish_absent_start_plus_max_time_only_inferred,passed
2d926d4eb7e01e16a8711b98517a69eb98a53b811df5c65db36da584f9f40a90,ES14,ES14C2,61,12/3/2014,5:30 PM,10:30 AM,1299,5,5,0,0,5,true,"[0,1,2,3,4]",0,2014-12-03T12:32:27.910500,BLOCKED,saved_finish_absent_start_plus_max_time_only_inferred,passed
2d926d4eb7e01e16a8711b98517a69eb98a53b811df5c65db36da584f9f40a90,ES14,ES14C2,62,12/3/2014,1:15 PM,2:45 PM,1300.5,5,5,0,0,5,true,"[0,1,2,3,4]",0,2014-12-03T16:19:40.284600,BLOCKED,saved_finish_absent_start_plus_max_time_only_inferred,passed
2d926d4eb7e01e16a8711b98517a69eb98a53b811df5c65db36da584f9f40a90,ES14,ES14C2,63,12/4/2014,4:30 PM,9:30 AM,1317.5,5,5,0,0,5,true,"[0,1,2,3,4]",0,2014-12-04T11:34:43.278500,BLOCKED,saved_finish_absent_start_plus_max_time_only_inferred,passed
2d926d4eb7e01e16a8711b98517a69eb98a53b811df5c65db36da584f9f40a90,ES14,ES14C2,64,12/5/2014,11:45 AM,10:15 AM,1341,5,5,0,0,5,true,"[0,1,2,3,4]",0,2014-12-05T14:09:29.909500,BLOCKED,saved_finish_absent_start_plus_max_time_only_inferred,passed
2d926d4eb7e01e16a8711b98517a69eb98a53b811df5c65db36da584f9f40a90,ES14,ES14C2,65,12/8/2014,2:25 PM,9:25 AM,1408,5,5,0,0,5,true,"[0,1,2,3,4]",0,2014-12-08T12:50:43.063600,BLOCKED,saved_finish_absent_start_plus_max_time_only_inferred,passed
2d926d4eb7e01e16a8711b98517a69eb98a53b811df5c65db36da584f9f40a90,ES14,ES14C2,66,12/10/2014,1:15 PM,1:45 PM,1456.5,5,5,0,0,5,true,"[0,1,2,3,4]",0,2014-12-10T15:45:14.060500,BLOCKED,saved_finish_absent_start_plus_max_time_only_inferred,passed
2d926d4eb7e01e16a8711b98517a69eb98a53b811df5c65db36da584f9f40a90,ES14,ES14C2,67,12/16/2014,4:05 PM,9:35 AM,1594,5,5,0,0,5,true,"[0,1,2,3,4]",0,2014-12-16T11:42:35.999600,BLOCKED,saved_finish_absent_start_plus_max_time_only_inferred,passed
2d926d4eb7e01e16a8711b98517a69eb98a53b811df5c65db36da584f9f40a90,ES14,ES14C2,68,2/17/2015,3:00 PM,4:30 PM,3063,5,5,0,0,5,true,"[0,1,2,3,4]",0,2015-02-17T16:11:55.451600,BLOCKED,saved_finish_absent_start_plus_max_time_only_inferred,passed
2d926d4eb7e01e16a8711b98517a69eb98a53b811df5c65db36da584f9f40a90,ES14,ES14C2,69,04/20/2015,3:30 PM,6:30 PM,4551,10,5,0,5,5,true,"[1,3,5,7,9]",0,2015-04-20T17:55:31.586500,BLOCKED,saved_finish_absent_start_plus_max_time_only_inferred,passed
2d926d4eb7e01e16a8711b98517a69eb98a53b811df5c65db36da584f9f40a90,ES14,ES14C2,70,04/28/2015,11:30 AM,2:00 PM,4748,10,5,0,5,5,true,"[1,3,5,7,9]",0,2015-04-28T13:35:10.449600,BLOCKED,saved_finish_absent_start_plus_max_time_only_inferred,passed
2d926d4eb7e01e16a8711b98517a69eb98a53b811df5c65db36da584f9f40a90,ES14,ES14C2,71,05/04/2015,1:30 PM,4:30 PM,4891.5,10,5,0,5,5,true,"[1,3,5,7,9]",0,2015-05-04T15:43:45.520500,BLOCKED,saved_finish_absent_start_plus_max_time_only_inferred,passed
2d926d4eb7e01e16a8711b98517a69eb98a53b811df5c65db36da584f9f40a90,ES14,ES14C2,72,05/13/2015,2:00 PM,2:00 PM,5105.5,10,5,0,5,5,true,"[1,3,5,7,9]",0,2015-05-13T15:52:39.257500,BLOCKED,saved_finish_absent_start_plus_max_time_only_inferred,passed
2d926d4eb7e01e16a8711b98517a69eb98a53b811df5c65db36da584f9f40a90,ES14,ES14C3,0,9/29/2014,,,0,5,5,0,0,5,true,"[0,1,2,3,4]",0,2014-09-29T14:08:16.102600,BLOCKED,saved_finish_absent_start_plus_max_time_only_inferred,passed
2d926d4eb7e01e16a8711b98517a69eb98a53b811df5c65db36da584f9f40a90,ES14,ES14C3,1,9/30/2014,,,0,5,5,0,0,5,true,"[0,1,2,3,4]",0,2014-09-30T13:27:25.325600,BLOCKED,saved_finish_absent_start_plus_max_time_only_inferred,passed
2d926d4eb7e01e16a8711b98517a69eb98a53b811df5c65db36da584f9f40a90,ES14,ES14C3,2,10/1/2014,10:00 AM,12:00 PM,2,5,5,0,0,5,false,"[0,1,2,4,3]",0,2014-10-01T14:18:50.666500,BLOCKED,saved_finish_absent_start_plus_max_time_only_inferred,passed
2d926d4eb7e01e16a8711b98517a69eb98a53b811df5c65db36da584f9f40a90,ES14,ES14C3,3,10/2/2014,4:00 PM,1:00 PM,23,5,5,0,0,5,true,"[0,1,2,3,4]",0,2014-10-02T15:40:12.070500,BLOCKED,saved_finish_absent_start_plus_max_time_only_inferred,passed
2d926d4eb7e01e16a8711b98517a69eb98a53b811df5c65db36da584f9f40a90,ES14,ES14C3,4,10/3/2014,4:00 PM,7:20 AM,38.3333,5,5,0,0,5,true,"[0,1,2,3,4]",0,2014-10-03T10:04:00.939500,BLOCKED,saved_finish_absent_start_plus_max_time_only_inferred,passed
2d926d4eb7e01e16a8711b98517a69eb98a53b811df5c65db36da584f9f40a90,ES14,ES14C3,5,10/3/2014,10:20 AM,12:00 PM,40,5,5,0,0,5,true,"[0,1,2,3,4]",0,2014-10-03T14:14:38.935600,BLOCKED,saved_finish_absent_start_plus_max_time_only_inferred,passed
2d926d4eb7e01e16a8711b98517a69eb98a53b811df5c65db36da584f9f40a90,ES14,ES14C3,6,10/6/2014,2:25 PM,7:25 AM,105,5,5,0,0,5,true,"[0,1,2,3,4]",0,2014-10-06T09:31:17.939600,BLOCKED,saved_finish_absent_start_plus_max_time_only_inferred,passed
2d926d4eb7e01e16a8711b98517a69eb98a53b811df5c65db36da584f9f40a90,ES14,ES14C3,7,10/6/2014,9:40 AM,12:40 PM,108,5,5,0,0,5,true,"[0,1,2,3,4]",0,2014-10-06T14:41:41.937500,BLOCKED,saved_finish_absent_start_plus_max_time_only_inferred,passed
2d926d4eb7e01e16a8711b98517a69eb98a53b811df5c65db36da584f9f40a90,ES14,ES14C3,8,10/7/2014,2:55 PM,7:55 AM,125,5,5,0,0,5,true,"[0,1,2,3,4]",0,2014-10-07T09:31:13.934500,BLOCKED,saved_finish_absent_start_plus_max_time_only_inferred,passed
2d926d4eb7e01e16a8711b98517a69eb98a53b811df5c65db36da584f9f40a90,ES14,ES14C3,9,10/7/2014,9:45 AM,12:45 PM,128,5,5,0,0,5,true,"[0,1,2,3,4]",0,2014-10-07T14:45:00.804500,BLOCKED,saved_finish_absent_start_plus_max_time_only_inferred,passed
2d926d4eb7e01e16a8711b98517a69eb98a53b811df5c65db36da584f9f40a90,ES14,ES14C3,10,10/8/2014,3:00 PM,9:00 AM,146,6,6,0,0,6,false,"[5,0,1,2,3,4]",0,2014-10-08T11:15:17.655500,BLOCKED,saved_finish_absent_start_plus_max_time_only_inferred,passed
2d926d4eb7e01e16a8711b98517a69eb98a53b811df5c65db36da584f9f40a90,ES14,ES14C3,11,10/9/2014,11:30 AM,7:30 AM,166,5,5,0,0,5,true,"[0,1,2,3,4]",0,2014-10-09T09:29:12.805500,BLOCKED,saved_finish_absent_start_plus_max_time_only_inferred,passed
2d926d4eb7e01e16a8711b98517a69eb98a53b811df5c65db36da584f9f40a90,ES14,ES14C3,12,10/10/2014,9:40 AM,7:40 AM,188,5,5,0,0,5,true,"[0,1,2,3,4]",0,2014-10-10T10:03:00.807500,BLOCKED,saved_finish_absent_start_plus_max_time_only_inferred,passed
2d926d4eb7e01e16a8711b98517a69eb98a53b811df5c65db36da584f9f40a90,ES14,ES14C3,13,10/10/2014,10:15 AM,2:15 PM,192,5,5,0,0,5,true,"[0,1,2,3,4]",0,2014-10-10T16:14:14.711600,BLOCKED,saved_finish_absent_start_plus_max_time_only_inferred,passed
2d926d4eb7e01e16a8711b98517a69eb98a53b811df5c65db36da584f9f40a90,ES14,ES14C3,14,10/13/2014,4:25 PM,11:25 AM,259,5,5,0,0,5,true,"[0,1,2,3,4]",0,2014-10-13T13:21:55.406600,BLOCKED,saved_finish_absent_start_plus_max_time_only_inferred,passed
2d926d4eb7e01e16a8711b98517a69eb98a53b811df5c65db36da584f9f40a90,ES14,ES14C3,15,10/14/2014,1:45 PM,7:45 AM,277,5,5,0,0,5,true,"[0,1,2,3,4]",0,2014-10-14T10:23:41.271500,BLOCKED,saved_finish_absent_start_plus_max_time_only_inferred,passed
2d926d4eb7e01e16a8711b98517a69eb98a53b811df5c65db36da584f9f40a90,ES14,ES14C3,16,10/14/2014,10:30 AM,12:30 PM,279,5,5,0,0,5,true,"[0,1,2,3,4]",0,2014-10-14T14:40:11.804500,BLOCKED,saved_finish_absent_start_plus_max_time_only_inferred,passed
2d926d4eb7e01e16a8711b98517a69eb98a53b811df5c65db36da584f9f40a90,ES14,ES14C3,17,10/15/2014,2:50 PM,8:30 AM,296.66,5,5,0,0,5,true,"[0,1,2,3,4]",0,2014-10-15T10:29:54.792600,BLOCKED,saved_finish_absent_start_plus_max_time_only_inferred,passed
2d926d4eb7e01e16a8711b98517a69eb98a53b811df5c65db36da584f9f40a90,ES14,ES14C3,18,10/16/2014,10:40 AM,7:00 AM,317,5,5,0,0,5,true,"[0,1,2,3,4]",0,2014-10-16T09:08:14.262600,BLOCKED,saved_finish_absent_start_plus_max_time_only_inferred,passed
2d926d4eb7e01e16a8711b98517a69eb98a53b811df5c65db36da584f9f40a90,ES14,ES14C3,19,10/17/2014,10:00 AM,9:00 AM,352,5,5,0,0,5,true,"[0,1,2,3,4]",0,2014-10-17T10:42:53.801500,BLOCKED,saved_finish_absent_start_plus_max_time_only_inferred,passed
2d926d4eb7e01e16a8711b98517a69eb98a53b811df5c65db36da584f9f40a90,ES14,ES14C3,20,10/17/2014,11:30 AM,2:30 PM,355,5,5,0,0,5,true,"[0,1,2,3,4]",0,2014-10-17T16:45:15.792500,BLOCKED,saved_finish_absent_start_plus_max_time_only_inferred,passed
2d926d4eb7e01e16a8711b98517a69eb98a53b811df5c65db36da584f9f40a90,ES14,ES14C3,21,10/20/2014,4:30 PM,9:00 AM,419.5,5,5,0,0,5,true,"[0,1,2,3,4]",0,2014-10-20T11:01:37.939500,BLOCKED,saved_finish_absent_start_plus_max_time_only_inferred,passed
2d926d4eb7e01e16a8711b98517a69eb98a53b811df5c65db36da584f9f40a90,ES14,ES14C3,22,10/20/2014,11:15 AM,1:45 PM,422,5,5,0,0,5,true,"[0,1,2,3,4]",0,2014-10-20T15:41:41.806500,BLOCKED,saved_finish_absent_start_plus_max_time_only_inferred,passed
2d926d4eb7e01e16a8711b98517a69eb98a53b811df5c65db36da584f9f40a90,ES14,ES14C3,23,10/21/2014,4:00 PM,7:00 AM,437,5,5,0,0,5,true,"[0,1,2,3,4]",0,2014-10-21T09:38:43.934500,BLOCKED,saved_finish_absent_start_plus_max_time_only_inferred,passed
2d926d4eb7e01e16a8711b98517a69eb98a53b811df5c65db36da584f9f40a90,ES14,ES14C3,24,10/21/2014,10:00 AM,3:00 PM,442,5,5,0,0,5,true,"[0,1,2,3,4]",0,2014-10-21T17:04:22.938600,BLOCKED,saved_finish_absent_start_plus_max_time_only_inferred,passed
2d926d4eb7e01e16a8711b98517a69eb98a53b811df5c65db36da584f9f40a90,ES14,ES14C3,25,10/22/2014,5:15 PM,7:15 AM,456,5,5,0,0,5,true,"[0,1,2,3,4]",0,2014-10-22T09:21:36.939500,BLOCKED,saved_finish_absent_start_plus_max_time_only_inferred,passed
2d926d4eb7e01e16a8711b98517a69eb98a53b811df5c65db36da584f9f40a90,ES14,ES14C3,26,10/23/2014,4:40 PM,9:10 AM,472.5,5,5,0,0,5,true,"[0,1,2,3,4]",0,2014-10-23T11:05:16.659500,BLOCKED,saved_finish_absent_start_plus_max_time_only_inferred,passed
2d926d4eb7e01e16a8711b98517a69eb98a53b811df5c65db36da584f9f40a90,ES14,ES14C3,27,10/24/2014,11:45 AM,9:15 AM,494,5,5,0,0,5,true,"[0,1,2,3,4]",0,2014-10-24T11:09:43.524600,BLOCKED,saved_finish_absent_start_plus_max_time_only_inferred,passed
2d926d4eb7e01e16a8711b98517a69eb98a53b811df5c65db36da584f9f40a90,ES14,ES14C3,28,10/24/2014,12:10 PM,2:10 PM,496,5,5,0,0,5,true,"[0,1,2,3,4]",0,2014-10-24T16:18:15.787600,BLOCKED,saved_finish_absent_start_plus_max_time_only_inferred,passed
2d926d4eb7e01e16a8711b98517a69eb98a53b811df5c65db36da584f9f40a90,ES14,ES14C3,29,10/27/2014,4:30 PM,8:30 AM,560,5,5,0,0,5,true,"[0,1,2,3,4]",0,2014-10-27T10:45:04.578500,BLOCKED,saved_finish_absent_start_plus_max_time_only_inferred,passed
2d926d4eb7e01e16a8711b98517a69eb98a53b811df5c65db36da584f9f40a90,ES14,ES14C3,30,10/27/2014,11:35 AM,1:35 PM,562,5,5,0,0,5,true,"[0,1,2,3,4]",0,2014-10-27T15:34:38.525500,BLOCKED,saved_finish_absent_start_plus_max_time_only_inferred,passed
2d926d4eb7e01e16a8711b98517a69eb98a53b811df5c65db36da584f9f40a90,ES14,ES14C3,31,10/28/2014,3:45 PM,8:15 AM,578.5,5,5,0,0,5,true,"[0,1,2,3,4]",0,2014-10-28T12:13:04.527500,BLOCKED,saved_finish_absent_start_plus_max_time_only_inferred,passed
2d926d4eb7e01e16a8711b98517a69eb98a53b811df5c65db36da584f9f40a90,ES14,ES14C3,32,10/29/2014,12:15 PM,7:15 AM,597.5,5,5,0,0,5,true,"[0,1,2,3,4]",0,2014-10-29T09:10:19.528500,BLOCKED,saved_finish_absent_start_plus_max_time_only_inferred,passed
2d926d4eb7e01e16a8711b98517a69eb98a53b811df5c65db36da584f9f40a90,ES14,ES14C3,33,10/29/2014,9:20 AM,1:50 PM,602,5,5,0,0,5,true,"[0,1,2,3,4]",0,2014-10-29T16:02:46.546600,BLOCKED,saved_finish_absent_start_plus_max_time_only_inferred,passed
2d926d4eb7e01e16a8711b98517a69eb98a53b811df5c65db36da584f9f40a90,ES14,ES14C3,34,10/30/2014,4:15 PM,9:15 AM,619,5,5,0,0,5,true,"[0,1,2,3,4]",0,2014-10-30T11:17:22.528600,BLOCKED,saved_finish_absent_start_plus_max_time_only_inferred,passed
2d926d4eb7e01e16a8711b98517a69eb98a53b811df5c65db36da584f9f40a90,ES14,ES14C3,35,10/30/2014,11:25 AM,3:25 PM,623,5,5,0,0,5,true,"[0,1,2,3,4]",0,2014-10-30T17:57:08.528500,BLOCKED,saved_finish_absent_start_plus_max_time_only_inferred,passed
2d926d4eb7e01e16a8711b98517a69eb98a53b811df5c65db36da584f9f40a90,ES14,ES14C3,36,10/31/2014,6:05 PM,9:15 AM,650.25,5,5,0,0,5,true,"[0,1,2,3,4]",0,2014-10-31T11:22:17.524500,BLOCKED,saved_finish_absent_start_plus_max_time_only_inferred,passed
2d926d4eb7e01e16a8711b98517a69eb98a53b811df5c65db36da584f9f40a90,ES14,ES14C3,37,11/3/2014,11:45 AM,8:30 AM,719,5,5,0,0,5,true,"[0,1,2,3,4]",0,2014-11-03T10:18:36.393600,BLOCKED,saved_finish_absent_start_plus_max_time_only_inferred,passed
2d926d4eb7e01e16a8711b98517a69eb98a53b811df5c65db36da584f9f40a90,ES14,ES14C3,38,11/4/2014,10:30 AM,8:00 AM,740.5,5,5,0,0,5,true,"[0,1,2,3,4]",0,2014-11-04T10:06:27.525500,BLOCKED,saved_finish_absent_start_plus_max_time_only_inferred,passed
2d926d4eb7e01e16a8711b98517a69eb98a53b811df5c65db36da584f9f40a90,ES14,ES14C3,39,11/5/2014,2:30 PM,9:00 AM,759,5,5,0,0,5,true,"[0,1,2,3,4]",0,2014-11-05T15:14:55.525500,BLOCKED,saved_finish_absent_start_plus_max_time_only_inferred,passed
2d926d4eb7e01e16a8711b98517a69eb98a53b811df5c65db36da584f9f40a90,ES14,ES14C3,40,11/6/2014,3:45 PM,8:15 AM,775.5,5,5,0,0,5,true,"[0,1,2,3,4]",0,2014-11-06T10:27:05.332500,BLOCKED,saved_finish_absent_start_plus_max_time_only_inferred,passed
2d926d4eb7e01e16a8711b98517a69eb98a53b811df5c65db36da584f9f40a90,ES14,ES14C3,41,11/6/2014,10:40 AM,2:20 PM,779,5,5,0,0,5,true,"[0,1,2,3,4]",0,2014-11-06T16:48:27.596500,BLOCKED,saved_finish_absent_start_plus_max_time_only_inferred,passed
2d926d4eb7e01e16a8711b98517a69eb98a53b811df5c65db36da584f9f40a90,ES14,ES14C3,42,11/7/2014,5:00 PM,1:00 PM,799,5,5,0,0,5,true,"[0,1,2,3,4]",0,2014-11-07T15:41:31.465500,BLOCKED,saved_finish_absent_start_plus_max_time_only_inferred,passed
2d926d4eb7e01e16a8711b98517a69eb98a53b811df5c65db36da584f9f40a90,ES14,ES14C3,43,11/10/2014,10:00 AM,1:00 PM,802,5,5,0,0,5,true,"[0,1,2,3,4]",0,2014-11-10T15:22:22.325600,BLOCKED,saved_finish_absent_start_plus_max_time_only_inferred,passed
2d926d4eb7e01e16a8711b98517a69eb98a53b811df5c65db36da584f9f40a90,ES14,ES14C3,44,11/12/2014,3:30 PM,9:00 AM,843.5,5,5,0,0,5,true,"[0,1,2,3,4]",0,2014-11-12T11:39:57.467500,BLOCKED,saved_finish_absent_start_plus_max_time_only_inferred,passed
2d926d4eb7e01e16a8711b98517a69eb98a53b811df5c65db36da584f9f40a90,ES14,ES14C3,45,11/12/2014,12:00 PM,4:30 PM,848,5,5,0,0,5,true,"[0,1,2,3,4]",0,2014-11-12T18:54:23.462500,BLOCKED,saved_finish_absent_start_plus_max_time_only_inferred,passed
2d926d4eb7e01e16a8711b98517a69eb98a53b811df5c65db36da584f9f40a90,ES14,ES14C3,46,11/13/2014,7:00 PM,8:00 AM,861,5,5,0,0,5,true,"[0,1,2,3,4]",0,2014-11-13T09:50:19.058600,BLOCKED,saved_finish_absent_start_plus_max_time_only_inferred,passed
2d926d4eb7e01e16a8711b98517a69eb98a53b811df5c65db36da584f9f40a90,ES14,ES14C3,47,11/13/2014,10:00 AM,2:00 PM,865,5,5,0,0,5,true,"[0,1,2,3,4]",0,2014-11-13T16:28:30.446600,BLOCKED,saved_finish_absent_start_plus_max_time_only_inferred,passed
2d926d4eb7e01e16a8711b98517a69eb98a53b811df5c65db36da584f9f40a90,ES14,ES14C3,48,11/14/2014,4:45 PM,2:15 PM,886.5,5,5,0,0,5,true,"[0,1,2,3,4]",0,2014-11-14T16:46:40.041600,BLOCKED,saved_finish_absent_start_plus_max_time_only_inferred,passed
2d926d4eb7e01e16a8711b98517a69eb98a53b811df5c65db36da584f9f40a90,ES14,ES14C3,49,11/17/2014,5:00 PM,10:00 AM,951.5,5,5,0,0,5,true,"[0,1,2,3,4]",0,2014-11-17T12:11:09.041500,BLOCKED,saved_finish_absent_start_plus_max_time_only_inferred,passed
2d926d4eb7e01e16a8711b98517a69eb98a53b811df5c65db36da584f9f40a90,ES14,ES14C3,50,11/17/2014,12:30 PM,2:00 PM,953,5,5,0,0,5,true,"[0,1,2,3,4]",0,2014-11-17T15:59:53.230600,BLOCKED,saved_finish_absent_start_plus_max_time_only_inferred,passed
2d926d4eb7e01e16a8711b98517a69eb98a53b811df5c65db36da584f9f40a90,ES14,ES14C3,51,11/18/2014,4:15 PM,9:15 AM,970,5,5,0,0,5,true,"[0,1,2,3,4]",0,2014-11-18T11:03:58.325500,BLOCKED,saved_finish_absent_start_plus_max_time_only_inferred,passed
2d926d4eb7e01e16a8711b98517a69eb98a53b811df5c65db36da584f9f40a90,ES14,ES14C3,52,11/18/2014,11:15 AM,1:15 PM,972,5,5,0,0,5,true,"[0,1,2,3,4]",0,2014-11-18T15:35:59.201500,BLOCKED,saved_finish_absent_start_plus_max_time_only_inferred,passed
2d926d4eb7e01e16a8711b98517a69eb98a53b811df5c65db36da584f9f40a90,ES14,ES14C3,53,11/19/2014,3:45 PM,10:15 AM,990.5,5,5,0,0,5,true,"[0,1,2,3,4]",0,2014-11-19T13:44:29.054500,BLOCKED,saved_finish_absent_start_plus_max_time_only_inferred,passed
2d926d4eb7e01e16a8711b98517a69eb98a53b811df5c65db36da584f9f40a90,ES14,ES14C3,54,11/20/2014,2:00 PM,9:30 AM,1010,5,5,0,0,5,true,"[0,1,2,3,4]",0,2014-11-20T14:34:54.200500,BLOCKED,saved_finish_absent_start_plus_max_time_only_inferred,passed
2d926d4eb7e01e16a8711b98517a69eb98a53b811df5c65db36da584f9f40a90,ES14,ES14C3,55,11/21/2014,3:00 PM,10:00 AM,1029,5,5,0,0,5,true,"[0,1,2,3,4]",0,2014-11-21T13:10:50.200500,BLOCKED,saved_finish_absent_start_plus_max_time_only_inferred,passed
2d926d4eb7e01e16a8711b98517a69eb98a53b811df5c65db36da584f9f40a90,ES14,ES14C3,56,11/24/2014,2:00 PM,9:30 AM,1096.5,5,5,0,0,5,true,"[0,1,2,3,4]",0,2014-11-24T11:20:12.191500,BLOCKED,saved_finish_absent_start_plus_max_time_only_inferred,passed
2d926d4eb7e01e16a8711b98517a69eb98a53b811df5c65db36da584f9f40a90,ES14,ES14C3,57,11/25/2014,11:30 AM,3:00 PM,1124,5,5,0,0,5,true,"[0,1,2,3,4]",0,2014-11-25T19:05:55.060600,BLOCKED,saved_finish_absent_start_plus_max_time_only_inferred,passed
2d926d4eb7e01e16a8711b98517a69eb98a53b811df5c65db36da584f9f40a90,ES14,ES14C3,58,11/26/2014,7:15 PM,10:45 AM,1140.5,5,5,0,0,5,true,"[0,1,2,3,4]",0,2014-11-26T13:40:17.149600,BLOCKED,saved_finish_absent_start_plus_max_time_only_inferred,passed
2d926d4eb7e01e16a8711b98517a69eb98a53b811df5c65db36da584f9f40a90,ES14,ES14C3,59,12/1/2014,2:15 PM,10:45 AM,1257,5,5,0,0,5,true,"[0,1,2,3,4]",0,2014-12-01T13:03:46.282500,BLOCKED,saved_finish_absent_start_plus_max_time_only_inferred,passed
2d926d4eb7e01e16a8711b98517a69eb98a53b811df5c65db36da584f9f40a90,ES14,ES14C3,60,12/1/2014,1:20 PM,2:20 PM,1258,5,5,0,0,5,true,"[0,1,2,3,4]",0,2014-12-01T16:19:59.058600,BLOCKED,saved_finish_absent_start_plus_max_time_only_inferred,passed
2d926d4eb7e01e16a8711b98517a69eb98a53b811df5c65db36da584f9f40a90,ES14,ES14C3,61,12/3/2014,5:30 PM,10:30 AM,1299,5,5,0,0,5,true,"[0,1,2,3,4]",0,2014-12-03T12:36:47.060600,BLOCKED,saved_finish_absent_start_plus_max_time_only_inferred,passed
2d926d4eb7e01e16a8711b98517a69eb98a53b811df5c65db36da584f9f40a90,ES14,ES14C3,62,12/3/2014,1:15 PM,2:45 PM,1300.5,5,5,0,0,5,true,"[0,1,2,3,4]",0,2014-12-03T16:23:44.910600,BLOCKED,saved_finish_absent_start_plus_max_time_only_inferred,passed
2d926d4eb7e01e16a8711b98517a69eb98a53b811df5c65db36da584f9f40a90,ES14,ES14C3,63,12/4/2014,4:30 PM,9:30 AM,1317.5,5,5,0,0,5,true,"[0,1,2,3,4]",0,2014-12-04T11:39:05.907500,BLOCKED,saved_finish_absent_start_plus_max_time_only_inferred,passed
2d926d4eb7e01e16a8711b98517a69eb98a53b811df5c65db36da584f9f40a90,ES14,ES14C3,64,12/5/2014,11:45 AM,10:15 AM,1341,5,5,0,0,5,true,"[0,1,2,3,4]",0,2014-12-05T14:15:01.909600,BLOCKED,saved_finish_absent_start_plus_max_time_only_inferred,passed
2d926d4eb7e01e16a8711b98517a69eb98a53b811df5c65db36da584f9f40a90,ES14,ES14C3,65,12/8/2014,2:25 PM,9:25 AM,1408,5,5,0,0,5,true,"[0,1,2,3,4]",0,2014-12-08T12:54:40.191500,BLOCKED,saved_finish_absent_start_plus_max_time_only_inferred,passed
2d926d4eb7e01e16a8711b98517a69eb98a53b811df5c65db36da584f9f40a90,ES14,ES14C3,66,12/10/2014,1:15 PM,1:45 PM,1456.5,5,5,0,0,5,true,"[0,1,2,3,4]",0,2014-12-10T15:50:59.907600,BLOCKED,saved_finish_absent_start_plus_max_time_only_inferred,passed
2d926d4eb7e01e16a8711b98517a69eb98a53b811df5c65db36da584f9f40a90,ES14,ES14C3,67,12/16/2014,4:05 PM,9:35 AM,1594,5,5,0,0,5,true,"[0,1,2,3,4]",0,2014-12-16T11:46:42.061600,BLOCKED,saved_finish_absent_start_plus_max_time_only_inferred,passed
2d926d4eb7e01e16a8711b98517a69eb98a53b811df5c65db36da584f9f40a90,ES14,ES14C3,68,2/17/2015,3:00 PM,4:30 PM,3063,5,5,0,0,5,true,"[0,1,2,3,4]",0,2015-02-17T16:15:47.979500,BLOCKED,saved_finish_absent_start_plus_max_time_only_inferred,passed
2d926d4eb7e01e16a8711b98517a69eb98a53b811df5c65db36da584f9f40a90,ES14,ES14C3,69,04/20/2015,3:30 PM,6:30 PM,4551,10,5,0,5,5,true,"[1,3,5,7,9]",0,2015-04-20T17:58:59.984500,BLOCKED,saved_finish_absent_start_plus_max_time_only_inferred,passed
2d926d4eb7e01e16a8711b98517a69eb98a53b811df5c65db36da584f9f40a90,ES14,ES14C3,70,04/28/2015,11:30 AM,2:00 PM,4748,10,5,0,5,5,true,"[1,3,5,7,9]",0,2015-04-28T13:38:23.718600,BLOCKED,saved_finish_absent_start_plus_max_time_only_inferred,passed
2d926d4eb7e01e16a8711b98517a69eb98a53b811df5c65db36da584f9f40a90,ES14,ES14C3,71,05/04/2015,1:30 PM,4:30 PM,4891.5,10,5,0,5,5,true,"[1,3,5,7,9]",0,2015-05-04T15:49:17.456500,BLOCKED,saved_finish_absent_start_plus_max_time_only_inferred,passed
2d926d4eb7e01e16a8711b98517a69eb98a53b811df5c65db36da584f9f40a90,ES14,ES14C3,72,05/13/2015,2:00 PM,2:00 PM,5105.5,10,5,0,5,5,true,"[1,3,5,7,9]",0,2015-05-13T15:56:53.718500,BLOCKED,saved_finish_absent_start_plus_max_time_only_inferred,passed
2d926d4eb7e01e16a8711b98517a69eb98a53b811df5c65db36da584f9f40a90,ES14,ES14C4,0,9/29/2014,,,0,5,5,0,0,5,true,"[0,1,2,3,4]",0,2014-09-29T13:50:25.102500,BLOCKED,saved_finish_absent_start_plus_max_time_only_inferred,passed
2d926d4eb7e01e16a8711b98517a69eb98a53b811df5c65db36da584f9f40a90,ES14,ES14C4,1,9/30/2014,,,0,5,5,0,0,5,true,"[0,1,2,3,4]",0,2014-09-30T11:56:19.530600,BLOCKED,saved_finish_absent_start_plus_max_time_only_inferred,passed
2d926d4eb7e01e16a8711b98517a69eb98a53b811df5c65db36da584f9f40a90,ES14,ES14C4,2,10/1/2014,10:00 AM,12:00 PM,2,5,5,0,0,5,true,"[0,1,2,3,4]",0,2014-10-01T14:24:43.194600,BLOCKED,saved_finish_absent_start_plus_max_time_only_inferred,passed
2d926d4eb7e01e16a8711b98517a69eb98a53b811df5c65db36da584f9f40a90,ES14,ES14C4,3,10/2/2014,4:00 PM,1:00 PM,23,5,5,0,0,5,true,"[0,1,2,3,4]",0,2014-10-02T15:44:43.858500,BLOCKED,saved_finish_absent_start_plus_max_time_only_inferred,passed
2d926d4eb7e01e16a8711b98517a69eb98a53b811df5c65db36da584f9f40a90,ES14,ES14C4,4,10/3/2014,4:00 PM,7:20 AM,38.3333,5,5,0,0,5,true,"[0,1,2,3,4]",0,2014-10-03T10:08:17.405600,BLOCKED,saved_finish_absent_start_plus_max_time_only_inferred,passed
2d926d4eb7e01e16a8711b98517a69eb98a53b811df5c65db36da584f9f40a90,ES14,ES14C4,5,10/3/2014,10:20 AM,12:00 PM,40,5,5,0,0,5,true,"[0,1,2,3,4]",0,2014-10-03T14:18:07.601500,BLOCKED,saved_finish_absent_start_plus_max_time_only_inferred,passed
2d926d4eb7e01e16a8711b98517a69eb98a53b811df5c65db36da584f9f40a90,ES14,ES14C4,6,10/6/2014,2:25 PM,7:25 AM,105,5,5,0,0,5,true,"[0,1,2,3,4]",0,2014-10-06T09:35:25.729600,BLOCKED,saved_finish_absent_start_plus_max_time_only_inferred,passed
2d926d4eb7e01e16a8711b98517a69eb98a53b811df5c65db36da584f9f40a90,ES14,ES14C4,7,10/6/2014,9:40 AM,12:40 PM,108,5,5,0,0,5,true,"[0,1,2,3,4]",0,2014-10-06T14:48:30.325600,BLOCKED,saved_finish_absent_start_plus_max_time_only_inferred,passed
2d926d4eb7e01e16a8711b98517a69eb98a53b811df5c65db36da584f9f40a90,ES14,ES14C4,8,10/7/2014,2:55 PM,7:55 AM,125,5,5,0,0,5,true,"[0,1,2,3,4]",0,2014-10-07T09:35:55.599500,BLOCKED,saved_finish_absent_start_plus_max_time_only_inferred,passed
2d926d4eb7e01e16a8711b98517a69eb98a53b811df5c65db36da584f9f40a90,ES14,ES14C4,9,10/7/2014,9:45 AM,12:45 PM,128,5,5,0,0,5,true,"[0,1,2,3,4]",0,2014-10-07T14:50:42.486600,BLOCKED,saved_finish_absent_start_plus_max_time_only_inferred,passed
2d926d4eb7e01e16a8711b98517a69eb98a53b811df5c65db36da584f9f40a90,ES14,ES14C4,10,10/8/2014,3:00 PM,9:00 AM,146,5,5,0,0,5,true,"[0,1,2,3,4]",0,2014-10-08T11:09:49.061500,BLOCKED,saved_finish_absent_start_plus_max_time_only_inferred,passed
2d926d4eb7e01e16a8711b98517a69eb98a53b811df5c65db36da584f9f40a90,ES14,ES14C4,11,10/9/2014,11:30 AM,7:30 AM,166,5,5,0,0,5,true,"[0,1,2,3,4]",0,2014-10-09T09:32:52.636500,BLOCKED,saved_finish_absent_start_plus_max_time_only_inferred,passed
2d926d4eb7e01e16a8711b98517a69eb98a53b811df5c65db36da584f9f40a90,ES14,ES14C4,12,10/10/2014,9:40 AM,7:40 AM,188,5,5,0,0,5,true,"[0,1,2,3,4]",0,2014-10-10T10:07:06.191500,BLOCKED,saved_finish_absent_start_plus_max_time_only_inferred,passed
2d926d4eb7e01e16a8711b98517a69eb98a53b811df5c65db36da584f9f40a90,ES14,ES14C4,13,10/10/2014,10:15 AM,2:15 PM,192,5,5,0,0,5,true,"[0,1,2,3,4]",0,2014-10-10T16:18:17.059500,BLOCKED,saved_finish_absent_start_plus_max_time_only_inferred,passed
2d926d4eb7e01e16a8711b98517a69eb98a53b811df5c65db36da584f9f40a90,ES14,ES14C4,14,10/13/2014,4:25 PM,11:25 AM,259,5,5,0,0,5,true,"[0,1,2,3,4]",0,2014-10-13T13:26:19.202600,BLOCKED,saved_finish_absent_start_plus_max_time_only_inferred,passed
2d926d4eb7e01e16a8711b98517a69eb98a53b811df5c65db36da584f9f40a90,ES14,ES14C4,15,10/14/2014,1:45 PM,7:45 AM,277,5,5,0,0,5,true,"[0,1,2,3,4]",0,2014-10-14T10:27:35.058600,BLOCKED,saved_finish_absent_start_plus_max_time_only_inferred,passed
2d926d4eb7e01e16a8711b98517a69eb98a53b811df5c65db36da584f9f40a90,ES14,ES14C4,16,10/14/2014,10:30 AM,12:30 PM,279,5,5,0,0,5,true,"[0,1,2,3,4]",0,2014-10-14T14:43:43.059500,BLOCKED,saved_finish_absent_start_plus_max_time_only_inferred,passed
2d926d4eb7e01e16a8711b98517a69eb98a53b811df5c65db36da584f9f40a90,ES14,ES14C4,17,10/15/2014,2:50 PM,8:30 AM,296.66,5,5,0,0,5,true,"[0,1,2,3,4]",0,2014-10-15T10:34:51.598600,BLOCKED,saved_finish_absent_start_plus_max_time_only_inferred,passed
2d926d4eb7e01e16a8711b98517a69eb98a53b811df5c65db36da584f9f40a90,ES14,ES14C4,18,10/16/2014,10:40 AM,7:00 AM,317,5,5,0,0,5,true,"[0,1,2,3,4]",0,2014-10-16T09:12:50.933600,BLOCKED,saved_finish_absent_start_plus_max_time_only_inferred,passed
2d926d4eb7e01e16a8711b98517a69eb98a53b811df5c65db36da584f9f40a90,ES14,ES14C4,19,10/17/2014,10:00 AM,9:00 AM,352,5,5,0,0,5,true,"[0,1,2,3,4]",0,2014-10-17T10:46:24.171500,BLOCKED,saved_finish_absent_start_plus_max_time_only_inferred,passed
2d926d4eb7e01e16a8711b98517a69eb98a53b811df5c65db36da584f9f40a90,ES14,ES14C4,20,10/17/2014,11:30 AM,2:30 PM,355,5,5,0,0,5,true,"[0,1,2,3,4]",0,2014-10-17T16:49:10.634600,BLOCKED,saved_finish_absent_start_plus_max_time_only_inferred,passed
2d926d4eb7e01e16a8711b98517a69eb98a53b811df5c65db36da584f9f40a90,ES14,ES14C4,21,10/20/2014,4:30 PM,9:00 AM,419.5,5,5,0,0,5,true,"[0,1,2,3,4]",0,2014-10-20T11:05:20.637600,BLOCKED,saved_finish_absent_start_plus_max_time_only_inferred,passed
2d926d4eb7e01e16a8711b98517a69eb98a53b811df5c65db36da584f9f40a90,ES14,ES14C4,22,10/20/2014,11:15 AM,1:45 PM,422,5,5,0,0,5,true,"[0,1,2,3,4]",0,2014-10-20T15:45:36.192500,BLOCKED,saved_finish_absent_start_plus_max_time_only_inferred,passed
2d926d4eb7e01e16a8711b98517a69eb98a53b811df5c65db36da584f9f40a90,ES14,ES14C4,23,10/21/2014,4:00 PM,7:00 AM,437,5,5,0,0,5,true,"[0,1,2,3,4]",0,2014-10-21T09:43:48.457500,BLOCKED,saved_finish_absent_start_plus_max_time_only_inferred,passed
2d926d4eb7e01e16a8711b98517a69eb98a53b811df5c65db36da584f9f40a90,ES14,ES14C4,24,10/21/2014,10:00 AM,3:00 PM,442,5,5,0,0,5,true,"[0,1,2,3,4]",0,2014-10-21T17:11:50.493600,BLOCKED,saved_finish_absent_start_plus_max_time_only_inferred,passed
2d926d4eb7e01e16a8711b98517a69eb98a53b811df5c65db36da584f9f40a90,ES14,ES14C4,25,10/22/2014,5:15 PM,7:15 AM,456,5,5,0,0,5,true,"[0,1,2,3,4]",0,2014-10-22T09:26:29.446500,BLOCKED,saved_finish_absent_start_plus_max_time_only_inferred,passed
2d926d4eb7e01e16a8711b98517a69eb98a53b811df5c65db36da584f9f40a90,ES14,ES14C4,26,10/23/2014,4:40 PM,9:10 AM,472.5,5,5,0,0,5,true,"[0,1,2,3,4]",0,2014-10-23T11:09:14.040600,BLOCKED,saved_finish_absent_start_plus_max_time_only_inferred,passed
2d926d4eb7e01e16a8711b98517a69eb98a53b811df5c65db36da584f9f40a90,ES14,ES14C4,27,10/24/2014,11:45 AM,9:15 AM,494,5,5,0,0,5,true,"[0,1,2,3,4]",0,2014-10-24T11:19:39.172600,BLOCKED,saved_finish_absent_start_plus_max_time_only_inferred,passed
2d926d4eb7e01e16a8711b98517a69eb98a53b811df5c65db36da584f9f40a90,ES14,ES14C4,28,10/24/2014,12:10 PM,2:10 PM,496,5,5,0,0,5,true,"[0,1,2,3,4]",0,2014-10-24T16:23:47.172600,BLOCKED,saved_finish_absent_start_plus_max_time_only_inferred,passed
2d926d4eb7e01e16a8711b98517a69eb98a53b811df5c65db36da584f9f40a90,ES14,ES14C4,29,10/27/2014,4:30 PM,8:30 AM,560,5,5,0,0,5,true,"[0,1,2,3,4]",0,2014-10-27T10:43:50.341500,BLOCKED,saved_finish_absent_start_plus_max_time_only_inferred,passed
2d926d4eb7e01e16a8711b98517a69eb98a53b811df5c65db36da584f9f40a90,ES14,ES14C4,30,10/27/2014,11:35 AM,1:35 PM,562,5,5,0,0,5,true,"[0,1,2,3,4]",0,2014-10-27T15:38:50.464600,BLOCKED,saved_finish_absent_start_plus_max_time_only_inferred,passed
2d926d4eb7e01e16a8711b98517a69eb98a53b811df5c65db36da584f9f40a90,ES14,ES14C4,31,10/28/2014,3:45 PM,8:15 AM,578.5,6,6,0,0,6,true,"[0,1,2,3,4,5]",0,2014-10-28T12:18:15.192600,BLOCKED,saved_finish_absent_start_plus_max_time_only_inferred,passed
2d926d4eb7e01e16a8711b98517a69eb98a53b811df5c65db36da584f9f40a90,ES14,ES14C4,32,10/29/2014,12:15 PM,7:15 AM,597.5,5,5,0,0,5,true,"[0,1,2,3,4]",0,2014-10-29T09:13:50.333600,BLOCKED,saved_finish_absent_start_plus_max_time_only_inferred,passed
2d926d4eb7e01e16a8711b98517a69eb98a53b811df5c65db36da584f9f40a90,ES14,ES14C4,33,10/29/2014,9:20 AM,1:50 PM,602,5,5,0,0,5,true,"[0,1,2,3,4]",0,2014-10-29T16:06:22.189500,BLOCKED,saved_finish_absent_start_plus_max_time_only_inferred,passed
2d926d4eb7e01e16a8711b98517a69eb98a53b811df5c65db36da584f9f40a90,ES14,ES14C4,34,10/30/2014,4:15 PM,9:15 AM,619,5,5,0,0,5,true,"[0,1,2,3,4]",0,2014-10-30T11:21:39.325600,BLOCKED,saved_finish_absent_start_plus_max_time_only_inferred,passed
2d926d4eb7e01e16a8711b98517a69eb98a53b811df5c65db36da584f9f40a90,ES14,ES14C4,35,10/30/2014,11:25 AM,3:25 PM,623,5,5,0,0,5,true,"[0,1,2,3,4]",0,2014-10-30T18:00:59.193600,BLOCKED,saved_finish_absent_start_plus_max_time_only_inferred,passed
2d926d4eb7e01e16a8711b98517a69eb98a53b811df5c65db36da584f9f40a90,ES14,ES14C4,36,10/31/2014,6:05 PM,9:15 AM,650.25,5,5,0,0,5,true,"[0,1,2,3,4]",0,2014-10-31T11:27:23.323500,BLOCKED,saved_finish_absent_start_plus_max_time_only_inferred,passed
2d926d4eb7e01e16a8711b98517a69eb98a53b811df5c65db36da584f9f40a90,ES14,ES14C4,37,11/3/2014,11:45 AM,8:30 AM,719,5,5,0,0,5,true,"[0,1,2,3,4]",0,2014-11-03T10:22:32.503600,BLOCKED,saved_finish_absent_start_plus_max_time_only_inferred,passed
2d926d4eb7e01e16a8711b98517a69eb98a53b811df5c65db36da584f9f40a90,ES14,ES14C4,38,11/4/2014,10:30 AM,8:00 AM,740.5,5,5,0,0,5,true,"[0,1,2,3,4]",0,2014-11-04T13:30:50.063500,BLOCKED,saved_finish_absent_start_plus_max_time_only_inferred,passed
2d926d4eb7e01e16a8711b98517a69eb98a53b811df5c65db36da584f9f40a90,ES14,ES14C4,39,11/5/2014,2:30 PM,9:00 AM,759,5,5,0,0,5,true,"[0,1,2,3,4]",0,2014-11-05T15:22:13.335600,BLOCKED,saved_finish_absent_start_plus_max_time_only_inferred,passed
2d926d4eb7e01e16a8711b98517a69eb98a53b811df5c65db36da584f9f40a90,ES14,ES14C4,40,11/6/2014,3:45 PM,8:15 AM,775.5,5,5,0,0,5,true,"[0,1,2,3,4]",0,2014-11-06T10:31:57.058600,BLOCKED,saved_finish_absent_start_plus_max_time_only_inferred,passed
2d926d4eb7e01e16a8711b98517a69eb98a53b811df5c65db36da584f9f40a90,ES14,ES14C4,41,11/6/2014,10:40 AM,2:20 PM,779,5,5,0,0,5,true,"[0,1,2,3,4]",0,2014-11-06T16:54:56.177500,BLOCKED,saved_finish_absent_start_plus_max_time_only_inferred,passed
2d926d4eb7e01e16a8711b98517a69eb98a53b811df5c65db36da584f9f40a90,ES14,ES14C4,42,11/7/2014,5:00 PM,1:00 PM,799,5,5,0,0,5,true,"[0,1,2,3,4]",0,2014-11-07T15:45:22.201600,BLOCKED,saved_finish_absent_start_plus_max_time_only_inferred,passed
2d926d4eb7e01e16a8711b98517a69eb98a53b811df5c65db36da584f9f40a90,ES14,ES14C4,43,11/10/2014,10:00 AM,1:00 PM,802,5,5,0,0,5,true,"[0,1,2,3,4]",0,2014-11-10T15:31:05.152600,BLOCKED,saved_finish_absent_start_plus_max_time_only_inferred,passed
2d926d4eb7e01e16a8711b98517a69eb98a53b811df5c65db36da584f9f40a90,ES14,ES14C4,44,11/12/2014,3:30 PM,9:00 AM,843.5,5,5,0,0,5,true,"[0,1,2,3,4]",0,2014-11-12T11:44:50.061600,BLOCKED,saved_finish_absent_start_plus_max_time_only_inferred,passed
2d926d4eb7e01e16a8711b98517a69eb98a53b811df5c65db36da584f9f40a90,ES14,ES14C4,45,11/12/2014,12:00 PM,4:30 PM,848,5,5,0,0,5,true,"[0,1,2,3,4]",0,2014-11-12T18:57:56.201600,BLOCKED,saved_finish_absent_start_plus_max_time_only_inferred,passed
2d926d4eb7e01e16a8711b98517a69eb98a53b811df5c65db36da584f9f40a90,ES14,ES14C4,46,11/13/2014,7:00 PM,8:00 AM,861,5,5,0,0,5,true,"[0,1,2,3,4]",0,2014-11-13T09:54:25.149600,BLOCKED,saved_finish_absent_start_plus_max_time_only_inferred,passed
2d926d4eb7e01e16a8711b98517a69eb98a53b811df5c65db36da584f9f40a90,ES14,ES14C4,47,11/13/2014,10:00 AM,2:00 PM,865,5,5,0,0,5,true,"[0,1,2,3,4]",0,2014-11-13T16:37:05.199500,BLOCKED,saved_finish_absent_start_plus_max_time_only_inferred,passed
2d926d4eb7e01e16a8711b98517a69eb98a53b811df5c65db36da584f9f40a90,ES14,ES14C4,48,11/14/2014,4:45 PM,2:15 PM,886.5,5,5,0,0,5,true,"[0,1,2,3,4]",0,2014-11-14T16:51:06.060600,BLOCKED,saved_finish_absent_start_plus_max_time_only_inferred,passed
2d926d4eb7e01e16a8711b98517a69eb98a53b811df5c65db36da584f9f40a90,ES14,ES14C4,49,11/17/2014,5:00 PM,10:00 AM,951.5,5,5,0,0,5,true,"[0,1,2,3,4]",0,2014-11-17T12:15:24.061500,BLOCKED,saved_finish_absent_start_plus_max_time_only_inferred,passed
2d926d4eb7e01e16a8711b98517a69eb98a53b811df5c65db36da584f9f40a90,ES14,ES14C4,50,11/17/2014,12:30 PM,2:00 PM,953,5,5,0,0,5,true,"[0,1,2,3,4]",0,2014-11-17T16:03:47.060500,BLOCKED,saved_finish_absent_start_plus_max_time_only_inferred,passed
2d926d4eb7e01e16a8711b98517a69eb98a53b811df5c65db36da584f9f40a90,ES14,ES14C4,51,11/18/2014,4:15 PM,9:15 AM,970,5,5,0,0,5,true,"[0,1,2,3,4]",0,2014-11-18T11:07:56.195500,BLOCKED,saved_finish_absent_start_plus_max_time_only_inferred,passed
2d926d4eb7e01e16a8711b98517a69eb98a53b811df5c65db36da584f9f40a90,ES14,ES14C4,52,11/18/2014,11:15 AM,1:15 PM,972,5,5,0,0,5,true,"[0,1,2,3,4]",0,2014-11-18T15:39:44.282500,BLOCKED,saved_finish_absent_start_plus_max_time_only_inferred,passed
2d926d4eb7e01e16a8711b98517a69eb98a53b811df5c65db36da584f9f40a90,ES14,ES14C4,53,11/19/2014,3:45 PM,10:15 AM,990.5,5,5,0,0,5,true,"[0,1,2,3,4]",0,2014-11-19T13:49:28.059600,BLOCKED,saved_finish_absent_start_plus_max_time_only_inferred,passed
2d926d4eb7e01e16a8711b98517a69eb98a53b811df5c65db36da584f9f40a90,ES14,ES14C4,54,11/20/2014,2:00 PM,9:30 AM,1010,5,5,0,0,5,true,"[0,1,2,3,4]",0,2014-11-20T14:38:33.060500,BLOCKED,saved_finish_absent_start_plus_max_time_only_inferred,passed
2d926d4eb7e01e16a8711b98517a69eb98a53b811df5c65db36da584f9f40a90,ES14,ES14C4,55,11/21/2014,3:00 PM,10:00 AM,1029,5,5,0,0,5,true,"[0,1,2,3,4]",0,2014-11-21T13:17:07.059500,BLOCKED,saved_finish_absent_start_plus_max_time_only_inferred,passed
2d926d4eb7e01e16a8711b98517a69eb98a53b811df5c65db36da584f9f40a90,ES14,ES14C4,56,11/24/2014,2:00 PM,9:30 AM,1096.5,5,5,0,0,5,true,"[0,1,2,3,4]",0,2014-11-24T11:23:48.190500,BLOCKED,saved_finish_absent_start_plus_max_time_only_inferred,passed
2d926d4eb7e01e16a8711b98517a69eb98a53b811df5c65db36da584f9f40a90,ES14,ES14C4,57,11/25/2014,11:30 AM,3:00 PM,1124,5,5,0,0,5,true,"[0,1,2,3,4]",0,2014-11-25T19:09:26.200600,BLOCKED,saved_finish_absent_start_plus_max_time_only_inferred,passed
2d926d4eb7e01e16a8711b98517a69eb98a53b811df5c65db36da584f9f40a90,ES14,ES14C4,58,11/26/2014,7:15 PM,10:45 AM,1140.5,5,5,0,0,5,true,"[0,1,2,3,4]",0,2014-11-26T13:43:53.113600,BLOCKED,saved_finish_absent_start_plus_max_time_only_inferred,passed
2d926d4eb7e01e16a8711b98517a69eb98a53b811df5c65db36da584f9f40a90,ES14,ES14C4,59,12/1/2014,2:15 PM,10:45 AM,1257,5,5,0,0,5,true,"[0,1,2,3,4]",0,2014-12-01T13:09:54.060500,BLOCKED,saved_finish_absent_start_plus_max_time_only_inferred,passed
2d926d4eb7e01e16a8711b98517a69eb98a53b811df5c65db36da584f9f40a90,ES14,ES14C4,60,12/1/2014,1:20 PM,2:20 PM,1258,5,5,0,0,5,true,"[0,1,2,3,4]",0,2014-12-01T16:25:50.280500,BLOCKED,saved_finish_absent_start_plus_max_time_only_inferred,passed
2d926d4eb7e01e16a8711b98517a69eb98a53b811df5c65db36da584f9f40a90,ES14,ES14C4,61,12/3/2014,5:30 PM,10:30 AM,1299,5,5,0,0,5,true,"[0,1,2,3,4]",0,2014-12-03T12:40:52.056500,BLOCKED,saved_finish_absent_start_plus_max_time_only_inferred,passed
2d926d4eb7e01e16a8711b98517a69eb98a53b811df5c65db36da584f9f40a90,ES14,ES14C4,62,12/3/2014,1:15 PM,2:45 PM,1300.5,5,5,0,0,5,true,"[0,1,2,3,4]",0,2014-12-03T16:27:25.057500,BLOCKED,saved_finish_absent_start_plus_max_time_only_inferred,passed
2d926d4eb7e01e16a8711b98517a69eb98a53b811df5c65db36da584f9f40a90,ES14,ES14C4,63,12/4/2014,4:30 PM,9:30 AM,1317.5,5,5,0,0,5,true,"[0,1,2,3,4]",0,2014-12-04T11:43:01.051500,BLOCKED,saved_finish_absent_start_plus_max_time_only_inferred,passed
2d926d4eb7e01e16a8711b98517a69eb98a53b811df5c65db36da584f9f40a90,ES14,ES14C4,64,12/5/2014,11:45 AM,10:15 AM,1341,5,5,0,0,5,true,"[0,1,2,3,4]",0,2014-12-05T14:20:46.043500,BLOCKED,saved_finish_absent_start_plus_max_time_only_inferred,passed
2d926d4eb7e01e16a8711b98517a69eb98a53b811df5c65db36da584f9f40a90,ES14,ES14C4,65,12/8/2014,2:25 PM,9:25 AM,1408,5,5,0,0,5,true,"[0,1,2,3,4]",0,2014-12-08T12:58:04.191500,BLOCKED,saved_finish_absent_start_plus_max_time_only_inferred,passed
2d926d4eb7e01e16a8711b98517a69eb98a53b811df5c65db36da584f9f40a90,ES14,ES14C4,66,12/10/2014,1:15 PM,1:45 PM,1456.5,5,5,0,0,5,true,"[0,1,2,3,4]",0,2014-12-10T15:58:31.395600,BLOCKED,saved_finish_absent_start_plus_max_time_only_inferred,passed
2d926d4eb7e01e16a8711b98517a69eb98a53b811df5c65db36da584f9f40a90,ES14,ES14C4,67,12/16/2014,4:05 PM,9:35 AM,1594,5,5,0,0,5,true,"[0,1,2,3,4]",0,2014-12-16T11:50:00.058500,BLOCKED,saved_finish_absent_start_plus_max_time_only_inferred,passed
2d926d4eb7e01e16a8711b98517a69eb98a53b811df5c65db36da584f9f40a90,ES14,ES14C4,68,2/17/2015,3:00 PM,4:30 PM,3063,5,5,0,0,5,true,"[0,1,2,3,4]",0,2015-02-17T16:20:12.062600,BLOCKED,saved_finish_absent_start_plus_max_time_only_inferred,passed
2d926d4eb7e01e16a8711b98517a69eb98a53b811df5c65db36da584f9f40a90,ES14,ES14C4,69,04/20/2015,3:30 PM,6:30 PM,4551,10,5,0,5,5,true,"[1,3,5,7,9]",0,2015-04-20T18:03:43.059500,BLOCKED,saved_finish_absent_start_plus_max_time_only_inferred,passed
2d926d4eb7e01e16a8711b98517a69eb98a53b811df5c65db36da584f9f40a90,ES14,ES14C4,70,04/28/2015,11:30 AM,2:00 PM,4748,10,5,0,5,5,true,"[1,3,5,7,9]",0,2015-04-28T13:41:32.202500,BLOCKED,saved_finish_absent_start_plus_max_time_only_inferred,passed
2d926d4eb7e01e16a8711b98517a69eb98a53b811df5c65db36da584f9f40a90,ES14,ES14C4,71,05/04/2015,1:30 PM,4:30 PM,4891.5,10,5,0,5,5,true,"[1,3,5,7,9]",0,2015-05-04T15:53:50.149500,BLOCKED,saved_finish_absent_start_plus_max_time_only_inferred,passed
2d926d4eb7e01e16a8711b98517a69eb98a53b811df5c65db36da584f9f40a90,ES14,ES14C4,72,05/13/2015,2:00 PM,2:00 PM,5105.5,10,5,0,5,5,true,"[1,3,5,7,9]",0,2015-05-13T16:00:21.981600,BLOCKED,saved_finish_absent_start_plus_max_time_only_inferred,passed
2d926d4eb7e01e16a8711b98517a69eb98a53b811df5c65db36da584f9f40a90,ES14,ES14C5,0,9/29/2014,,,0,5,5,0,0,5,true,"[0,1,2,3,4]",0,2014-09-29T13:43:08.365600,BLOCKED,saved_finish_absent_start_plus_max_time_only_inferred,passed
2d926d4eb7e01e16a8711b98517a69eb98a53b811df5c65db36da584f9f40a90,ES14,ES14C5,1,9/30/2014,,,0,5,5,0,0,5,true,"[0,1,2,3,4]",0,2014-09-30T12:00:03.099500,BLOCKED,saved_finish_absent_start_plus_max_time_only_inferred,passed
2d926d4eb7e01e16a8711b98517a69eb98a53b811df5c65db36da584f9f40a90,ES14,ES14C5,2,10/1/2014,10:00 AM,12:00 PM,2,5,5,0,0,5,true,"[0,1,2,3,4]",0,2014-10-01T14:30:51.525600,BLOCKED,saved_finish_absent_start_plus_max_time_only_inferred,passed
2d926d4eb7e01e16a8711b98517a69eb98a53b811df5c65db36da584f9f40a90,ES14,ES14C5,3,10/2/2014,4:00 PM,1:00 PM,23,5,5,0,0,5,true,"[0,1,2,3,4]",0,2014-10-02T15:49:09.663600,BLOCKED,saved_finish_absent_start_plus_max_time_only_inferred,passed
2d926d4eb7e01e16a8711b98517a69eb98a53b811df5c65db36da584f9f40a90,ES14,ES14C5,4,10/3/2014,4:00 PM,7:20 AM,38.3333,5,5,0,0,5,true,"[0,1,2,3,4]",0,2014-10-03T10:15:23.803500,BLOCKED,saved_finish_absent_start_plus_max_time_only_inferred,passed
2d926d4eb7e01e16a8711b98517a69eb98a53b811df5c65db36da584f9f40a90,ES14,ES14C5,5,10/3/2014,10:20 AM,12:00 PM,40,5,5,0,0,5,true,"[0,1,2,3,4]",0,2014-10-03T14:22:09.955600,BLOCKED,saved_finish_absent_start_plus_max_time_only_inferred,passed
2d926d4eb7e01e16a8711b98517a69eb98a53b811df5c65db36da584f9f40a90,ES14,ES14C5,6,10/6/2014,2:25 PM,7:25 AM,105,5,5,0,0,5,true,"[0,1,2,3,4]",0,2014-10-06T09:39:03.805500,BLOCKED,saved_finish_absent_start_plus_max_time_only_inferred,passed
2d926d4eb7e01e16a8711b98517a69eb98a53b811df5c65db36da584f9f40a90,ES14,ES14C5,7,10/6/2014,9:40 AM,12:40 PM,108,5,5,0,0,5,true,"[0,1,2,3,4]",0,2014-10-06T14:52:25.938600,BLOCKED,saved_finish_absent_start_plus_max_time_only_inferred,passed
2d926d4eb7e01e16a8711b98517a69eb98a53b811df5c65db36da584f9f40a90,ES14,ES14C5,8,10/7/2014,2:55 PM,7:55 AM,125,5,5,0,0,5,true,"[0,1,2,3,4]",0,2014-10-07T09:39:41.936600,BLOCKED,saved_finish_absent_start_plus_max_time_only_inferred,passed
2d926d4eb7e01e16a8711b98517a69eb98a53b811df5c65db36da584f9f40a90,ES14,ES14C5,9,10/7/2014,9:45 AM,12:45 PM,128,5,5,0,0,5,true,"[0,1,2,3,4]",0,2014-10-07T14:54:25.805500,BLOCKED,saved_finish_absent_start_plus_max_time_only_inferred,passed
2d926d4eb7e01e16a8711b98517a69eb98a53b811df5c65db36da584f9f40a90,ES14,ES14C5,10,10/8/2014,3:00 PM,9:00 AM,146,5,5,0,0,5,true,"[0,1,2,3,4]",0,2014-10-08T11:27:22.667600,BLOCKED,saved_finish_absent_start_plus_max_time_only_inferred,passed
2d926d4eb7e01e16a8711b98517a69eb98a53b811df5c65db36da584f9f40a90,ES14,ES14C5,11,10/9/2014,11:30 AM,7:30 AM,166,5,5,0,0,5,true,"[0,1,2,3,4]",0,2014-10-09T09:36:49.802600,BLOCKED,saved_finish_absent_start_plus_max_time_only_inferred,passed
2d926d4eb7e01e16a8711b98517a69eb98a53b811df5c65db36da584f9f40a90,ES14,ES14C5,12,10/10/2014,9:40 AM,7:40 AM,188,5,5,0,0,5,true,"[0,1,2,3,4]",0,2014-10-10T10:12:31.804500,BLOCKED,saved_finish_absent_start_plus_max_time_only_inferred,passed
2d926d4eb7e01e16a8711b98517a69eb98a53b811df5c65db36da584f9f40a90,ES14,ES14C5,13,10/10/2014,10:15 AM,2:15 PM,192,5,5,0,0,5,true,"[0,1,2,3,4]",0,2014-10-10T16:21:59.680500,BLOCKED,saved_finish_absent_start_plus_max_time_only_inferred,passed
2d926d4eb7e01e16a8711b98517a69eb98a53b811df5c65db36da584f9f40a90,ES14,ES14C5,14,10/13/2014,4:25 PM,11:25 AM,259,5,5,0,0,5,true,"[0,1,2,3,4]",0,2014-10-13T13:31:31.597500,BLOCKED,saved_finish_absent_start_plus_max_time_only_inferred,passed
2d926d4eb7e01e16a8711b98517a69eb98a53b811df5c65db36da584f9f40a90,ES14,ES14C5,15,10/14/2014,1:45 PM,7:45 AM,277,5,5,0,0,5,true,"[0,1,2,3,4]",0,2014-10-14T10:31:14.252600,BLOCKED,saved_finish_absent_start_plus_max_time_only_inferred,passed
2d926d4eb7e01e16a8711b98517a69eb98a53b811df5c65db36da584f9f40a90,ES14,ES14C5,16,10/14/2014,10:30 AM,12:30 PM,279,5,5,0,0,5,true,"[0,1,2,3,4]",0,2014-10-14T14:49:01.803600,BLOCKED,saved_finish_absent_start_plus_max_time_only_inferred,passed
2d926d4eb7e01e16a8711b98517a69eb98a53b811df5c65db36da584f9f40a90,ES14,ES14C5,17,10/15/2014,2:50 PM,8:30 AM,296.66,5,5,0,0,5,true,"[0,1,2,3,4]",0,2014-10-15T10:38:27.803600,BLOCKED,saved_finish_absent_start_plus_max_time_only_inferred,passed
2d926d4eb7e01e16a8711b98517a69eb98a53b811df5c65db36da584f9f40a90,ES14,ES14C5,18,10/16/2014,10:40 AM,7:00 AM,317,5,5,0,0,5,true,"[0,1,2,3,4]",0,2014-10-16T09:26:55.934500,BLOCKED,saved_finish_absent_start_plus_max_time_only_inferred,passed
2d926d4eb7e01e16a8711b98517a69eb98a53b811df5c65db36da584f9f40a90,ES14,ES14C5,19,10/17/2014,10:00 AM,9:00 AM,352,5,5,0,0,5,true,"[0,1,2,3,4]",0,2014-10-17T10:49:53.806500,BLOCKED,saved_finish_absent_start_plus_max_time_only_inferred,passed
2d926d4eb7e01e16a8711b98517a69eb98a53b811df5c65db36da584f9f40a90,ES14,ES14C5,20,10/17/2014,11:30 AM,2:30 PM,355,5,5,0,0,5,true,"[0,1,2,3,4]",0,2014-10-17T16:52:50.803600,BLOCKED,saved_finish_absent_start_plus_max_time_only_inferred,passed
2d926d4eb7e01e16a8711b98517a69eb98a53b811df5c65db36da584f9f40a90,ES14,ES14C5,21,10/20/2014,4:30 PM,9:00 AM,419.5,5,5,0,0,5,true,"[0,1,2,3,4]",0,2014-10-20T11:09:00.805600,BLOCKED,saved_finish_absent_start_plus_max_time_only_inferred,passed
2d926d4eb7e01e16a8711b98517a69eb98a53b811df5c65db36da584f9f40a90,ES14,ES14C5,22,10/20/2014,11:15 AM,1:45 PM,422,5,5,0,0,5,true,"[0,1,2,3,4]",0,2014-10-20T15:49:12.804500,BLOCKED,saved_finish_absent_start_plus_max_time_only_inferred,passed
2d926d4eb7e01e16a8711b98517a69eb98a53b811df5c65db36da584f9f40a90,ES14,ES14C5,23,10/21/2014,4:00 PM,7:00 AM,437,5,5,0,0,5,true,"[0,1,2,3,4]",0,2014-10-21T09:49:35.938600,BLOCKED,saved_finish_absent_start_plus_max_time_only_inferred,passed
2d926d4eb7e01e16a8711b98517a69eb98a53b811df5c65db36da584f9f40a90,ES14,ES14C5,24,10/21/2014,10:00 AM,3:00 PM,442,5,5,0,0,5,true,"[0,1,2,3,4]",0,2014-10-21T17:15:50.803500,BLOCKED,saved_finish_absent_start_plus_max_time_only_inferred,passed
2d926d4eb7e01e16a8711b98517a69eb98a53b811df5c65db36da584f9f40a90,ES14,ES14C5,25,10/22/2014,5:15 PM,7:15 AM,456,5,5,0,0,5,true,"[0,1,2,3,4]",0,2014-10-22T09:30:24.938600,BLOCKED,saved_finish_absent_start_plus_max_time_only_inferred,passed
2d926d4eb7e01e16a8711b98517a69eb98a53b811df5c65db36da584f9f40a90,ES14,ES14C5,26,10/23/2014,4:40 PM,9:10 AM,472.5,5,5,0,0,5,true,"[0,1,2,3,4]",0,2014-10-23T11:13:01.679500,BLOCKED,saved_finish_absent_start_plus_max_time_only_inferred,passed
2d926d4eb7e01e16a8711b98517a69eb98a53b811df5c65db36da584f9f40a90,ES14,ES14C5,27,10/24/2014,11:45 AM,9:15 AM,494,5,5,0,0,5,true,"[0,1,2,3,4]",0,2014-10-24T11:23:17.395500,BLOCKED,saved_finish_absent_start_plus_max_time_only_inferred,passed
2d926d4eb7e01e16a8711b98517a69eb98a53b811df5c65db36da584f9f40a90,ES14,ES14C5,28,10/24/2014,12:10 PM,2:10 PM,496,5,5,0,0,5,true,"[0,1,2,3,4]",0,2014-10-24T16:28:52.567500,BLOCKED,saved_finish_absent_start_plus_max_time_only_inferred,passed
2d926d4eb7e01e16a8711b98517a69eb98a53b811df5c65db36da584f9f40a90,ES14,ES14C5,29,10/27/2014,4:30 PM,8:30 AM,560,5,5,0,0,5,true,"[0,1,2,3,4]",0,2014-10-27T10:48:59.527500,BLOCKED,saved_finish_absent_start_plus_max_time_only_inferred,passed
2d926d4eb7e01e16a8711b98517a69eb98a53b811df5c65db36da584f9f40a90,ES14,ES14C5,30,10/27/2014,11:35 AM,1:35 PM,562,5,5,0,0,5,true,"[0,1,2,3,4]",0,2014-10-27T15:42:39.861600,BLOCKED,saved_finish_absent_start_plus_max_time_only_inferred,passed
2d926d4eb7e01e16a8711b98517a69eb98a53b811df5c65db36da584f9f40a90,ES14,ES14C5,31,10/28/2014,3:45 PM,8:15 AM,578.5,5,5,0,0,5,true,"[0,1,2,3,4]",0,2014-10-28T12:21:44.545600,BLOCKED,saved_finish_absent_start_plus_max_time_only_inferred,passed
2d926d4eb7e01e16a8711b98517a69eb98a53b811df5c65db36da584f9f40a90,ES14,ES14C5,32,10/29/2014,12:15 PM,7:15 AM,597.5,5,5,0,0,5,true,"[0,1,2,3,4]",0,2014-10-29T09:17:25.861500,BLOCKED,saved_finish_absent_start_plus_max_time_only_inferred,passed
2d926d4eb7e01e16a8711b98517a69eb98a53b811df5c65db36da584f9f40a90,ES14,ES14C5,33,10/29/2014,9:20 AM,1:50 PM,602,5,5,0,0,5,true,"[0,1,2,3,4]",0,2014-10-29T16:13:18.388500,BLOCKED,saved_finish_absent_start_plus_max_time_only_inferred,passed
2d926d4eb7e01e16a8711b98517a69eb98a53b811df5c65db36da584f9f40a90,ES14,ES14C5,34,10/30/2014,4:15 PM,9:15 AM,619,5,5,0,0,5,true,"[0,1,2,3,4]",0,2014-10-30T11:25:20.677500,BLOCKED,saved_finish_absent_start_plus_max_time_only_inferred,passed
2d926d4eb7e01e16a8711b98517a69eb98a53b811df5c65db36da584f9f40a90,ES14,ES14C5,35,10/30/2014,11:25 AM,3:25 PM,623,5,5,0,0,5,true,"[0,1,2,3,4]",0,2014-10-30T18:04:43.274600,BLOCKED,saved_finish_absent_start_plus_max_time_only_inferred,passed
2d926d4eb7e01e16a8711b98517a69eb98a53b811df5c65db36da584f9f40a90,ES14,ES14C5,36,10/31/2014,6:05 PM,9:15 AM,650.25,5,5,0,0,5,true,"[0,1,2,3,4]",0,2014-10-31T11:37:56.525500,BLOCKED,saved_finish_absent_start_plus_max_time_only_inferred,passed
2d926d4eb7e01e16a8711b98517a69eb98a53b811df5c65db36da584f9f40a90,ES14,ES14C5,37,11/3/2014,11:45 AM,8:30 AM,719,5,5,0,0,5,true,"[0,1,2,3,4]",0,2014-11-03T10:27:08.445500,BLOCKED,saved_finish_absent_start_plus_max_time_only_inferred,passed
2d926d4eb7e01e16a8711b98517a69eb98a53b811df5c65db36da584f9f40a90,ES14,ES14C5,38,11/4/2014,10:30 AM,8:00 AM,740.5,5,5,0,0,5,true,"[0,1,2,3,4]",0,2014-11-04T14:13:56.588600,BLOCKED,saved_finish_absent_start_plus_max_time_only_inferred,passed
2d926d4eb7e01e16a8711b98517a69eb98a53b811df5c65db36da584f9f40a90,ES14,ES14C5,39,11/5/2014,2:30 PM,9:00 AM,759,5,5,0,0,5,true,"[0,1,2,3,4]",0,2014-11-05T15:28:22.447500,BLOCKED,saved_finish_absent_start_plus_max_time_only_inferred,passed
2d926d4eb7e01e16a8711b98517a69eb98a53b811df5c65db36da584f9f40a90,ES14,ES14C5,40,11/6/2014,3:45 PM,8:15 AM,775.5,5,5,0,0,5,true,"[0,1,2,3,4]",0,2014-11-06T10:36:53.445500,BLOCKED,saved_finish_absent_start_plus_max_time_only_inferred,passed
2d926d4eb7e01e16a8711b98517a69eb98a53b811df5c65db36da584f9f40a90,ES14,ES14C5,41,11/6/2014,10:40 AM,2:20 PM,779,5,5,0,0,5,true,"[0,1,2,3,4]",0,2014-11-06T16:58:11.211500,BLOCKED,saved_finish_absent_start_plus_max_time_only_inferred,passed
2d926d4eb7e01e16a8711b98517a69eb98a53b811df5c65db36da584f9f40a90,ES14,ES14C5,42,11/7/2014,5:00 PM,1:00 PM,799,5,5,0,0,5,true,"[0,1,2,3,4]",0,2014-11-07T15:49:26.061600,BLOCKED,saved_finish_absent_start_plus_max_time_only_inferred,passed
2d926d4eb7e01e16a8711b98517a69eb98a53b811df5c65db36da584f9f40a90,ES14,ES14C5,43,11/10/2014,10:00 AM,1:00 PM,802,5,5,0,0,5,true,"[0,1,2,3,4]",0,2014-11-10T15:29:53.059500,BLOCKED,saved_finish_absent_start_plus_max_time_only_inferred,passed
2d926d4eb7e01e16a8711b98517a69eb98a53b811df5c65db36da584f9f40a90,ES14,ES14C5,44,11/12/2014,3:30 PM,9:00 AM,843.5,5,5,0,0,5,true,"[0,1,2,3,4]",0,2014-11-12T11:48:40.059600,BLOCKED,saved_finish_absent_start_plus_max_time_only_inferred,passed
2d926d4eb7e01e16a8711b98517a69eb98a53b811df5c65db36da584f9f40a90,ES14,ES14C5,45,11/12/2014,12:00 PM,4:30 PM,848,5,5,0,0,5,true,"[0,1,2,3,4]",0,2014-11-12T19:01:45.276500,BLOCKED,saved_finish_absent_start_plus_max_time_only_inferred,passed
2d926d4eb7e01e16a8711b98517a69eb98a53b811df5c65db36da584f9f40a90,ES14,ES14C5,46,11/13/2014,7:00 PM,8:00 AM,861,5,5,0,0,5,true,"[0,1,2,3,4]",0,2014-11-13T10:01:52.278500,BLOCKED,saved_finish_absent_start_plus_max_time_only_inferred,passed
2d926d4eb7e01e16a8711b98517a69eb98a53b811df5c65db36da584f9f40a90,ES14,ES14C5,47,11/13/2014,10:00 AM,2:00 PM,865,5,5,0,0,5,true,"[0,1,2,3,4]",0,2014-11-13T16:40:41.190500,BLOCKED,saved_finish_absent_start_plus_max_time_only_inferred,passed
2d926d4eb7e01e16a8711b98517a69eb98a53b811df5c65db36da584f9f40a90,ES14,ES14C5,48,11/14/2014,4:45 PM,2:15 PM,886.5,5,5,0,0,5,true,"[0,1,2,3,4]",0,2014-11-14T16:55:43.057500,BLOCKED,saved_finish_absent_start_plus_max_time_only_inferred,passed
2d926d4eb7e01e16a8711b98517a69eb98a53b811df5c65db36da584f9f40a90,ES14,ES14C5,49,11/17/2014,5:00 PM,10:00 AM,951.5,5,5,0,0,5,true,"[0,1,2,3,4]",0,2014-11-17T12:19:09.198500,BLOCKED,saved_finish_absent_start_plus_max_time_only_inferred,passed
2d926d4eb7e01e16a8711b98517a69eb98a53b811df5c65db36da584f9f40a90,ES14,ES14C5,50,11/17/2014,12:30 PM,2:00 PM,953,5,5,0,0,5,true,"[0,1,2,3,4]",0,2014-11-17T16:11:02.250600,BLOCKED,saved_finish_absent_start_plus_max_time_only_inferred,passed
2d926d4eb7e01e16a8711b98517a69eb98a53b811df5c65db36da584f9f40a90,ES14,ES14C5,51,11/18/2014,4:15 PM,9:15 AM,970,5,5,0,0,5,true,"[0,1,2,3,4]",0,2014-11-18T11:11:52.044500,BLOCKED,saved_finish_absent_start_plus_max_time_only_inferred,passed
2d926d4eb7e01e16a8711b98517a69eb98a53b811df5c65db36da584f9f40a90,ES14,ES14C5,52,11/18/2014,11:15 AM,1:15 PM,972,5,5,0,0,5,true,"[0,1,2,3,4]",0,2014-11-18T15:44:26.280600,BLOCKED,saved_finish_absent_start_plus_max_time_only_inferred,passed
2d926d4eb7e01e16a8711b98517a69eb98a53b811df5c65db36da584f9f40a90,ES14,ES14C5,53,11/19/2014,3:45 PM,10:15 AM,990.5,5,5,0,0,5,true,"[0,1,2,3,4]",0,2014-11-19T13:58:41.416500,BLOCKED,saved_finish_absent_start_plus_max_time_only_inferred,passed
2d926d4eb7e01e16a8711b98517a69eb98a53b811df5c65db36da584f9f40a90,ES14,ES14C5,54,11/20/2014,2:00 PM,9:30 AM,1010,5,5,0,0,5,true,"[0,1,2,3,4]",0,2014-11-20T14:42:52.281600,BLOCKED,saved_finish_absent_start_plus_max_time_only_inferred,passed
2d926d4eb7e01e16a8711b98517a69eb98a53b811df5c65db36da584f9f40a90,ES14,ES14C5,55,11/21/2014,3:00 PM,10:00 AM,1029,5,5,0,0,5,true,"[0,1,2,3,4]",0,2014-11-21T13:22:23.281600,BLOCKED,saved_finish_absent_start_plus_max_time_only_inferred,passed
2d926d4eb7e01e16a8711b98517a69eb98a53b811df5c65db36da584f9f40a90,ES14,ES14C5,56,11/24/2014,2:00 PM,9:30 AM,1096.5,5,5,0,0,5,true,"[0,1,2,3,4]",0,2014-11-24T11:27:09.195500,BLOCKED,saved_finish_absent_start_plus_max_time_only_inferred,passed
2d926d4eb7e01e16a8711b98517a69eb98a53b811df5c65db36da584f9f40a90,ES14,ES14C5,57,11/25/2014,11:30 AM,3:00 PM,1124,5,5,0,0,5,true,"[0,1,2,3,4]",0,2014-11-25T19:13:06.057500,BLOCKED,saved_finish_absent_start_plus_max_time_only_inferred,passed
2d926d4eb7e01e16a8711b98517a69eb98a53b811df5c65db36da584f9f40a90,ES14,ES14C5,58,11/26/2014,7:15 PM,10:45 AM,1140.5,5,5,0,0,5,true,"[0,1,2,3,4]",0,2014-11-26T13:48:14.112600,BLOCKED,saved_finish_absent_start_plus_max_time_only_inferred,passed
2d926d4eb7e01e16a8711b98517a69eb98a53b811df5c65db36da584f9f40a90,ES14,ES14C5,59,12/1/2014,2:15 PM,10:45 AM,1257,5,5,0,0,5,true,"[0,1,2,3,4]",0,2014-12-01T13:15:21.276500,BLOCKED,saved_finish_absent_start_plus_max_time_only_inferred,passed
2d926d4eb7e01e16a8711b98517a69eb98a53b811df5c65db36da584f9f40a90,ES14,ES14C5,60,12/1/2014,1:20 PM,2:20 PM,1258,5,5,0,0,5,true,"[0,1,2,3,4]",0,2014-12-01T16:30:02.061500,BLOCKED,saved_finish_absent_start_plus_max_time_only_inferred,passed
2d926d4eb7e01e16a8711b98517a69eb98a53b811df5c65db36da584f9f40a90,ES14,ES14C5,61,12/3/2014,5:30 PM,10:30 AM,1299,5,5,0,0,5,true,"[0,1,2,3,4]",0,2014-12-03T12:45:05.279500,BLOCKED,saved_finish_absent_start_plus_max_time_only_inferred,passed
2d926d4eb7e01e16a8711b98517a69eb98a53b811df5c65db36da584f9f40a90,ES14,ES14C5,62,12/3/2014,1:15 PM,2:45 PM,1300.5,5,5,0,0,5,true,"[0,1,2,3,4]",0,2014-12-03T16:31:04.282500,BLOCKED,saved_finish_absent_start_plus_max_time_only_inferred,passed
2d926d4eb7e01e16a8711b98517a69eb98a53b811df5c65db36da584f9f40a90,ES14,ES14C5,63,12/4/2014,4:30 PM,9:30 AM,1317.5,5,5,0,0,5,true,"[0,1,2,3,4]",0,2014-12-04T11:46:42.279600,BLOCKED,saved_finish_absent_start_plus_max_time_only_inferred,passed
2d926d4eb7e01e16a8711b98517a69eb98a53b811df5c65db36da584f9f40a90,ES14,ES14C5,64,12/5/2014,11:45 AM,10:15 AM,1341,5,5,0,0,5,true,"[0,1,2,3,4]",0,2014-12-05T14:25:26.201500,BLOCKED,saved_finish_absent_start_plus_max_time_only_inferred,passed
2d926d4eb7e01e16a8711b98517a69eb98a53b811df5c65db36da584f9f40a90,ES14,ES14C5,65,12/8/2014,2:25 PM,9:25 AM,1408,5,5,0,0,5,true,"[0,1,2,3,4]",0,2014-12-08T13:01:31.057500,BLOCKED,saved_finish_absent_start_plus_max_time_only_inferred,passed
2d926d4eb7e01e16a8711b98517a69eb98a53b811df5c65db36da584f9f40a90,ES14,ES14C5,66,12/10/2014,1:15 PM,1:45 PM,1456.5,5,5,0,0,5,true,"[0,1,2,3,4]",0,2014-12-10T16:04:41.058600,BLOCKED,saved_finish_absent_start_plus_max_time_only_inferred,passed
2d926d4eb7e01e16a8711b98517a69eb98a53b811df5c65db36da584f9f40a90,ES14,ES14C5,67,12/16/2014,4:05 PM,9:35 AM,1594,5,5,0,0,5,true,"[0,1,2,3,4]",0,2014-12-16T11:53:36.201500,BLOCKED,saved_finish_absent_start_plus_max_time_only_inferred,passed
2d926d4eb7e01e16a8711b98517a69eb98a53b811df5c65db36da584f9f40a90,ES14,ES14C5,68,2/17/2015,3:00 PM,4:30 PM,3063,5,5,0,0,5,true,"[0,1,2,3,4]",0,2015-02-17T16:25:01.015500,BLOCKED,saved_finish_absent_start_plus_max_time_only_inferred,passed
2d926d4eb7e01e16a8711b98517a69eb98a53b811df5c65db36da584f9f40a90,ES14,ES14C5,69,04/20/2015,3:30 PM,6:30 PM,4551,10,5,0,5,5,true,"[1,3,5,7,9]",0,2015-04-20T18:09:46.149600,BLOCKED,saved_finish_absent_start_plus_max_time_only_inferred,passed
2d926d4eb7e01e16a8711b98517a69eb98a53b811df5c65db36da584f9f40a90,ES14,ES14C5,70,04/28/2015,11:30 AM,2:00 PM,4748,10,5,0,5,5,true,"[1,3,5,7,9]",0,2015-04-28T13:44:41.017600,BLOCKED,saved_finish_absent_start_plus_max_time_only_inferred,passed
2d926d4eb7e01e16a8711b98517a69eb98a53b811df5c65db36da584f9f40a90,ES14,ES14C5,71,05/04/2015,1:30 PM,4:30 PM,4891.5,10,5,0,5,5,true,"[1,3,5,7,9]",0,2015-05-04T15:57:52.719500,BLOCKED,saved_finish_absent_start_plus_max_time_only_inferred,passed
2d926d4eb7e01e16a8711b98517a69eb98a53b811df5c65db36da584f9f40a90,ES14,ES14C5,72,05/13/2015,2:00 PM,2:00 PM,5105.5,10,5,0,5,5,true,"[1,3,5,7,9]",0,2015-05-13T16:04:34.715600,BLOCKED,saved_finish_absent_start_plus_max_time_only_inferred,passed
2d926d4eb7e01e16a8711b98517a69eb98a53b811df5c65db36da584f9f40a90,ES14,ES14C6,0,9/29/2014,,,0,5,5,0,0,5,true,"[0,1,2,3,4]",0,2014-09-29T14:04:17.399500,BLOCKED,saved_finish_absent_start_plus_max_time_only_inferred,passed
2d926d4eb7e01e16a8711b98517a69eb98a53b811df5c65db36da584f9f40a90,ES14,ES14C6,1,9/30/2014,,,0,5,5,0,0,5,true,"[0,1,2,3,4]",0,2014-09-30T12:03:56.397600,BLOCKED,saved_finish_absent_start_plus_max_time_only_inferred,passed
2d926d4eb7e01e16a8711b98517a69eb98a53b811df5c65db36da584f9f40a90,ES14,ES14C6,2,10/1/2014,10:00 AM,12:00 PM,2,5,5,0,0,5,true,"[0,1,2,3,4]",0,2014-10-01T14:37:04.790500,BLOCKED,saved_finish_absent_start_plus_max_time_only_inferred,passed
2d926d4eb7e01e16a8711b98517a69eb98a53b811df5c65db36da584f9f40a90,ES14,ES14C6,3,10/2/2014,4:00 PM,1:00 PM,23,5,5,0,0,5,true,"[0,1,2,3,4]",0,2014-10-02T15:55:04.935500,BLOCKED,saved_finish_absent_start_plus_max_time_only_inferred,passed
2d926d4eb7e01e16a8711b98517a69eb98a53b811df5c65db36da584f9f40a90,ES14,ES14C6,4,10/3/2014,4:00 PM,7:20 AM,38.3333,5,5,0,0,5,true,"[0,1,2,3,4]",0,2014-10-03T10:20:22.938500,BLOCKED,saved_finish_absent_start_plus_max_time_only_inferred,passed
2d926d4eb7e01e16a8711b98517a69eb98a53b811df5c65db36da584f9f40a90,ES14,ES14C6,5,10/3/2014,10:20 AM,12:00 PM,40,5,5,0,0,5,true,"[0,1,2,3,4]",0,2014-10-03T14:26:23.934500,BLOCKED,saved_finish_absent_start_plus_max_time_only_inferred,passed
2d926d4eb7e01e16a8711b98517a69eb98a53b811df5c65db36da584f9f40a90,ES14,ES14C6,6,10/6/2014,2:25 PM,7:25 AM,105,5,5,0,0,5,true,"[0,1,2,3,4]",0,2014-10-06T09:42:39.804600,BLOCKED,saved_finish_absent_start_plus_max_time_only_inferred,passed
2d926d4eb7e01e16a8711b98517a69eb98a53b811df5c65db36da584f9f40a90,ES14,ES14C6,7,10/6/2014,9:40 AM,12:40 PM,108,5,5,0,0,5,true,"[0,1,2,3,4]",0,2014-10-06T14:56:39.935600,BLOCKED,saved_finish_absent_start_plus_max_time_only_inferred,passed
2d926d4eb7e01e16a8711b98517a69eb98a53b811df5c65db36da584f9f40a90,ES14,ES14C6,8,10/7/2014,2:55 PM,7:55 AM,125,5,5,0,0,5,true,"[0,1,2,3,4]",0,2014-10-07T09:44:14.934500,BLOCKED,saved_finish_absent_start_plus_max_time_only_inferred,passed
2d926d4eb7e01e16a8711b98517a69eb98a53b811df5c65db36da584f9f40a90,ES14,ES14C6,9,10/7/2014,9:45 AM,12:45 PM,128,5,5,0,0,5,true,"[0,1,2,3,4]",0,2014-10-07T14:58:55.791500,BLOCKED,saved_finish_absent_start_plus_max_time_only_inferred,passed
2d926d4eb7e01e16a8711b98517a69eb98a53b811df5c65db36da584f9f40a90,ES14,ES14C6,10,10/8/2014,3:00 PM,9:00 AM,146,5,5,0,0,5,true,"[0,1,2,3,4]",0,2014-10-08T11:30:52.525600,BLOCKED,saved_finish_absent_start_plus_max_time_only_inferred,passed
2d926d4eb7e01e16a8711b98517a69eb98a53b811df5c65db36da584f9f40a90,ES14,ES14C6,11,10/9/2014,11:30 AM,7:30 AM,166,5,5,0,0,5,true,"[0,1,2,3,4]",0,2014-10-09T09:40:42.663500,BLOCKED,saved_finish_absent_start_plus_max_time_only_inferred,passed
2d926d4eb7e01e16a8711b98517a69eb98a53b811df5c65db36da584f9f40a90,ES14,ES14C6,12,10/10/2014,9:40 AM,7:40 AM,188,5,5,0,0,5,true,"[0,1,2,3,4]",0,2014-10-10T10:17:31.802500,BLOCKED,saved_finish_absent_start_plus_max_time_only_inferred,passed
2d926d4eb7e01e16a8711b98517a69eb98a53b811df5c65db36da584f9f40a90,ES14,ES14C6,13,10/10/2014,10:15 AM,2:15 PM,192,5,5,0,0,5,true,"[0,1,2,3,4]",0,2014-10-10T16:25:33.527600,BLOCKED,saved_finish_absent_start_plus_max_time_only_inferred,passed
2d926d4eb7e01e16a8711b98517a69eb98a53b811df5c65db36da584f9f40a90,ES14,ES14C6,14,10/13/2014,4:25 PM,11:25 AM,259,5,5,0,0,5,true,"[0,1,2,3,4]",0,2014-10-13T13:35:59.412500,BLOCKED,saved_finish_absent_start_plus_max_time_only_inferred,passed
2d926d4eb7e01e16a8711b98517a69eb98a53b811df5c65db36da584f9f40a90,ES14,ES14C6,15,10/14/2014,1:45 PM,7:45 AM,277,5,5,0,0,5,true,"[0,1,2,3,4]",0,2014-10-14T10:34:44.449600,BLOCKED,saved_finish_absent_start_plus_max_time_only_inferred,passed
2d926d4eb7e01e16a8711b98517a69eb98a53b811df5c65db36da584f9f40a90,ES14,ES14C6,16,10/14/2014,10:30 AM,12:30 PM,279,6,6,0,0,6,true,"[0,1,2,3,4,5]",0,2014-10-14T14:53:22.681500,BLOCKED,saved_finish_absent_start_plus_max_time_only_inferred,passed
2d926d4eb7e01e16a8711b98517a69eb98a53b811df5c65db36da584f9f40a90,ES14,ES14C6,17,10/15/2014,2:50 PM,8:30 AM,296.66,5,5,0,0,5,true,"[0,1,2,3,4]",0,2014-10-15T10:42:12.441500,BLOCKED,saved_finish_absent_start_plus_max_time_only_inferred,passed
2d926d4eb7e01e16a8711b98517a69eb98a53b811df5c65db36da584f9f40a90,ES14,ES14C6,18,10/16/2014,10:40 AM,7:00 AM,317,5,5,0,0,5,true,"[0,1,2,3,4]",0,2014-10-16T09:22:26.528500,BLOCKED,saved_finish_absent_start_plus_max_time_only_inferred,passed
2d926d4eb7e01e16a8711b98517a69eb98a53b811df5c65db36da584f9f40a90,ES14,ES14C6,19,10/17/2014,10:00 AM,9:00 AM,352,5,5,0,0,5,true,"[0,1,2,3,4]",0,2014-10-17T10:53:25.677600,BLOCKED,saved_finish_absent_start_plus_max_time_only_inferred,passed
2d926d4eb7e01e16a8711b98517a69eb98a53b811df5c65db36da584f9f40a90,ES14,ES14C6,20,10/17/2014,11:30 AM,2:30 PM,355,5,5,0,0,5,true,"[0,1,2,3,4]",0,2014-10-17T16:58:50.806500,BLOCKED,saved_finish_absent_start_plus_max_time_only_inferred,passed
2d926d4eb7e01e16a8711b98517a69eb98a53b811df5c65db36da584f9f40a90,ES14,ES14C6,21,10/20/2014,4:30 PM,9:00 AM,419.5,5,5,0,0,5,true,"[0,1,2,3,4]",0,2014-10-20T11:15:48.801500,BLOCKED,saved_finish_absent_start_plus_max_time_only_inferred,passed
2d926d4eb7e01e16a8711b98517a69eb98a53b811df5c65db36da584f9f40a90,ES14,ES14C6,22,10/20/2014,11:15 AM,1:45 PM,422,5,5,0,0,5,true,"[0,1,2,3,4]",0,2014-10-20T15:53:35.523600,BLOCKED,saved_finish_absent_start_plus_max_time_only_inferred,passed
2d926d4eb7e01e16a8711b98517a69eb98a53b811df5c65db36da584f9f40a90,ES14,ES14C6,23,10/21/2014,4:00 PM,7:00 AM,437,5,5,0,0,5,true,"[0,1,2,3,4]",0,2014-10-21T09:54:41.805600,BLOCKED,saved_finish_absent_start_plus_max_time_only_inferred,passed
2d926d4eb7e01e16a8711b98517a69eb98a53b811df5c65db36da584f9f40a90,ES14,ES14C6,24,10/21/2014,10:00 AM,3:00 PM,442,5,5,0,0,5,true,"[0,1,2,3,4]",0,2014-10-21T17:19:40.804500,BLOCKED,saved_finish_absent_start_plus_max_time_only_inferred,passed
2d926d4eb7e01e16a8711b98517a69eb98a53b811df5c65db36da584f9f40a90,ES14,ES14C6,25,10/22/2014,5:15 PM,7:15 AM,456,5,5,0,0,5,true,"[0,1,2,3,4]",0,2014-10-22T09:35:46.802600,BLOCKED,saved_finish_absent_start_plus_max_time_only_inferred,passed
2d926d4eb7e01e16a8711b98517a69eb98a53b811df5c65db36da584f9f40a90,ES14,ES14C6,26,10/23/2014,4:40 PM,9:10 AM,472.5,5,5,0,0,5,true,"[0,1,2,3,4]",0,2014-10-23T11:17:59.525600,BLOCKED,saved_finish_absent_start_plus_max_time_only_inferred,passed
2d926d4eb7e01e16a8711b98517a69eb98a53b811df5c65db36da584f9f40a90,ES14,ES14C6,27,10/24/2014,11:45 AM,9:15 AM,494,5,5,0,0,5,true,"[0,1,2,3,4]",0,2014-10-24T11:27:06.414500,BLOCKED,saved_finish_absent_start_plus_max_time_only_inferred,passed
2d926d4eb7e01e16a8711b98517a69eb98a53b811df5c65db36da584f9f40a90,ES14,ES14C6,28,10/24/2014,12:10 PM,2:10 PM,496,5,5,0,0,5,true,"[0,1,2,3,4]",0,2014-10-24T16:32:33.304600,BLOCKED,saved_finish_absent_start_plus_max_time_only_inferred,passed
2d926d4eb7e01e16a8711b98517a69eb98a53b811df5c65db36da584f9f40a90,ES14,ES14C6,29,10/27/2014,4:30 PM,8:30 AM,560,5,5,0,0,5,true,"[0,1,2,3,4]",0,2014-10-27T10:52:22.525600,BLOCKED,saved_finish_absent_start_plus_max_time_only_inferred,passed
2d926d4eb7e01e16a8711b98517a69eb98a53b811df5c65db36da584f9f40a90,ES14,ES14C6,30,10/27/2014,11:35 AM,1:35 PM,562,5,5,0,0,5,true,"[0,1,2,3,4]",0,2014-10-27T15:46:31.706500,BLOCKED,saved_finish_absent_start_plus_max_time_only_inferred,passed
2d926d4eb7e01e16a8711b98517a69eb98a53b811df5c65db36da584f9f40a90,ES14,ES14C6,31,10/28/2014,3:45 PM,8:15 AM,578.5,5,5,0,0,5,true,"[0,1,2,3,4]",0,2014-10-28T12:25:49.680600,BLOCKED,saved_finish_absent_start_plus_max_time_only_inferred,passed
2d926d4eb7e01e16a8711b98517a69eb98a53b811df5c65db36da584f9f40a90,ES14,ES14C6,32,10/29/2014,12:15 PM,7:15 AM,597.5,6,6,0,0,6,true,"[0,1,2,3,4,5]",0,2014-10-29T09:22:57.182500,BLOCKED,saved_finish_absent_start_plus_max_time_only_inferred,passed
2d926d4eb7e01e16a8711b98517a69eb98a53b811df5c65db36da584f9f40a90,ES14,ES14C6,33,10/29/2014,9:20 AM,1:50 PM,602,5,5,0,0,5,true,"[0,1,2,3,4]",0,2014-10-29T16:16:49.392500,BLOCKED,saved_finish_absent_start_plus_max_time_only_inferred,passed
2d926d4eb7e01e16a8711b98517a69eb98a53b811df5c65db36da584f9f40a90,ES14,ES14C6,34,10/30/2014,4:15 PM,9:15 AM,619,5,5,0,0,5,true,"[0,1,2,3,4]",0,2014-10-30T11:28:42.793600,BLOCKED,saved_finish_absent_start_plus_max_time_only_inferred,passed
2d926d4eb7e01e16a8711b98517a69eb98a53b811df5c65db36da584f9f40a90,ES14,ES14C6,35,10/30/2014,11:25 AM,3:25 PM,623,5,5,0,0,5,true,"[0,1,2,3,4]",0,2014-10-30T18:08:15.528600,BLOCKED,saved_finish_absent_start_plus_max_time_only_inferred,passed
2d926d4eb7e01e16a8711b98517a69eb98a53b811df5c65db36da584f9f40a90,ES14,ES14C6,36,10/31/2014,6:05 PM,9:15 AM,650.25,5,5,0,0,5,true,"[0,1,2,3,4]",0,2014-10-31T11:41:35.543600,BLOCKED,saved_finish_absent_start_plus_max_time_only_inferred,passed
2d926d4eb7e01e16a8711b98517a69eb98a53b811df5c65db36da584f9f40a90,ES14,ES14C6,37,11/3/2014,11:45 AM,8:30 AM,719,5,5,0,0,5,true,"[0,1,2,3,4]",0,2014-11-03T10:30:33.383600,BLOCKED,saved_finish_absent_start_plus_max_time_only_inferred,passed
2d926d4eb7e01e16a8711b98517a69eb98a53b811df5c65db36da584f9f40a90,ES14,ES14C6,38,11/4/2014,10:30 AM,8:00 AM,740.5,5,5,0,0,5,true,"[0,1,2,3,4]",0,2014-11-04T14:31:07.250500,BLOCKED,saved_finish_absent_start_plus_max_time_only_inferred,passed
2d926d4eb7e01e16a8711b98517a69eb98a53b811df5c65db36da584f9f40a90,ES14,ES14C6,39,11/5/2014,2:30 PM,9:00 AM,759,5,5,0,0,5,true,"[0,1,2,3,4]",0,2014-11-05T15:34:27.729600,BLOCKED,saved_finish_absent_start_plus_max_time_only_inferred,passed
2d926d4eb7e01e16a8711b98517a69eb98a53b811df5c65db36da584f9f40a90,ES14,ES14C6,40,11/6/2014,3:45 PM,8:15 AM,775.5,5,5,0,0,5,true,"[0,1,2,3,4]",0,2014-11-06T10:42:18.304600,BLOCKED,saved_finish_absent_start_plus_max_time_only_inferred,passed
2d926d4eb7e01e16a8711b98517a69eb98a53b811df5c65db36da584f9f40a90,ES14,ES14C6,41,11/6/2014,10:40 AM,2:20 PM,779,5,5,0,0,5,true,"[0,1,2,3,4]",0,2014-11-06T17:06:37.264600,BLOCKED,saved_finish_absent_start_plus_max_time_only_inferred,passed
2d926d4eb7e01e16a8711b98517a69eb98a53b811df5c65db36da584f9f40a90,ES14,ES14C6,42,11/7/2014,5:00 PM,1:00 PM,799,5,5,0,0,5,true,"[0,1,2,3,4]",0,2014-11-07T15:53:55.596500,BLOCKED,saved_finish_absent_start_plus_max_time_only_inferred,passed
2d926d4eb7e01e16a8711b98517a69eb98a53b811df5c65db36da584f9f40a90,ES14,ES14C6,43,11/10/2014,10:00 AM,1:00 PM,802,5,5,0,0,5,true,"[0,1,2,3,4]",0,2014-11-10T15:34:50.595600,BLOCKED,saved_finish_absent_start_plus_max_time_only_inferred,passed
2d926d4eb7e01e16a8711b98517a69eb98a53b811df5c65db36da584f9f40a90,ES14,ES14C6,44,11/12/2014,3:30 PM,9:00 AM,843.5,5,5,0,0,5,true,"[0,1,2,3,4]",0,2014-11-12T11:57:20.468600,BLOCKED,saved_finish_absent_start_plus_max_time_only_inferred,passed
2d926d4eb7e01e16a8711b98517a69eb98a53b811df5c65db36da584f9f40a90,ES14,ES14C6,45,11/12/2014,12:00 PM,4:30 PM,848,5,5,0,0,5,true,"[0,1,2,3,4]",0,2014-11-12T19:06:34.495500,BLOCKED,saved_finish_absent_start_plus_max_time_only_inferred,passed
2d926d4eb7e01e16a8711b98517a69eb98a53b811df5c65db36da584f9f40a90,ES14,ES14C6,46,11/13/2014,7:00 PM,8:00 AM,861,5,5,0,0,5,true,"[0,1,2,3,4]",0,2014-11-13T10:05:18.055600,BLOCKED,saved_finish_absent_start_plus_max_time_only_inferred,passed
2d926d4eb7e01e16a8711b98517a69eb98a53b811df5c65db36da584f9f40a90,ES14,ES14C6,47,11/13/2014,10:00 AM,2:00 PM,865,5,5,0,0,5,true,"[0,1,2,3,4]",0,2014-11-13T16:44:56.447600,BLOCKED,saved_finish_absent_start_plus_max_time_only_inferred,passed
2d926d4eb7e01e16a8711b98517a69eb98a53b811df5c65db36da584f9f40a90,ES14,ES14C6,48,11/14/2014,4:45 PM,2:15 PM,886.5,5,5,0,0,5,true,"[0,1,2,3,4]",0,2014-11-14T17:00:16.333600,BLOCKED,saved_finish_absent_start_plus_max_time_only_inferred,passed
2d926d4eb7e01e16a8711b98517a69eb98a53b811df5c65db36da584f9f40a90,ES14,ES14C6,49,11/17/2014,5:00 PM,10:00 AM,951.5,5,5,0,0,5,true,"[0,1,2,3,4]",0,2014-11-17T12:23:09.192500,BLOCKED,saved_finish_absent_start_plus_max_time_only_inferred,passed
2d926d4eb7e01e16a8711b98517a69eb98a53b811df5c65db36da584f9f40a90,ES14,ES14C6,50,11/17/2014,12:30 PM,2:00 PM,953,6,6,0,0,6,true,"[0,1,2,3,4,5]",0,2014-11-17T16:16:47.077500,BLOCKED,saved_finish_absent_start_plus_max_time_only_inferred,passed
2d926d4eb7e01e16a8711b98517a69eb98a53b811df5c65db36da584f9f40a90,ES14,ES14C6,51,11/18/2014,4:15 PM,9:15 AM,970,5,5,0,0,5,true,"[0,1,2,3,4]",0,2014-11-18T11:15:44.312600,BLOCKED,saved_finish_absent_start_plus_max_time_only_inferred,passed
2d926d4eb7e01e16a8711b98517a69eb98a53b811df5c65db36da584f9f40a90,ES14,ES14C6,52,11/18/2014,11:15 AM,1:15 PM,972,5,5,0,0,5,true,"[0,1,2,3,4]",0,2014-11-18T15:48:30.198600,BLOCKED,saved_finish_absent_start_plus_max_time_only_inferred,passed
2d926d4eb7e01e16a8711b98517a69eb98a53b811df5c65db36da584f9f40a90,ES14,ES14C6,53,11/19/2014,3:45 PM,10:15 AM,990.5,5,5,0,0,5,true,"[0,1,2,3,4]",0,2014-11-19T14:04:23.230500,BLOCKED,saved_finish_absent_start_plus_max_time_only_inferred,passed
2d926d4eb7e01e16a8711b98517a69eb98a53b811df5c65db36da584f9f40a90,ES14,ES14C6,54,11/20/2014,2:00 PM,9:30 AM,1010,5,5,0,0,5,true,"[0,1,2,3,4]",0,2014-11-20T14:46:46.055500,BLOCKED,saved_finish_absent_start_plus_max_time_only_inferred,passed
2d926d4eb7e01e16a8711b98517a69eb98a53b811df5c65db36da584f9f40a90,ES14,ES14C6,55,11/21/2014,3:00 PM,10:00 AM,1029,5,5,0,0,5,true,"[0,1,2,3,4]",0,2014-11-21T13:26:31.199600,BLOCKED,saved_finish_absent_start_plus_max_time_only_inferred,passed
2d926d4eb7e01e16a8711b98517a69eb98a53b811df5c65db36da584f9f40a90,ES14,ES14C6,56,11/24/2014,2:00 PM,9:30 AM,1096.5,5,5,0,0,5,false,"[0,2,1,3,4]",0,2014-11-24T11:32:08.170600,BLOCKED,saved_finish_absent_start_plus_max_time_only_inferred,passed
2d926d4eb7e01e16a8711b98517a69eb98a53b811df5c65db36da584f9f40a90,ES14,ES14C6,57,11/25/2014,11:30 AM,3:00 PM,1124,5,5,0,0,5,true,"[0,1,2,3,4]",0,2014-11-25T19:16:46.192500,BLOCKED,saved_finish_absent_start_plus_max_time_only_inferred,passed
2d926d4eb7e01e16a8711b98517a69eb98a53b811df5c65db36da584f9f40a90,ES14,ES14C6,58,11/26/2014,7:15 PM,10:45 AM,1140.5,5,5,0,0,5,true,"[0,1,2,3,4]",0,2014-11-26T14:09:13.059500,BLOCKED,saved_finish_absent_start_plus_max_time_only_inferred,passed
2d926d4eb7e01e16a8711b98517a69eb98a53b811df5c65db36da584f9f40a90,ES14,ES14C6,59,12/1/2014,2:15 PM,10:45 AM,1257,5,5,0,0,5,true,"[0,1,2,3,4]",0,2014-12-01T13:19:43.909500,BLOCKED,saved_finish_absent_start_plus_max_time_only_inferred,passed
2d926d4eb7e01e16a8711b98517a69eb98a53b811df5c65db36da584f9f40a90,ES14,ES14C6,60,12/1/2014,1:20 PM,2:20 PM,1258,5,5,0,0,5,true,"[0,1,2,3,4]",0,2014-12-01T16:33:38.058500,BLOCKED,saved_finish_absent_start_plus_max_time_only_inferred,passed
2d926d4eb7e01e16a8711b98517a69eb98a53b811df5c65db36da584f9f40a90,ES14,ES14C6,61,12/3/2014,5:30 PM,10:30 AM,1299,5,5,0,0,5,true,"[0,1,2,3,4]",0,2014-12-03T12:50:15.044500,BLOCKED,saved_finish_absent_start_plus_max_time_only_inferred,passed
2d926d4eb7e01e16a8711b98517a69eb98a53b811df5c65db36da584f9f40a90,ES14,ES14C6,62,12/3/2014,1:15 PM,2:45 PM,1300.5,5,5,0,0,5,true,"[0,1,2,3,4]",0,2014-12-03T16:34:16.060500,BLOCKED,saved_finish_absent_start_plus_max_time_only_inferred,passed
2d926d4eb7e01e16a8711b98517a69eb98a53b811df5c65db36da584f9f40a90,ES14,ES14C6,63,12/4/2014,4:30 PM,9:30 AM,1317.5,5,5,0,0,5,true,"[0,1,2,3,4]",0,2014-12-04T11:49:52.464600,BLOCKED,saved_finish_absent_start_plus_max_time_only_inferred,passed
2d926d4eb7e01e16a8711b98517a69eb98a53b811df5c65db36da584f9f40a90,ES14,ES14C6,64,12/5/2014,11:45 AM,10:15 AM,1341,5,5,0,0,5,true,"[0,1,2,3,4]",0,2014-12-05T14:29:43.201600,BLOCKED,saved_finish_absent_start_plus_max_time_only_inferred,passed
2d926d4eb7e01e16a8711b98517a69eb98a53b811df5c65db36da584f9f40a90,ES14,ES14C6,65,12/8/2014,2:25 PM,9:25 AM,1408,5,5,0,0,5,true,"[0,1,2,3,4]",0,2014-12-08T13:05:55.465500,BLOCKED,saved_finish_absent_start_plus_max_time_only_inferred,passed
2d926d4eb7e01e16a8711b98517a69eb98a53b811df5c65db36da584f9f40a90,ES14,ES14C6,66,12/10/2014,1:15 PM,1:45 PM,1456.5,5,5,0,0,5,true,"[0,1,2,3,4]",0,2014-12-10T16:08:09.336500,BLOCKED,saved_finish_absent_start_plus_max_time_only_inferred,passed
2d926d4eb7e01e16a8711b98517a69eb98a53b811df5c65db36da584f9f40a90,ES14,ES14C6,67,12/16/2014,4:05 PM,9:35 AM,1594,5,5,0,0,5,true,"[0,1,2,3,4]",0,2014-12-16T11:58:02.061500,BLOCKED,saved_finish_absent_start_plus_max_time_only_inferred,passed
2d926d4eb7e01e16a8711b98517a69eb98a53b811df5c65db36da584f9f40a90,ES14,ES14C6,68,2/17/2015,3:00 PM,4:30 PM,3063,5,5,0,0,5,true,"[0,1,2,3,4]",0,2015-02-17T16:29:12.110600,BLOCKED,saved_finish_absent_start_plus_max_time_only_inferred,passed
2d926d4eb7e01e16a8711b98517a69eb98a53b811df5c65db36da584f9f40a90,ES14,ES14C6,69,04/20/2015,3:30 PM,6:30 PM,4551,10,5,0,5,5,true,"[1,3,5,7,9]",0,2015-04-20T18:13:42.017500,BLOCKED,saved_finish_absent_start_plus_max_time_only_inferred,passed
2d926d4eb7e01e16a8711b98517a69eb98a53b811df5c65db36da584f9f40a90,ES14,ES14C6,70,04/28/2015,11:30 AM,2:00 PM,4748,10,5,0,5,5,true,"[1,3,5,7,9]",0,2015-04-28T13:47:32.715600,BLOCKED,saved_finish_absent_start_plus_max_time_only_inferred,passed
2d926d4eb7e01e16a8711b98517a69eb98a53b811df5c65db36da584f9f40a90,ES14,ES14C6,71,05/04/2015,1:30 PM,4:30 PM,4891.5,10,5,0,5,5,true,"[1,3,5,7,9]",0,2015-05-04T16:03:29.678500,BLOCKED,saved_finish_absent_start_plus_max_time_only_inferred,passed
2d926d4eb7e01e16a8711b98517a69eb98a53b811df5c65db36da584f9f40a90,ES14,ES14C6,72,05/13/2015,2:00 PM,2:00 PM,5105.5,10,5,0,5,5,true,"[1,3,5,7,9]",0,2015-05-13T16:07:55.542600,BLOCKED,saved_finish_absent_start_plus_max_time_only_inferred,passed
2d926d4eb7e01e16a8711b98517a69eb98a53b811df5c65db36da584f9f40a90,ES14,ES14C7,0,9/29/2014,,,0,5,5,0,0,5,true,"[0,1,2,3,4]",0,2014-09-29T14:00:52.982500,BLOCKED,saved_finish_absent_start_plus_max_time_only_inferred,passed
2d926d4eb7e01e16a8711b98517a69eb98a53b811df5c65db36da584f9f40a90,ES14,ES14C7,1,9/30/2014,,,0,5,5,0,0,5,true,"[0,1,2,3,4]",0,2014-09-30T12:07:47.758500,BLOCKED,saved_finish_absent_start_plus_max_time_only_inferred,passed
2d926d4eb7e01e16a8711b98517a69eb98a53b811df5c65db36da584f9f40a90,ES14,ES14C7,2,10/1/2014,10:00 AM,12:00 PM,2,5,5,0,0,5,true,"[0,1,2,3,4]",0,2014-10-01T14:43:56.792500,BLOCKED,saved_finish_absent_start_plus_max_time_only_inferred,passed
2d926d4eb7e01e16a8711b98517a69eb98a53b811df5c65db36da584f9f40a90,ES14,ES14C7,3,10/2/2014,4:00 PM,1:00 PM,23,5,5,0,0,5,true,"[0,1,2,3,4]",0,2014-10-02T16:00:14.806600,BLOCKED,saved_finish_absent_start_plus_max_time_only_inferred,passed
2d926d4eb7e01e16a8711b98517a69eb98a53b811df5c65db36da584f9f40a90,ES14,ES14C7,4,10/3/2014,4:00 PM,7:20 AM,38.3333,5,5,0,0,5,true,"[0,1,2,3,4]",0,2014-10-03T10:24:19.936600,BLOCKED,saved_finish_absent_start_plus_max_time_only_inferred,passed
2d926d4eb7e01e16a8711b98517a69eb98a53b811df5c65db36da584f9f40a90,ES14,ES14C7,5,10/3/2014,10:20 AM,12:00 PM,40,5,5,0,0,5,true,"[0,1,2,3,4]",0,2014-10-03T14:31:49.666500,BLOCKED,saved_finish_absent_start_plus_max_time_only_inferred,passed
2d926d4eb7e01e16a8711b98517a69eb98a53b811df5c65db36da584f9f40a90,ES14,ES14C7,6,10/6/2014,2:25 PM,7:25 AM,105,5,5,0,0,5,true,"[0,1,2,3,4]",0,2014-10-06T09:46:12.953600,BLOCKED,saved_finish_absent_start_plus_max_time_only_inferred,passed
2d926d4eb7e01e16a8711b98517a69eb98a53b811df5c65db36da584f9f40a90,ES14,ES14C7,7,10/6/2014,9:40 AM,12:40 PM,108,5,5,0,0,5,true,"[0,1,2,3,4]",0,2014-10-06T15:00:33.936600,BLOCKED,saved_finish_absent_start_plus_max_time_only_inferred,passed
2d926d4eb7e01e16a8711b98517a69eb98a53b811df5c65db36da584f9f40a90,ES14,ES14C7,8,10/7/2014,2:55 PM,7:55 AM,125,5,5,0,0,5,true,"[0,1,2,3,4]",0,2014-10-07T09:49:37.939600,BLOCKED,saved_finish_absent_start_plus_max_time_only_inferred,passed
2d926d4eb7e01e16a8711b98517a69eb98a53b811df5c65db36da584f9f40a90,ES14,ES14C7,9,10/7/2014,9:45 AM,12:45 PM,128,5,5,0,0,5,true,"[0,1,2,3,4]",0,2014-10-07T15:02:46.806500,BLOCKED,saved_finish_absent_start_plus_max_time_only_inferred,passed
2d926d4eb7e01e16a8711b98517a69eb98a53b811df5c65db36da584f9f40a90,ES14,ES14C7,10,10/8/2014,3:00 PM,9:00 AM,146,5,5,0,0,5,true,"[0,1,2,3,4]",0,2014-10-08T11:34:21.529600,BLOCKED,saved_finish_absent_start_plus_max_time_only_inferred,passed
2d926d4eb7e01e16a8711b98517a69eb98a53b811df5c65db36da584f9f40a90,ES14,ES14C7,11,10/9/2014,11:30 AM,7:30 AM,166,5,5,0,0,5,true,"[0,1,2,3,4]",0,2014-10-09T09:44:53.804500,BLOCKED,saved_finish_absent_start_plus_max_time_only_inferred,passed
2d926d4eb7e01e16a8711b98517a69eb98a53b811df5c65db36da584f9f40a90,ES14,ES14C7,12,10/10/2014,9:40 AM,7:40 AM,188,5,5,0,0,5,true,"[0,1,2,3,4]",0,2014-10-10T10:21:03.792600,BLOCKED,saved_finish_absent_start_plus_max_time_only_inferred,passed
2d926d4eb7e01e16a8711b98517a69eb98a53b811df5c65db36da584f9f40a90,ES14,ES14C7,13,10/10/2014,10:15 AM,2:15 PM,192,5,5,0,0,5,true,"[0,1,2,3,4]",0,2014-10-10T16:29:20.708500,BLOCKED,saved_finish_absent_start_plus_max_time_only_inferred,passed
2d926d4eb7e01e16a8711b98517a69eb98a53b811df5c65db36da584f9f40a90,ES14,ES14C7,14,10/13/2014,4:25 PM,11:25 AM,259,5,5,0,0,5,true,"[0,1,2,3,4]",0,2014-10-13T13:42:38.264500,BLOCKED,saved_finish_absent_start_plus_max_time_only_inferred,passed
2d926d4eb7e01e16a8711b98517a69eb98a53b811df5c65db36da584f9f40a90,ES14,ES14C7,15,10/14/2014,1:45 PM,7:45 AM,277,5,5,0,0,5,true,"[0,1,2,3,4]",0,2014-10-14T10:38:18.389600,BLOCKED,saved_finish_absent_start_plus_max_time_only_inferred,passed
2d926d4eb7e01e16a8711b98517a69eb98a53b811df5c65db36da584f9f40a90,ES14,ES14C7,16,10/14/2014,10:30 AM,12:30 PM,279,5,5,0,0,5,true,"[0,1,2,3,4]",0,2014-10-14T14:57:01.806600,BLOCKED,saved_finish_absent_start_plus_max_time_only_inferred,passed
2d926d4eb7e01e16a8711b98517a69eb98a53b811df5c65db36da584f9f40a90,ES14,ES14C7,17,10/15/2014,2:50 PM,8:30 AM,296.66,5,5,0,0,5,true,"[0,1,2,3,4]",0,2014-10-15T10:46:53.944600,BLOCKED,saved_finish_absent_start_plus_max_time_only_inferred,passed
2d926d4eb7e01e16a8711b98517a69eb98a53b811df5c65db36da584f9f40a90,ES14,ES14C7,18,10/16/2014,10:40 AM,7:00 AM,317,5,5,0,0,5,true,"[0,1,2,3,4]",0,2014-10-16T09:30:27.938600,BLOCKED,saved_finish_absent_start_plus_max_time_only_inferred,passed
2d926d4eb7e01e16a8711b98517a69eb98a53b811df5c65db36da584f9f40a90,ES14,ES14C7,19,10/17/2014,10:00 AM,9:00 AM,352,5,5,0,0,5,true,"[0,1,2,3,4]",0,2014-10-17T10:58:42.804600,BLOCKED,saved_finish_absent_start_plus_max_time_only_inferred,passed
2d926d4eb7e01e16a8711b98517a69eb98a53b811df5c65db36da584f9f40a90,ES14,ES14C7,20,10/17/2014,11:30 AM,2:30 PM,355,6,6,0,0,6,false,"[1,0,2,3,4,5]",0,2014-10-17T17:04:06.936500,BLOCKED,saved_finish_absent_start_plus_max_time_only_inferred,passed
2d926d4eb7e01e16a8711b98517a69eb98a53b811df5c65db36da584f9f40a90,ES14,ES14C7,21,10/20/2014,4:30 PM,9:00 AM,419.5,5,5,0,0,5,true,"[0,1,2,3,4]",0,2014-10-20T11:20:58.804500,BLOCKED,saved_finish_absent_start_plus_max_time_only_inferred,passed
2d926d4eb7e01e16a8711b98517a69eb98a53b811df5c65db36da584f9f40a90,ES14,ES14C7,22,10/20/2014,11:15 AM,1:45 PM,422,5,5,0,0,5,true,"[0,1,2,3,4]",0,2014-10-20T15:57:56.790500,BLOCKED,saved_finish_absent_start_plus_max_time_only_inferred,passed
2d926d4eb7e01e16a8711b98517a69eb98a53b811df5c65db36da584f9f40a90,ES14,ES14C7,23,10/21/2014,4:00 PM,7:00 AM,437,5,5,0,0,5,true,"[0,1,2,3,4]",0,2014-10-21T09:59:25.806500,BLOCKED,saved_finish_absent_start_plus_max_time_only_inferred,passed
2d926d4eb7e01e16a8711b98517a69eb98a53b811df5c65db36da584f9f40a90,ES14,ES14C7,24,10/21/2014,10:00 AM,3:00 PM,442,5,5,0,0,5,true,"[0,1,2,3,4]",0,2014-10-21T17:24:08.806600,BLOCKED,saved_finish_absent_start_plus_max_time_only_inferred,passed
2d926d4eb7e01e16a8711b98517a69eb98a53b811df5c65db36da584f9f40a90,ES14,ES14C7,25,10/22/2014,5:15 PM,7:15 AM,456,5,5,0,0,5,true,"[0,1,2,3,4]",0,2014-10-22T09:39:27.939500,BLOCKED,saved_finish_absent_start_plus_max_time_only_inferred,passed
2d926d4eb7e01e16a8711b98517a69eb98a53b811df5c65db36da584f9f40a90,ES14,ES14C7,26,10/23/2014,4:40 PM,9:10 AM,472.5,5,5,0,0,5,true,"[0,1,2,3,4]",0,2014-10-23T11:22:49.658500,BLOCKED,saved_finish_absent_start_plus_max_time_only_inferred,passed
2d926d4eb7e01e16a8711b98517a69eb98a53b811df5c65db36da584f9f40a90,ES14,ES14C7,27,10/24/2014,11:45 AM,9:15 AM,494,5,5,0,0,5,true,"[0,1,2,3,4]",0,2014-10-24T11:30:43.253600,BLOCKED,saved_finish_absent_start_plus_max_time_only_inferred,passed
2d926d4eb7e01e16a8711b98517a69eb98a53b811df5c65db36da584f9f40a90,ES14,ES14C7,28,10/24/2014,12:10 PM,2:10 PM,496,5,5,0,0,5,true,"[0,1,2,3,4]",0,2014-10-24T16:36:04.527600,BLOCKED,saved_finish_absent_start_plus_max_time_only_inferred,passed
2d926d4eb7e01e16a8711b98517a69eb98a53b811df5c65db36da584f9f40a90,ES14,ES14C7,29,10/27/2014,4:30 PM,8:30 AM,560,5,5,0,0,5,true,"[0,1,2,3,4]",0,2014-10-27T11:01:51.803500,BLOCKED,saved_finish_absent_start_plus_max_time_only_inferred,passed
2d926d4eb7e01e16a8711b98517a69eb98a53b811df5c65db36da584f9f40a90,ES14,ES14C7,30,10/27/2014,11:35 AM,1:35 PM,562,5,5,0,0,5,true,"[0,1,2,3,4]",0,2014-10-27T15:51:01.524600,BLOCKED,saved_finish_absent_start_plus_max_time_only_inferred,passed
2d926d4eb7e01e16a8711b98517a69eb98a53b811df5c65db36da584f9f40a90,ES14,ES14C7,31,10/28/2014,3:45 PM,8:15 AM,578.5,5,5,0,0,5,true,"[0,1,2,3,4]",0,2014-10-28T12:29:26.707500,BLOCKED,saved_finish_absent_start_plus_max_time_only_inferred,passed
2d926d4eb7e01e16a8711b98517a69eb98a53b811df5c65db36da584f9f40a90,ES14,ES14C7,32,10/29/2014,12:15 PM,7:15 AM,597.5,5,5,0,0,5,true,"[0,1,2,3,4]",0,2014-10-29T09:26:43.522500,BLOCKED,saved_finish_absent_start_plus_max_time_only_inferred,passed
2d926d4eb7e01e16a8711b98517a69eb98a53b811df5c65db36da584f9f40a90,ES14,ES14C7,33,10/29/2014,9:20 AM,1:50 PM,602,5,5,0,0,5,true,"[0,1,2,3,4]",0,2014-10-29T16:20:22.578500,BLOCKED,saved_finish_absent_start_plus_max_time_only_inferred,passed
2d926d4eb7e01e16a8711b98517a69eb98a53b811df5c65db36da584f9f40a90,ES14,ES14C7,34,10/30/2014,4:15 PM,9:15 AM,619,5,5,0,0,5,true,"[0,1,2,3,4]",0,2014-10-30T11:32:05.541500,BLOCKED,saved_finish_absent_start_plus_max_time_only_inferred,passed
2d926d4eb7e01e16a8711b98517a69eb98a53b811df5c65db36da584f9f40a90,ES14,ES14C7,35,10/30/2014,11:25 AM,3:25 PM,623,5,5,0,0,5,true,"[0,1,2,3,4]",0,2014-10-30T18:12:27.527600,BLOCKED,saved_finish_absent_start_plus_max_time_only_inferred,passed
2d926d4eb7e01e16a8711b98517a69eb98a53b811df5c65db36da584f9f40a90,ES14,ES14C7,36,10/31/2014,6:05 PM,9:15 AM,650.25,5,5,0,0,5,true,"[0,1,2,3,4]",0,2014-10-31T11:45:02.388500,BLOCKED,saved_finish_absent_start_plus_max_time_only_inferred,passed
2d926d4eb7e01e16a8711b98517a69eb98a53b811df5c65db36da584f9f40a90,ES14,ES14C7,37,11/3/2014,11:45 AM,8:30 AM,719,5,5,0,0,5,true,"[0,1,2,3,4]",0,2014-11-03T10:34:06.528600,BLOCKED,saved_finish_absent_start_plus_max_time_only_inferred,passed
2d926d4eb7e01e16a8711b98517a69eb98a53b811df5c65db36da584f9f40a90,ES14,ES14C7,38,11/4/2014,10:30 AM,8:00 AM,740.5,5,5,0,0,5,true,"[0,1,2,3,4]",0,2014-11-04T14:39:35.677500,BLOCKED,saved_finish_absent_start_plus_max_time_only_inferred,passed
2d926d4eb7e01e16a8711b98517a69eb98a53b811df5c65db36da584f9f40a90,ES14,ES14C7,39,11/5/2014,2:30 PM,9:00 AM,759,5,5,0,0,5,true,"[0,1,2,3,4]",0,2014-11-05T15:41:51.454600,BLOCKED,saved_finish_absent_start_plus_max_time_only_inferred,passed
2d926d4eb7e01e16a8711b98517a69eb98a53b811df5c65db36da584f9f40a90,ES14,ES14C7,40,11/6/2014,3:45 PM,8:15 AM,775.5,5,5,0,0,5,true,"[0,1,2,3,4]",0,2014-11-06T10:46:57.482600,BLOCKED,saved_finish_absent_start_plus_max_time_only_inferred,passed
2d926d4eb7e01e16a8711b98517a69eb98a53b811df5c65db36da584f9f40a90,ES14,ES14C7,41,11/6/2014,10:40 AM,2:20 PM,779,5,5,0,0,5,true,"[0,1,2,3,4]",0,2014-11-06T17:10:25.456500,BLOCKED,saved_finish_absent_start_plus_max_time_only_inferred,passed
2d926d4eb7e01e16a8711b98517a69eb98a53b811df5c65db36da584f9f40a90,ES14,ES14C7,42,11/7/2014,5:00 PM,1:00 PM,799,5,5,0,0,5,true,"[0,1,2,3,4]",0,2014-11-07T15:58:38.412600,BLOCKED,saved_finish_absent_start_plus_max_time_only_inferred,passed
2d926d4eb7e01e16a8711b98517a69eb98a53b811df5c65db36da584f9f40a90,ES14,ES14C7,43,11/10/2014,10:00 AM,1:00 PM,802,5,5,0,0,5,true,"[0,1,2,3,4]",0,2014-11-10T15:38:18.059500,BLOCKED,saved_finish_absent_start_plus_max_time_only_inferred,passed
2d926d4eb7e01e16a8711b98517a69eb98a53b811df5c65db36da584f9f40a90,ES14,ES14C7,44,11/12/2014,3:30 PM,9:00 AM,843.5,5,5,0,0,5,true,"[0,1,2,3,4]",0,2014-11-12T12:07:26.282600,BLOCKED,saved_finish_absent_start_plus_max_time_only_inferred,passed
2d926d4eb7e01e16a8711b98517a69eb98a53b811df5c65db36da584f9f40a90,ES14,ES14C7,45,11/12/2014,12:00 PM,4:30 PM,848,5,5,0,0,5,true,"[0,1,2,3,4]",0,2014-11-12T19:09:58.191600,BLOCKED,saved_finish_absent_start_plus_max_time_only_inferred,passed
2d926d4eb7e01e16a8711b98517a69eb98a53b811df5c65db36da584f9f40a90,ES14,ES14C7,46,11/13/2014,7:00 PM,8:00 AM,861,5,5,0,0,5,true,"[0,1,2,3,4]",0,2014-11-13T10:08:57.202600,BLOCKED,saved_finish_absent_start_plus_max_time_only_inferred,passed
2d926d4eb7e01e16a8711b98517a69eb98a53b811df5c65db36da584f9f40a90,ES14,ES14C7,47,11/13/2014,10:00 AM,2:00 PM,865,5,5,0,0,5,true,"[0,1,2,3,4]",0,2014-11-13T16:48:34.908600,BLOCKED,saved_finish_absent_start_plus_max_time_only_inferred,passed
2d926d4eb7e01e16a8711b98517a69eb98a53b811df5c65db36da584f9f40a90,ES14,ES14C7,48,11/14/2014,4:45 PM,2:15 PM,886.5,5,5,0,0,5,true,"[0,1,2,3,4]",0,2014-11-14T17:03:46.188600,BLOCKED,saved_finish_absent_start_plus_max_time_only_inferred,passed
2d926d4eb7e01e16a8711b98517a69eb98a53b811df5c65db36da584f9f40a90,ES14,ES14C7,49,11/17/2014,5:00 PM,10:00 AM,951.5,5,5,0,0,5,true,"[0,1,2,3,4]",0,2014-11-17T12:26:49.331600,BLOCKED,saved_finish_absent_start_plus_max_time_only_inferred,passed
2d926d4eb7e01e16a8711b98517a69eb98a53b811df5c65db36da584f9f40a90,ES14,ES14C7,50,11/17/2014,12:30 PM,2:00 PM,953,5,5,0,0,5,true,"[0,1,2,3,4]",0,2014-11-17T16:20:55.058500,BLOCKED,saved_finish_absent_start_plus_max_time_only_inferred,passed
2d926d4eb7e01e16a8711b98517a69eb98a53b811df5c65db36da584f9f40a90,ES14,ES14C7,51,11/18/2014,4:15 PM,9:15 AM,970,5,5,0,0,5,true,"[0,1,2,3,4]",0,2014-11-18T11:19:13.353500,BLOCKED,saved_finish_absent_start_plus_max_time_only_inferred,passed
2d926d4eb7e01e16a8711b98517a69eb98a53b811df5c65db36da584f9f40a90,ES14,ES14C7,52,11/18/2014,11:15 AM,1:15 PM,972,5,5,0,0,5,true,"[0,1,2,3,4]",0,2014-11-18T15:52:00.277600,BLOCKED,saved_finish_absent_start_plus_max_time_only_inferred,passed
2d926d4eb7e01e16a8711b98517a69eb98a53b811df5c65db36da584f9f40a90,ES14,ES14C7,53,11/19/2014,3:45 PM,10:15 AM,990.5,5,5,0,0,5,true,"[0,1,2,3,4]",0,2014-11-19T14:09:01.910600,BLOCKED,saved_finish_absent_start_plus_max_time_only_inferred,passed
2d926d4eb7e01e16a8711b98517a69eb98a53b811df5c65db36da584f9f40a90,ES14,ES14C7,54,11/20/2014,2:00 PM,9:30 AM,1010,5,5,0,0,5,true,"[0,1,2,3,4]",0,2014-11-20T14:50:36.910500,BLOCKED,saved_finish_absent_start_plus_max_time_only_inferred,passed
2d926d4eb7e01e16a8711b98517a69eb98a53b811df5c65db36da584f9f40a90,ES14,ES14C7,55,11/21/2014,3:00 PM,10:00 AM,1029,5,5,0,0,5,true,"[0,1,2,3,4]",0,2014-11-21T13:30:49.200600,BLOCKED,saved_finish_absent_start_plus_max_time_only_inferred,passed
2d926d4eb7e01e16a8711b98517a69eb98a53b811df5c65db36da584f9f40a90,ES14,ES14C7,56,11/24/2014,2:00 PM,9:30 AM,1096.5,5,5,0,0,5,true,"[0,1,2,3,4]",0,2014-11-24T11:36:08.057600,BLOCKED,saved_finish_absent_start_plus_max_time_only_inferred,passed
2d926d4eb7e01e16a8711b98517a69eb98a53b811df5c65db36da584f9f40a90,ES14,ES14C7,57,11/25/2014,11:30 AM,3:00 PM,1124,5,5,0,0,5,true,"[0,1,2,3,4]",0,2014-11-25T19:20:00.193500,BLOCKED,saved_finish_absent_start_plus_max_time_only_inferred,passed
2d926d4eb7e01e16a8711b98517a69eb98a53b811df5c65db36da584f9f40a90,ES14,ES14C7,58,11/26/2014,7:15 PM,10:45 AM,1140.5,5,5,0,0,5,true,"[0,1,2,3,4]",0,2014-11-26T14:14:21.420600,BLOCKED,saved_finish_absent_start_plus_max_time_only_inferred,passed
2d926d4eb7e01e16a8711b98517a69eb98a53b811df5c65db36da584f9f40a90,ES14,ES14C7,59,12/1/2014,2:15 PM,10:45 AM,1257,5,5,0,0,5,true,"[0,1,2,3,4]",0,2014-12-01T13:26:12.129500,BLOCKED,saved_finish_absent_start_plus_max_time_only_inferred,passed
2d926d4eb7e01e16a8711b98517a69eb98a53b811df5c65db36da584f9f40a90,ES14,ES14C7,60,12/1/2014,1:20 PM,2:20 PM,1258,5,5,0,0,5,true,"[0,1,2,3,4]",0,2014-12-01T16:40:44.907500,BLOCKED,saved_finish_absent_start_plus_max_time_only_inferred,passed
2d926d4eb7e01e16a8711b98517a69eb98a53b811df5c65db36da584f9f40a90,ES14,ES14C7,61,12/3/2014,5:30 PM,10:30 AM,1299,5,5,0,0,5,true,"[0,1,2,3,4]",0,2014-12-03T12:54:15.036600,BLOCKED,saved_finish_absent_start_plus_max_time_only_inferred,passed
2d926d4eb7e01e16a8711b98517a69eb98a53b811df5c65db36da584f9f40a90,ES14,ES14C7,62,12/3/2014,1:15 PM,2:45 PM,1300.5,5,5,0,0,5,true,"[0,1,2,3,4]",0,2014-12-03T16:37:47.129600,BLOCKED,saved_finish_absent_start_plus_max_time_only_inferred,passed
2d926d4eb7e01e16a8711b98517a69eb98a53b811df5c65db36da584f9f40a90,ES14,ES14C7,63,12/4/2014,4:30 PM,9:30 AM,1317.5,5,5,0,0,5,true,"[0,1,2,3,4]",0,2014-12-04T11:53:05.060500,BLOCKED,saved_finish_absent_start_plus_max_time_only_inferred,passed
2d926d4eb7e01e16a8711b98517a69eb98a53b811df5c65db36da584f9f40a90,ES14,ES14C7,64,12/5/2014,11:45 AM,10:15 AM,1341,5,5,0,0,5,true,"[0,1,2,3,4]",0,2014-12-05T14:33:08.059500,BLOCKED,saved_finish_absent_start_plus_max_time_only_inferred,passed
2d926d4eb7e01e16a8711b98517a69eb98a53b811df5c65db36da584f9f40a90,ES14,ES14C7,65,12/8/2014,2:25 PM,9:25 AM,1408,5,5,0,0,5,true,"[0,1,2,3,4]",0,2014-12-08T13:09:28.199500,BLOCKED,saved_finish_absent_start_plus_max_time_only_inferred,passed
2d926d4eb7e01e16a8711b98517a69eb98a53b811df5c65db36da584f9f40a90,ES14,ES14C7,66,12/10/2014,1:15 PM,1:45 PM,1456.5,5,5,0,0,5,true,"[0,1,2,3,4]",0,2014-12-10T16:11:35.283500,BLOCKED,saved_finish_absent_start_plus_max_time_only_inferred,passed
2d926d4eb7e01e16a8711b98517a69eb98a53b811df5c65db36da584f9f40a90,ES14,ES14C7,67,12/16/2014,4:05 PM,9:35 AM,1594,5,5,0,0,5,true,"[0,1,2,3,4]",0,2014-12-16T12:01:47.284600,BLOCKED,saved_finish_absent_start_plus_max_time_only_inferred,passed
2d926d4eb7e01e16a8711b98517a69eb98a53b811df5c65db36da584f9f40a90,ES14,ES14C7,68,2/17/2015,3:00 PM,4:30 PM,3063,5,5,0,0,5,true,"[0,1,2,3,4]",0,2015-02-17T16:35:15.718600,BLOCKED,saved_finish_absent_start_plus_max_time_only_inferred,passed
2d926d4eb7e01e16a8711b98517a69eb98a53b811df5c65db36da584f9f40a90,ES14,ES14C7,69,04/20/2015,3:30 PM,6:30 PM,4551,10,5,0,5,5,true,"[1,3,5,7,9]",0,2015-04-20T18:18:09.652500,BLOCKED,saved_finish_absent_start_plus_max_time_only_inferred,passed
2d926d4eb7e01e16a8711b98517a69eb98a53b811df5c65db36da584f9f40a90,ES14,ES14C7,70,04/28/2015,11:30 AM,2:00 PM,4748,10,5,0,5,5,true,"[1,3,5,7,9]",0,2015-04-28T13:50:47.675500,BLOCKED,saved_finish_absent_start_plus_max_time_only_inferred,passed
2d926d4eb7e01e16a8711b98517a69eb98a53b811df5c65db36da584f9f40a90,ES14,ES14C7,71,05/04/2015,1:30 PM,4:30 PM,4891.5,10,5,0,5,5,true,"[1,3,5,7,9]",0,2015-05-04T16:09:35.549500,BLOCKED,saved_finish_absent_start_plus_max_time_only_inferred,passed
2d926d4eb7e01e16a8711b98517a69eb98a53b811df5c65db36da584f9f40a90,ES14,ES14C7,72,05/13/2015,2:00 PM,2:00 PM,5105.5,10,5,0,5,5,true,"[1,3,5,7,9]",0,2015-05-13T16:11:28.282600,BLOCKED,saved_finish_absent_start_plus_max_time_only_inferred,passed
2d926d4eb7e01e16a8711b98517a69eb98a53b811df5c65db36da584f9f40a90,ES14,ES14C8,0,9/29/2014,,,0,5,5,0,0,5,true,"[0,1,2,3,4]",0,2014-09-29T13:53:54.366500,BLOCKED,saved_finish_absent_start_plus_max_time_only_inferred,passed
2d926d4eb7e01e16a8711b98517a69eb98a53b811df5c65db36da584f9f40a90,ES14,ES14C8,1,9/30/2014,,,0,5,5,0,0,5,true,"[0,1,2,3,4]",0,2014-09-30T13:22:41.367500,BLOCKED,saved_finish_absent_start_plus_max_time_only_inferred,passed
2d926d4eb7e01e16a8711b98517a69eb98a53b811df5c65db36da584f9f40a90,ES14,ES14C8,2,10/1/2014,10:00 AM,12:00 PM,2,5,5,0,0,5,true,"[0,1,2,3,4]",0,2014-10-01T14:50:30.589500,BLOCKED,saved_finish_absent_start_plus_max_time_only_inferred,passed
2d926d4eb7e01e16a8711b98517a69eb98a53b811df5c65db36da584f9f40a90,ES14,ES14C8,3,10/2/2014,4:00 PM,1:00 PM,23,5,5,0,0,5,true,"[0,1,2,3,4]",0,2014-10-02T16:05:25.536500,BLOCKED,saved_finish_absent_start_plus_max_time_only_inferred,passed
2d926d4eb7e01e16a8711b98517a69eb98a53b811df5c65db36da584f9f40a90,ES14,ES14C8,4,10/3/2014,4:00 PM,7:20 AM,38.3333,5,5,0,0,5,true,"[0,1,2,3,4]",0,2014-10-03T10:29:15.662500,BLOCKED,saved_finish_absent_start_plus_max_time_only_inferred,passed
2d926d4eb7e01e16a8711b98517a69eb98a53b811df5c65db36da584f9f40a90,ES14,ES14C8,5,10/3/2014,10:20 AM,12:00 PM,40,5,5,0,0,5,true,"[0,1,2,3,4]",0,2014-10-03T14:35:30.802500,BLOCKED,saved_finish_absent_start_plus_max_time_only_inferred,passed
2d926d4eb7e01e16a8711b98517a69eb98a53b811df5c65db36da584f9f40a90,ES14,ES14C8,6,10/6/2014,2:25 PM,7:25 AM,105,5,5,0,0,5,true,"[0,1,2,3,4]",0,2014-10-06T09:49:45.789600,BLOCKED,saved_finish_absent_start_plus_max_time_only_inferred,passed
2d926d4eb7e01e16a8711b98517a69eb98a53b811df5c65db36da584f9f40a90,ES14,ES14C8,7,10/6/2014,9:40 AM,12:40 PM,108,5,5,0,0,5,true,"[0,1,2,3,4]",0,2014-10-06T15:04:57.806500,BLOCKED,saved_finish_absent_start_plus_max_time_only_inferred,passed
2d926d4eb7e01e16a8711b98517a69eb98a53b811df5c65db36da584f9f40a90,ES14,ES14C8,8,10/7/2014,2:55 PM,7:55 AM,125,5,5,0,0,5,true,"[0,1,2,3,4]",0,2014-10-07T09:53:41.802600,BLOCKED,saved_finish_absent_start_plus_max_time_only_inferred,passed
2d926d4eb7e01e16a8711b98517a69eb98a53b811df5c65db36da584f9f40a90,ES14,ES14C8,9,10/7/2014,9:45 AM,12:45 PM,128,5,5,0,0,5,true,"[0,1,2,3,4]",0,2014-10-07T15:06:55.388500,BLOCKED,saved_finish_absent_start_plus_max_time_only_inferred,passed
2d926d4eb7e01e16a8711b98517a69eb98a53b811df5c65db36da584f9f40a90,ES14,ES14C8,10,10/8/2014,3:00 PM,9:00 AM,146,5,5,0,0,5,true,"[0,1,2,3,4]",0,2014-10-08T11:38:08.539500,BLOCKED,saved_finish_absent_start_plus_max_time_only_inferred,passed
2d926d4eb7e01e16a8711b98517a69eb98a53b811df5c65db36da584f9f40a90,ES14,ES14C8,11,10/9/2014,11:30 AM,7:30 AM,166,5,5,0,0,5,true,"[0,1,2,3,4]",0,2014-10-09T09:50:20.678500,BLOCKED,saved_finish_absent_start_plus_max_time_only_inferred,passed
2d926d4eb7e01e16a8711b98517a69eb98a53b811df5c65db36da584f9f40a90,ES14,ES14C8,12,10/10/2014,9:40 AM,7:40 AM,188,5,5,0,0,5,true,"[0,1,2,3,4]",0,2014-10-10T10:24:54.711600,BLOCKED,saved_finish_absent_start_plus_max_time_only_inferred,passed
2d926d4eb7e01e16a8711b98517a69eb98a53b811df5c65db36da584f9f40a90,ES14,ES14C8,13,10/10/2014,10:15 AM,2:15 PM,192,5,5,0,0,5,true,"[0,1,2,3,4]",0,2014-10-10T16:32:55.386600,BLOCKED,saved_finish_absent_start_plus_max_time_only_inferred,passed
2d926d4eb7e01e16a8711b98517a69eb98a53b811df5c65db36da584f9f40a90,ES14,ES14C8,14,10/13/2014,4:25 PM,11:25 AM,259,5,5,0,0,5,true,"[0,1,2,3,4]",0,2014-10-13T13:48:08.454500,BLOCKED,saved_finish_absent_start_plus_max_time_only_inferred,passed
2d926d4eb7e01e16a8711b98517a69eb98a53b811df5c65db36da584f9f40a90,ES14,ES14C8,15,10/14/2014,1:45 PM,7:45 AM,277,5,5,0,0,5,true,"[0,1,2,3,4]",0,2014-10-14T10:42:07.596500,BLOCKED,saved_finish_absent_start_plus_max_time_only_inferred,passed
2d926d4eb7e01e16a8711b98517a69eb98a53b811df5c65db36da584f9f40a90,ES14,ES14C8,16,10/14/2014,10:30 AM,12:30 PM,279,5,5,0,0,5,true,"[0,1,2,3,4]",0,2014-10-14T15:00:37.412500,BLOCKED,saved_finish_absent_start_plus_max_time_only_inferred,passed
2d926d4eb7e01e16a8711b98517a69eb98a53b811df5c65db36da584f9f40a90,ES14,ES14C8,17,10/15/2014,2:50 PM,8:30 AM,296.66,5,5,0,0,5,true,"[0,1,2,3,4]",0,2014-10-15T10:50:35.526600,BLOCKED,saved_finish_absent_start_plus_max_time_only_inferred,passed
2d926d4eb7e01e16a8711b98517a69eb98a53b811df5c65db36da584f9f40a90,ES14,ES14C8,18,10/16/2014,10:40 AM,7:00 AM,317,5,5,0,0,5,true,"[0,1,2,3,4]",0,2014-10-16T09:36:54.788600,BLOCKED,saved_finish_absent_start_plus_max_time_only_inferred,passed
2d926d4eb7e01e16a8711b98517a69eb98a53b811df5c65db36da584f9f40a90,ES14,ES14C8,19,10/17/2014,10:00 AM,9:00 AM,352,5,5,0,0,5,true,"[0,1,2,3,4]",0,2014-10-17T11:02:39.538600,BLOCKED,saved_finish_absent_start_plus_max_time_only_inferred,passed
2d926d4eb7e01e16a8711b98517a69eb98a53b811df5c65db36da584f9f40a90,ES14,ES14C8,20,10/17/2014,11:30 AM,2:30 PM,355,5,5,0,0,5,true,"[0,1,2,3,4]",0,2014-10-17T17:07:40.526500,BLOCKED,saved_finish_absent_start_plus_max_time_only_inferred,passed
2d926d4eb7e01e16a8711b98517a69eb98a53b811df5c65db36da584f9f40a90,ES14,ES14C8,21,10/20/2014,4:30 PM,9:00 AM,419.5,5,5,0,0,5,true,"[0,1,2,3,4]",0,2014-10-20T11:24:33.527500,BLOCKED,saved_finish_absent_start_plus_max_time_only_inferred,passed
2d926d4eb7e01e16a8711b98517a69eb98a53b811df5c65db36da584f9f40a90,ES14,ES14C8,22,10/20/2014,11:15 AM,1:45 PM,422,5,5,0,0,5,true,"[0,1,2,3,4]",0,2014-10-20T16:01:58.527500,BLOCKED,saved_finish_absent_start_plus_max_time_only_inferred,passed
2d926d4eb7e01e16a8711b98517a69eb98a53b811df5c65db36da584f9f40a90,ES14,ES14C8,23,10/21/2014,4:00 PM,7:00 AM,437,5,5,0,0,5,true,"[0,1,2,3,4]",0,2014-10-21T10:04:09.805500,BLOCKED,saved_finish_absent_start_plus_max_time_only_inferred,passed
2d926d4eb7e01e16a8711b98517a69eb98a53b811df5c65db36da584f9f40a90,ES14,ES14C8,24,10/21/2014,10:00 AM,3:00 PM,442,5,5,0,0,5,true,"[0,1,2,3,4]",0,2014-10-21T17:27:38.674500,BLOCKED,saved_finish_absent_start_plus_max_time_only_inferred,passed
2d926d4eb7e01e16a8711b98517a69eb98a53b811df5c65db36da584f9f40a90,ES14,ES14C8,25,10/22/2014,5:15 PM,7:15 AM,456,5,5,0,0,5,true,"[0,1,2,3,4]",0,2014-10-22T09:44:25.675600,BLOCKED,saved_finish_absent_start_plus_max_time_only_inferred,passed
2d926d4eb7e01e16a8711b98517a69eb98a53b811df5c65db36da584f9f40a90,ES14,ES14C8,26,10/23/2014,4:40 PM,9:10 AM,472.5,5,5,0,0,5,true,"[0,1,2,3,4]",0,2014-10-23T11:26:27.392500,BLOCKED,saved_finish_absent_start_plus_max_time_only_inferred,passed
2d926d4eb7e01e16a8711b98517a69eb98a53b811df5c65db36da584f9f40a90,ES14,ES14C8,27,10/24/2014,11:45 AM,9:15 AM,494,5,5,0,0,5,true,"[0,1,2,3,4]",0,2014-10-24T11:34:14.446500,BLOCKED,saved_finish_absent_start_plus_max_time_only_inferred,passed
2d926d4eb7e01e16a8711b98517a69eb98a53b811df5c65db36da584f9f40a90,ES14,ES14C8,28,10/24/2014,12:10 PM,2:10 PM,496,5,5,0,0,5,true,"[0,1,2,3,4]",0,2014-10-24T16:39:38.305600,BLOCKED,saved_finish_absent_start_plus_max_time_only_inferred,passed
2d926d4eb7e01e16a8711b98517a69eb98a53b811df5c65db36da584f9f40a90,ES14,ES14C8,29,10/27/2014,4:30 PM,8:30 AM,560,5,5,0,0,5,true,"[0,1,2,3,4]",0,2014-10-27T11:06:58.258600,BLOCKED,saved_finish_absent_start_plus_max_time_only_inferred,passed
2d926d4eb7e01e16a8711b98517a69eb98a53b811df5c65db36da584f9f40a90,ES14,ES14C8,30,10/27/2014,11:35 AM,1:35 PM,562,5,5,0,0,5,true,"[0,1,2,3,4]",0,2014-10-27T15:55:27.576500,BLOCKED,saved_finish_absent_start_plus_max_time_only_inferred,passed
2d926d4eb7e01e16a8711b98517a69eb98a53b811df5c65db36da584f9f40a90,ES14,ES14C8,31,10/28/2014,3:45 PM,8:15 AM,578.5,5,5,0,0,5,true,"[0,1,2,3,4]",0,2014-10-28T12:33:27.123600,BLOCKED,saved_finish_absent_start_plus_max_time_only_inferred,passed
2d926d4eb7e01e16a8711b98517a69eb98a53b811df5c65db36da584f9f40a90,ES14,ES14C8,32,10/29/2014,12:15 PM,7:15 AM,597.5,5,5,0,0,5,true,"[0,1,2,3,4]",0,2014-10-29T09:30:23.123500,BLOCKED,saved_finish_absent_start_plus_max_time_only_inferred,passed
2d926d4eb7e01e16a8711b98517a69eb98a53b811df5c65db36da584f9f40a90,ES14,ES14C8,33,10/29/2014,9:20 AM,1:50 PM,602,5,5,0,0,5,true,"[0,1,2,3,4]",0,2014-10-29T16:24:44.192500,BLOCKED,saved_finish_absent_start_plus_max_time_only_inferred,passed
2d926d4eb7e01e16a8711b98517a69eb98a53b811df5c65db36da584f9f40a90,ES14,ES14C8,34,10/30/2014,4:15 PM,9:15 AM,619,5,5,0,0,5,true,"[0,1,2,3,4]",0,2014-10-30T11:35:25.678500,BLOCKED,saved_finish_absent_start_plus_max_time_only_inferred,passed
2d926d4eb7e01e16a8711b98517a69eb98a53b811df5c65db36da584f9f40a90,ES14,ES14C8,35,10/30/2014,11:25 AM,3:25 PM,623,5,5,0,0,5,true,"[0,1,2,3,4]",0,2014-10-30T18:16:25.436500,BLOCKED,saved_finish_absent_start_plus_max_time_only_inferred,passed
2d926d4eb7e01e16a8711b98517a69eb98a53b811df5c65db36da584f9f40a90,ES14,ES14C8,36,10/31/2014,6:05 PM,9:15 AM,650.25,5,5,0,0,5,true,"[0,1,2,3,4]",0,2014-10-31T11:49:02.544600,BLOCKED,saved_finish_absent_start_plus_max_time_only_inferred,passed
2d926d4eb7e01e16a8711b98517a69eb98a53b811df5c65db36da584f9f40a90,ES14,ES14C8,37,11/3/2014,11:45 AM,8:30 AM,719,5,5,0,0,5,true,"[0,1,2,3,4]",0,2014-11-03T10:38:32.397500,BLOCKED,saved_finish_absent_start_plus_max_time_only_inferred,passed
2d926d4eb7e01e16a8711b98517a69eb98a53b811df5c65db36da584f9f40a90,ES14,ES14C8,38,11/4/2014,10:30 AM,8:00 AM,740.5,5,5,0,0,5,true,"[0,1,2,3,4]",0,2014-11-04T14:43:09.593600,BLOCKED,saved_finish_absent_start_plus_max_time_only_inferred,passed
2d926d4eb7e01e16a8711b98517a69eb98a53b811df5c65db36da584f9f40a90,ES14,ES14C8,39,11/5/2014,2:30 PM,9:00 AM,759,5,5,0,0,5,true,"[0,1,2,3,4]",0,2014-11-05T15:47:14.315600,BLOCKED,saved_finish_absent_start_plus_max_time_only_inferred,passed
2d926d4eb7e01e16a8711b98517a69eb98a53b811df5c65db36da584f9f40a90,ES14,ES14C8,40,11/6/2014,3:45 PM,8:15 AM,775.5,5,5,0,0,5,true,"[0,1,2,3,4]",0,2014-11-06T10:51:36.176500,BLOCKED,saved_finish_absent_start_plus_max_time_only_inferred,passed
2d926d4eb7e01e16a8711b98517a69eb98a53b811df5c65db36da584f9f40a90,ES14,ES14C8,41,11/6/2014,10:40 AM,2:20 PM,779,5,5,0,0,5,true,"[0,1,2,3,4]",0,2014-11-06T17:14:37.464600,BLOCKED,saved_finish_absent_start_plus_max_time_only_inferred,passed
2d926d4eb7e01e16a8711b98517a69eb98a53b811df5c65db36da584f9f40a90,ES14,ES14C8,42,11/7/2014,5:00 PM,1:00 PM,799,5,5,0,0,5,true,"[0,1,2,3,4]",0,2014-11-07T16:05:21.596500,BLOCKED,saved_finish_absent_start_plus_max_time_only_inferred,passed
2d926d4eb7e01e16a8711b98517a69eb98a53b811df5c65db36da584f9f40a90,ES14,ES14C8,43,11/10/2014,10:00 AM,1:00 PM,802,5,5,0,0,5,true,"[0,1,2,3,4]",0,2014-11-10T15:41:39.039500,BLOCKED,saved_finish_absent_start_plus_max_time_only_inferred,passed
2d926d4eb7e01e16a8711b98517a69eb98a53b811df5c65db36da584f9f40a90,ES14,ES14C8,44,11/12/2014,3:30 PM,9:00 AM,843.5,5,5,0,0,5,true,"[0,1,2,3,4]",0,2014-11-12T12:12:44.329600,BLOCKED,saved_finish_absent_start_plus_max_time_only_inferred,passed
2d926d4eb7e01e16a8711b98517a69eb98a53b811df5c65db36da584f9f40a90,ES14,ES14C8,45,11/12/2014,12:00 PM,4:30 PM,848,5,5,0,0,5,true,"[0,1,2,3,4]",0,2014-11-12T19:13:19.058600,BLOCKED,saved_finish_absent_start_plus_max_time_only_inferred,passed
2d926d4eb7e01e16a8711b98517a69eb98a53b811df5c65db36da584f9f40a90,ES14,ES14C8,46,11/13/2014,7:00 PM,8:00 AM,861,5,5,0,0,5,true,"[0,1,2,3,4]",0,2014-11-13T10:12:55.131600,BLOCKED,saved_finish_absent_start_plus_max_time_only_inferred,passed
2d926d4eb7e01e16a8711b98517a69eb98a53b811df5c65db36da584f9f40a90,ES14,ES14C8,47,11/13/2014,10:00 AM,2:00 PM,865,5,5,0,0,5,true,"[0,1,2,3,4]",0,2014-11-13T16:52:52.059500,BLOCKED,saved_finish_absent_start_plus_max_time_only_inferred,passed
2d926d4eb7e01e16a8711b98517a69eb98a53b811df5c65db36da584f9f40a90,ES14,ES14C8,48,11/14/2014,4:45 PM,2:15 PM,886.5,5,5,0,0,5,true,"[0,1,2,3,4]",0,2014-11-14T17:09:14.188600,BLOCKED,saved_finish_absent_start_plus_max_time_only_inferred,passed
2d926d4eb7e01e16a8711b98517a69eb98a53b811df5c65db36da584f9f40a90,ES14,ES14C8,49,11/17/2014,5:00 PM,10:00 AM,951.5,5,5,0,0,5,true,"[0,1,2,3,4]",0,2014-11-17T12:31:35.330500,BLOCKED,saved_finish_absent_start_plus_max_time_only_inferred,passed
2d926d4eb7e01e16a8711b98517a69eb98a53b811df5c65db36da584f9f40a90,ES14,ES14C8,50,11/17/2014,12:30 PM,2:00 PM,953,5,5,0,0,5,true,"[0,1,2,3,4]",0,2014-11-17T16:24:02.191500,BLOCKED,saved_finish_absent_start_plus_max_time_only_inferred,passed
2d926d4eb7e01e16a8711b98517a69eb98a53b811df5c65db36da584f9f40a90,ES14,ES14C8,51,11/18/2014,4:15 PM,9:15 AM,970,5,5,0,0,5,true,"[0,1,2,3,4]",0,2014-11-18T11:22:44.189500,BLOCKED,saved_finish_absent_start_plus_max_time_only_inferred,passed
2d926d4eb7e01e16a8711b98517a69eb98a53b811df5c65db36da584f9f40a90,ES14,ES14C8,52,11/18/2014,11:15 AM,1:15 PM,972,5,5,0,0,5,true,"[0,1,2,3,4]",0,2014-11-18T15:55:45.059500,BLOCKED,saved_finish_absent_start_plus_max_time_only_inferred,passed
2d926d4eb7e01e16a8711b98517a69eb98a53b811df5c65db36da584f9f40a90,ES14,ES14C8,53,11/19/2014,3:45 PM,10:15 AM,990.5,5,5,0,0,5,true,"[0,1,2,3,4]",0,2014-11-19T14:14:01.198500,BLOCKED,saved_finish_absent_start_plus_max_time_only_inferred,passed
2d926d4eb7e01e16a8711b98517a69eb98a53b811df5c65db36da584f9f40a90,ES14,ES14C8,54,11/20/2014,2:00 PM,9:30 AM,1010,5,5,0,0,5,true,"[0,1,2,3,4]",0,2014-11-20T14:54:14.059600,BLOCKED,saved_finish_absent_start_plus_max_time_only_inferred,passed
2d926d4eb7e01e16a8711b98517a69eb98a53b811df5c65db36da584f9f40a90,ES14,ES14C8,55,11/21/2014,3:00 PM,10:00 AM,1029,5,5,0,0,5,true,"[0,1,2,3,4]",0,2014-11-21T13:34:38.284500,BLOCKED,saved_finish_absent_start_plus_max_time_only_inferred,passed
2d926d4eb7e01e16a8711b98517a69eb98a53b811df5c65db36da584f9f40a90,ES14,ES14C8,56,11/24/2014,2:00 PM,9:30 AM,1096.5,5,5,0,0,5,true,"[0,1,2,3,4]",0,2014-11-24T11:40:15.179500,BLOCKED,saved_finish_absent_start_plus_max_time_only_inferred,passed
2d926d4eb7e01e16a8711b98517a69eb98a53b811df5c65db36da584f9f40a90,ES14,ES14C8,57,11/25/2014,11:30 AM,3:00 PM,1124,5,5,0,0,5,true,"[0,1,2,3,4]",0,2014-11-25T19:23:29.061600,BLOCKED,saved_finish_absent_start_plus_max_time_only_inferred,passed
2d926d4eb7e01e16a8711b98517a69eb98a53b811df5c65db36da584f9f40a90,ES14,ES14C8,58,11/26/2014,7:15 PM,10:45 AM,1140.5,5,5,0,0,5,true,"[0,1,2,3,4]",0,2014-11-26T14:19:30.279500,BLOCKED,saved_finish_absent_start_plus_max_time_only_inferred,passed
2d926d4eb7e01e16a8711b98517a69eb98a53b811df5c65db36da584f9f40a90,ES14,ES14C8,59,12/1/2014,2:15 PM,10:45 AM,1257,5,5,0,0,5,true,"[0,1,2,3,4]",0,2014-12-01T13:30:31.906500,BLOCKED,saved_finish_absent_start_plus_max_time_only_inferred,passed
2d926d4eb7e01e16a8711b98517a69eb98a53b811df5c65db36da584f9f40a90,ES14,ES14C8,60,12/1/2014,1:20 PM,2:20 PM,1258,5,5,0,0,5,true,"[0,1,2,3,4]",0,2014-12-01T16:45:55.201500,BLOCKED,saved_finish_absent_start_plus_max_time_only_inferred,passed
2d926d4eb7e01e16a8711b98517a69eb98a53b811df5c65db36da584f9f40a90,ES14,ES14C8,61,12/3/2014,5:30 PM,10:30 AM,1299,5,5,0,0,5,true,"[0,1,2,3,4]",0,2014-12-03T12:58:13.908600,BLOCKED,saved_finish_absent_start_plus_max_time_only_inferred,passed
2d926d4eb7e01e16a8711b98517a69eb98a53b811df5c65db36da584f9f40a90,ES14,ES14C8,62,12/3/2014,1:15 PM,2:45 PM,1300.5,5,5,0,0,5,false,"[0,1,2,4,3]",0,2014-12-03T16:42:00.466500,BLOCKED,saved_finish_absent_start_plus_max_time_only_inferred,passed
2d926d4eb7e01e16a8711b98517a69eb98a53b811df5c65db36da584f9f40a90,ES14,ES14C8,63,12/4/2014,4:30 PM,9:30 AM,1317.5,5,5,0,0,5,true,"[0,1,2,3,4]",0,2014-12-04T11:56:06.192600,BLOCKED,saved_finish_absent_start_plus_max_time_only_inferred,passed
2d926d4eb7e01e16a8711b98517a69eb98a53b811df5c65db36da584f9f40a90,ES14,ES14C8,64,12/5/2014,11:45 AM,10:15 AM,1341,5,5,0,0,5,true,"[0,1,2,3,4]",0,2014-12-05T14:36:55.040500,BLOCKED,saved_finish_absent_start_plus_max_time_only_inferred,passed
2d926d4eb7e01e16a8711b98517a69eb98a53b811df5c65db36da584f9f40a90,ES14,ES14C8,65,12/8/2014,2:25 PM,9:25 AM,1408,5,5,0,0,5,true,"[0,1,2,3,4]",0,2014-12-08T13:13:25.444500,BLOCKED,saved_finish_absent_start_plus_max_time_only_inferred,passed
2d926d4eb7e01e16a8711b98517a69eb98a53b811df5c65db36da584f9f40a90,ES14,ES14C8,66,12/10/2014,1:15 PM,1:45 PM,1456.5,5,5,0,0,5,true,"[0,1,2,3,4]",0,2014-12-10T16:15:10.183600,BLOCKED,saved_finish_absent_start_plus_max_time_only_inferred,passed
2d926d4eb7e01e16a8711b98517a69eb98a53b811df5c65db36da584f9f40a90,ES14,ES14C8,67,12/16/2014,4:05 PM,9:35 AM,1594,5,5,0,0,5,true,"[0,1,2,3,4]",0,2014-12-16T12:07:38.333600,BLOCKED,saved_finish_absent_start_plus_max_time_only_inferred,passed
2d926d4eb7e01e16a8711b98517a69eb98a53b811df5c65db36da584f9f40a90,ES14,ES14C8,68,2/17/2015,3:00 PM,4:30 PM,3063,5,5,0,0,5,true,"[0,1,2,3,4]",0,2015-02-17T16:40:23.394600,BLOCKED,saved_finish_absent_start_plus_max_time_only_inferred,passed
2d926d4eb7e01e16a8711b98517a69eb98a53b811df5c65db36da584f9f40a90,ES14,ES14C8,69,04/20/2015,3:30 PM,6:30 PM,4551,10,5,0,5,5,true,"[1,3,5,7,9]",0,2015-04-20T18:22:33.387600,BLOCKED,saved_finish_absent_start_plus_max_time_only_inferred,passed
2d926d4eb7e01e16a8711b98517a69eb98a53b811df5c65db36da584f9f40a90,ES14,ES14C8,70,04/28/2015,11:30 AM,2:00 PM,4748,10,5,0,5,5,true,"[1,3,5,7,9]",0,2015-04-28T13:54:06.455500,BLOCKED,saved_finish_absent_start_plus_max_time_only_inferred,passed
2d926d4eb7e01e16a8711b98517a69eb98a53b811df5c65db36da584f9f40a90,ES14,ES14C8,71,05/04/2015,1:30 PM,4:30 PM,4891.5,10,5,0,5,5,true,"[1,3,5,7,9]",0,2015-05-04T16:15:07.176500,BLOCKED,saved_finish_absent_start_plus_max_time_only_inferred,passed
2d926d4eb7e01e16a8711b98517a69eb98a53b811df5c65db36da584f9f40a90,ES14,ES14C8,72,05/13/2015,2:00 PM,2:00 PM,5105.5,10,5,0,5,5,true,"[1,3,5,7,9]",0,2015-05-13T16:14:52.333600,BLOCKED,saved_finish_absent_start_plus_max_time_only_inferred,passed
